COGID	AchangLongchuan	Atsi	Bola	Lashi	Maru	OldBurmese	ProtoBurmish	Rangoon	Xiandao
665-1	ŋ ɔ ⁵⁵								
495-1	n au ³⁵								
838-1	l ɔ ⁵⁵								
438-1	ȵ ɔ a ʔ								
334-1	l ɔ ʔ ⁵⁵								
360-1	l ə ³¹								
394-1	ȵ i ³¹								
221-1	ʐ m p ⁵⁵								
202-1	k au ³¹								
935-1	o ³¹								
93-1	l ə ŋ								
7-1	p a n ³¹								
664-1	o w a ⁵⁵								
246-1	x ɔ ʔ ⁵⁵								
547-1	s ə k ⁵⁵								
555-1	i n m ⁵⁵								
464-1	m au ³¹								
119-1	tɕ ə ŋ ⁵⁵								
835-1	n ɔ p ⁵⁵								
79-1	t o ³¹								
693-1	ŋ au ⁵⁵								
477-1	n a p								
891-1	t ə ŋ ³⁵								
528-1	k o ⁵⁵								
797-1	x ʐ o ʔ ⁵⁵								
493-1	n ə ʔ ⁵⁵								
217-1	ʐ a p ⁵⁵								
896-1	tsʰ u t ⁵⁵								
452-1	ȵ ʐ o ʔ ⁵⁵								
580-1	s ɔ t ⁵⁵								
833-1	n ɔ ⁵⁵								
390-1	m w ŋ ³¹								
696-1	ŋ ⁵⁵ ⁵⁵								
86-1	t ə ŋ ⁵⁵								
384-1	m a n ³⁵								
61-1	t a m ⁵⁵								
536-1	s ɔ ʔ ⁵⁵								
731-1	ʂ i ³¹								
779-1	a ⁵⁵								
589-1	t w ŋ ⁵⁵								
658-1	o a m ⁵⁵								
456-1	ȵ a w a ŋ								
183-1	k ʐ ə								
785-1	x ɔ ³¹								
714-1	o ⁵⁵								
331-1	l w ³¹								
930-1	ŋ ɔ p ⁵⁵								
161-1	k ɔ m ⁵⁵								
814-1	x ui ³¹								
179-1	k ʐ w ʔ ⁵⁵								
194-1	ʐ ɔ ʔ ⁵⁵								
727-1	ʂ w a ⁵⁵								
260-1	x ʐ a p ⁵⁵								
144-1	k a m ⁵⁵								
53-1	p a m ⁵⁵								
59-1	t ɔ ʔ ⁵⁵								
506-1	tɕ a ʔ ⁵⁵								
29-1	p ə ʔ								
316-1	t ɔ ʔ ⁵⁵								
389-1	m ʐ w a ⁵⁵								
118-1	m ɔ a								
312-1	x o ³¹								
490-1	n i ³⁵								
436-1	ȵ ʐ ɔ ³¹								
927-1	ŋ a m ⁵⁵								
383-1	m ɔ ʔ ⁵⁵								
211-1	a m m ⁵⁵								
873-1	s ə ŋ ⁵⁵								
877-1	ʂ a ³⁵								
344-1	l a m ⁵⁵								
666-1	ŋ ɔ ³¹								
595-1	t w a								
660-1	o o p ⁵⁵								
642-1	x w a ³⁵								
257-1	x ʐ m m ⁵⁵								
167-1	k ʐ w ³¹								
880-1	t ɔ p ⁵⁵								
484-1	n w a ⁵⁵								
574-1	s u m ³¹								
718-1	ʂ e n ³¹								
811-1	x au ³¹								
458-1	t ə ŋ ³¹								
884-1	t ə ³⁵								
205-1	k u ʔ ⁵⁵								
499-1	n a ⁵⁵								
706-1	ʂ ɔ ⁵⁵								
920-1	ə ŋ ³¹								
36-1	p a w a ⁵⁵								
12-1	p i ⁵⁵								
350-1	l ə ŋ ³⁵								
4-1	p a n ⁵⁵								
342-1	l o ʔ ³¹								
280-1	x i ⁵⁵								
612-1	t ə ŋ ³¹								
459-1	m ʐ ə ŋ ⁵⁵								
569-1	s ui ³¹								
283-1	x ʐ u ³⁵								
148-1	k e n ³¹								
652-1	o ⁵⁵ ⁵⁵								
220-1	a w ŋ ³¹								
562-1	ʂ ə ŋ ³¹								
31-1	p ʐ ɔ ⁵⁵								
386-1	m a ⁵⁵								
804-1	x ʐ ə ŋ ³¹								
369-1	l ə ʔ ³¹								
125-1	t au ³¹								
314-1	x ʐ w								
823-1	l a p ⁵⁵								
471-1	n a m ³¹								
40-1	p ʐ ə ŋ ³⁵								
393-1	m w a ³⁵								
272-1	x ʐ w ŋ ³⁵								
463-1	m au ⁵⁵								
1-1	p ɔ ⁵⁵								
214-1	a m ³¹ ³¹								
123-1	t o ⁵⁵								
512-1	tɕ ʐ a k								
518-1	tɕ ʐ o ⁵⁵								
878-1	t ɔ ³¹								
849-1	tɕ a t ⁵⁵								
524-1	p u ʔ ⁵⁵								
90-1	t ɔ ⁵⁵								
541-1	s w n ³¹								
933-1	n au ³¹								
467-1	n ɔ ³¹								
49-1	p ʐ a								
822-1	l ɔ ʔ ⁵⁵								
52-1	p ɔ ⁵⁵ ⁵⁵								
377-1	l ə ŋ ³¹								
127-1	ʈʂ a p ⁵⁵								
67-1	t a t ⁵⁵								
864-1	p ʐ ³¹ ³¹								
126-1	ʈʂ w ⁵⁵								
656-1	o a m								
635-1	ʈʂ ɔ ʔ ⁵⁵								
473-1	n ɔ m ⁵⁵								
98-1	ʂ ɔ ³¹								
445-1	ȵ ʐ au ⁵⁵								
379-1	l u m ⁵⁵								
665-2		ŋ o ⁵¹							
495-2		n ui ⁵⁵							
838-2		l o ⁵¹							
438-2		m o o ʔ							
334-2		l o ʔ ²¹							
360-2		l i ²¹							
394-2		m j i ²¹							
221-2		j u p ⁵⁵							
202-2		k j ²¹							
935-2		a ²¹ ²¹							
93-2		ts o ŋ							
7-2		p a n ²¹							
664-2		a a ŋ ⁵¹							
246-2		k o ʔ ⁵⁵							
547-2		k a k ⁵⁵							
555-2		j m ⁵¹ ⁵¹							
464-2		m u̱i ²¹							
119-2		k i ŋ ²¹							
835-2		n a̱ p ⁵⁵							
79-2		k u ²¹ ²¹							
693-2		ŋ j ui							
477-2		n o ʔ ⁵⁵							
891-2		ts i ŋ ⁵⁵							
528-2		j u ⁵¹							
797-2		k j u ʔ ⁵⁵							
493-2		n a k ²¹							
217-2		j a̱ p ⁵⁵							
896-2		ts a̱ t ⁵⁵							
452-2		m j u k ⁵⁵							
580-2		s o ʔ ⁵⁵							
833-2		n a̱ ⁵¹							
390-2		m a ŋ ²¹							
696-2		ŋ l ⁵¹							
86-2		ts u ŋ ⁵¹							
384-2		m a ⁵⁵ ⁵⁵							
61-2		ts a m ⁵¹							
536-2		x o ʔ ⁵⁵							
731-2		p i ²¹							
779-2		a o ⁵¹							
589-2		tʰ a ŋ ⁵¹							
680-2		ŋ o ʔ ⁵⁵							
658-2		o a m ⁵¹							
456-2		m j a ŋ ²¹							
183-2		k j i ²¹							
785-2		kʰ o ⁵⁵							
714-2		a ⁵¹							
331-2		l o ⁵⁵							
206-2		j o ⁵¹							
930-2		ŋ a̱ p ⁵⁵							
353-2		l i ⁵¹							
161-2		k a ŋ ⁵¹							
814-2		kʰ e ²¹							
179-2		k j o ʔ ²¹							
194-2		j o ʔ ⁵⁵							
727-2		p a ŋ ⁵¹							
260-2		kʰ j e p ⁵⁵							
144-2		k a m ⁵¹							
53-2		p a m ⁵¹							
59-2		ts o ʔ ²¹							
506-2		pʰ a k ⁵⁵							
29-2		p i k ²¹							
316-2		tʰ o ʔ ⁵⁵							
389-2		m j a ŋ ⁵¹							
118-2		m o ⁵⁵							
312-2		kʰ e ²¹							
490-2		n a ⁵⁵							
436-2		m e o ²¹							
927-2		n a n ⁵¹							
383-2		m o ʔ ²¹							
211-2		j a m ⁵¹							
873-2		x i ŋ ⁵¹							
371-2		l i ŋ ²¹							
877-2		s e ⁵⁵							
344-2		l a m ⁵¹							
666-2		ŋ o ²¹							
595-2		tʰ a ŋ ⁵⁵							
660-2		kʰ ʔ ʔ ⁵⁵							
642-2		pʰ a ŋ ⁵⁵							
257-2		kʰ j a m ⁵¹							
167-2		k j o ²¹							
880-2		ts a̱ p ⁵⁵							
337-2		k o ⁵¹							
484-2		n a ŋ ⁵¹							
574-2		ts i m ²¹							
718-2		p a n ²¹							
811-2		kʰ ui ²¹							
458-2		tʰ au ŋ ²¹							
884-2		p i ⁵⁵							
205-2		k j ʔ ²¹							
499-2		n e ⁵¹							
706-2		k o ⁵¹							
920-2		a ŋ ²¹ ²¹							
36-2		p j a ŋ							
12-2		p j ⁵¹							
350-2		l a̱ ŋ ⁵⁵							
4-2		p a n ⁵¹							
342-2		j u k ²¹							
280-2		kʰ j i ²¹							
638-2		kʰ o ʔ ⁵⁵							
729-2		p i ²¹							
72-2		ts a ŋ ²¹							
612-2		tʰ a ŋ ²¹							
459-2		m j i ŋ ⁵¹							
569-2		ts i ²¹							
283-2		kʰ j ui ²¹							
501-2		p o ⁵⁵							
652-2		n e ⁵¹							
220-2		j a ŋ ²¹							
233-2		j u̱i ʔ ²¹							
562-2		s i ŋ ²¹							
31-2		p j o ʔ							
386-2		m a ʔ ²¹							
684-2		ŋ j o ʔ ⁵⁵							
804-2		kʰ j i ŋ ⁵⁵							
618-2		ts u ²¹							
565-2		k u ⁵⁵							
468-2		n o ʔ ²¹							
369-2		l i k ²¹							
314-2		kʰ j o ⁵¹							
776-2		tʰ j k ⁵⁵							
170-2		k j o ⁵⁵							
823-2		l a̱ p ⁵⁵							
471-2		n a m ²¹							
249-2		kʰ a m ⁵¹							
367-2		l i̱ ²¹							
414-2		m j ⁵⁵							
503-2		p i ²¹							
40-2		p j i ŋ ⁵⁵							
647-2		tsʰ i ⁵¹							
105-2		ts i ²¹							
141-2		k e ²¹							
272-2		kʰ j a ŋ ²¹							
463-2		m j ui							
1-2		p o ⁵¹							
349-2		l a̱ ŋ ²¹							
214-2		j a m ²¹							
841-2		n a̱ t ⁵⁵							
123-2		ts u ⁵¹							
646-2		ts i ⁵⁵							
433-2		m a ŋ ⁵¹ ⁵¹							
512-2		p j i k ⁵⁵							
518-2		p j u ⁵¹							
878-2		ts o ⁵⁵							
849-2		p a t ⁵⁵							
524-2		pʰ j k ⁵⁵							
90-2		k o ⁵⁵							
541-2		s a̱ n ²¹							
933-2		kʰ j ²¹ ²¹							
164-2		k a ŋ ²¹							
686-2		ŋ j a̱ p ⁵⁵							
467-2		n o ²¹							
201-2		k j u k ²¹							
784-2		j i k ⁵⁵							
487-2		n e ⁵¹							
504-2		pʰ o ʔ ⁵⁵							
49-2		p j ⁵¹							
822-2		l o ʔ ⁵⁵							
52-2		p o ⁵¹							
281-2		kʰ j ui ⁵¹							
46-2		p j o ⁵¹							
377-2		l j m ²¹							
127-2		tʃ a p ⁵⁵							
67-2		ts a̱ p ⁵⁵							
192-2		k j o ʔ ⁵⁵							
864-2		p j e ²¹							
126-2		tʃ o ʔ ⁵⁵							
546-2		x a ŋ ⁵¹							
635-2		tʃ a̱ ⁵⁵							
473-2		n a̱ m ⁵¹							
3-2		p o ⁵⁵							
98-2		tsʰ o ⁵⁵							
445-2		m j ui ⁵¹							
608-2		tsʰ a m ⁵¹							
210-2		j o ʔ ⁵⁵							
140-2		k j i ⁵¹							
868-2		x o ⁵⁵							
520-2		p j u ⁵¹							
166-2		k j k							
48-2		p j i ŋ ⁵¹							
270-2		kʰ j a ŋ ⁵¹							
379-2		l o ⁵⁵ ²¹							
55-2		p i p ⁵⁵							
665-3			ŋ a ⁵⁵						
495-3			n u ³⁵						
838-3			n a ⁵⁵						
438-3			m j a ʔ ³¹						
334-3			l a ʔ ⁵⁵						
360-3			l a ³¹						
394-3			m j ³¹						
221-3			j a p ⁵⁵						
202-3			k au ³¹						
935-3			v ³¹						
93-3			t a ³¹						
7-3			p a n ³¹						
664-3			v ɔ̃ ⁵⁵						
246-3			k a ʔ ⁵⁵						
547-3			s a k ⁵⁵						
555-3			j m ⁵⁵						
464-3			m u ³¹						
119-3			t a ŋ ⁵⁵						
835-3			n ɛ̱ ʔ ⁵⁵						
79-3			t au ³¹						
693-3			ŋ u ⁵⁵						
477-3			n j ʔ ⁵⁵						
891-3			t a ŋ ³⁵						
528-3			l a ⁵⁵						
797-3			k j a k ⁵⁵						
493-3			n a k ⁵⁵						
217-3			j ɛ̱ ʔ ⁵⁵						
896-3			n a t ⁵⁵						
452-3			m j a k						
580-3			n a ʔ ⁵⁵						
833-3			n a̱ ⁵⁵						
390-3			m ɔ̃ ŋ ³¹						
696-3			ŋ a ⁵⁵						
86-3			t u ŋ ⁵⁵						
384-3			m ɛ̃ n ³⁵						
61-3			t ɛ̃ ⁵⁵						
536-3			n a ʔ ⁵⁵						
779-3			n ⁵⁵ ⁵⁵						
589-3			tʰ a ⁵⁵						
680-3			ŋ a̱ ʔ ⁵⁵						
456-3			m j ɔ̃ ŋ ³¹						
183-3			k j i ³¹						
785-3			kʰ a ³¹						
331-3			l a ³¹						
206-3			j a ⁵⁵						
930-3			ŋ a ʔ ⁵⁵						
353-3			l a ⁵⁵						
161-3			k ɔ̃ ⁵⁵						
179-3			k j a ʔ ⁵⁵						
194-3			j a ʔ ⁵⁵						
727-3			ʃ ɔ̃ ⁵⁵						
260-3			kʰ j ɛ ʔ ⁵⁵						
144-3			k ɛ̃ ⁵⁵						
53-3			p a m ⁵⁵						
59-3			t a ʔ ⁵⁵						
506-3			pʰ a k ⁵⁵						
29-3			p a k ⁵⁵						
316-3			tʰ a ʔ ⁵⁵						
312-3			kʰ ai ³¹						
436-3			m j a ³¹						
927-3			ŋ a̱ n ⁵⁵						
383-3			m a ʔ ⁵⁵						
211-3			j ɛ̃ ⁵⁵						
873-3			t a ŋ ⁵⁵						
371-3			l a ŋ ³¹						
877-3			s ɛ ³⁵						
344-3			l ɛ̃ ⁵⁵						
666-3			ŋ a ³¹						
595-3			tʰ ɔ̃ ⁵⁵						
660-3			v a ʔ ⁵⁵						
642-3			tʃ ɔ̃ ŋ ³⁵						
257-3			kʰ j ɛ̃ ⁵⁵						
167-3			k j a ³¹						
880-3			t ɛ̱ ʔ ⁵⁵						
337-3			v a ⁵⁵						
484-3			n ɔ̃ ⁵⁵						
574-3			s a m ³¹						
718-3			ʃ a n ³¹						
811-3			kʰ au ³¹						
458-3			tʰ a ŋ ³¹						
884-3			t a̱ ³⁵						
205-3			k a k ⁵⁵						
499-3			n ɛ ⁵⁵						
706-3			ʃ a ⁵⁵						
920-3			u ŋ ³¹						
36-3			p j ɔ̃ ⁵⁵						
12-3			p j ⁵⁵						
350-3			l a ⁵⁵ ³⁵						
4-3			p a n ⁵⁵						
342-3			j a k ⁵⁵						
638-3			tʃʰ ɛ ʔ ⁵⁵						
729-3			ʃ i̱ ⁵⁵						
72-3			t ɔ̃ ³¹						
283-3			kʰ j u ³⁵						
501-3			p a ³⁵						
148-3			k a i ³¹						
220-3			j ɔ̃ ŋ ³¹						
233-3			j a k ³¹						
31-3			p j a ʔ ⁵⁵						
386-3			m a ʔ ³¹						
684-3			ŋ j a ʔ ³¹						
804-3			kʰ j a ŋ ³¹						
618-3			m u ³¹						
565-3			n a ³¹						
468-3			n a ʔ ⁵⁵						
369-3			l a k ⁵⁵						
776-3			ʃ a k ⁵⁵						
170-3			k j a ³⁵						
823-3			l ɔ̱̃ p ⁵⁵						
249-3			kʰ a ⁵⁵						
414-3			m i̱ ³⁵						
647-3			n i̱ ⁵⁵						
105-3			tʃ i ³¹						
393-3			m a ŋ						
141-3			k ai ⁵⁵						
272-3			kʰ j ɔ̃ ŋ ³⁵						
463-3			m u ⁵⁵						
1-3			p a ⁵⁵						
349-3			l ɔ̃ ⁵⁵						
214-3			j ɛ̃ ⁵⁵						
841-3			n ɔ̱̃ t ⁵⁵						
646-3			tʃʰ i ³¹						
433-3			m a ŋ ⁵⁵						
512-3			pʰ j a k ⁵⁵						
878-3			t a̱ ³¹						
524-3			pʰ a k ⁵⁵						
668-3			ŋ ai ⁵⁵						
164-3			k ɔ̃ ⁵⁵						
686-3			ŋ j a ʔ ⁵⁵						
201-3			k j a k ³¹						
784-3			j a̱ k ⁵⁵						
487-3			n a̱i ⁵⁵						
504-3			pʰ a ʔ ⁵⁵						
49-3			p a̱ ⁵⁵						
822-3			l a̱ ʔ ⁵⁵						
52-3			p a ⁵⁵						
281-3			kʰ j u ⁵⁵						
46-3			p j a ⁵⁵						
127-3			tʃ ɛ ʔ ⁵⁵						
192-3			k j a ʔ ⁵⁵						
126-3			tʃ a ʔ ⁵⁵						
656-3			v ɛ̃ ³⁵						
546-3			s ɔ̃ ⁵⁵						
473-3			n ɛ̃ ⁵⁵						
3-3			p a ³⁵						
608-3			tʃ ɛ̃ ⁵⁵						
210-3			j a ʔ ³¹						
868-3			x a ³¹						
166-3			k a k ³¹						
48-3			p j a ŋ ⁵⁵						
270-3			kʰ j ɔ̃ ⁵⁵						
379-3			l a ³⁵						
55-3			p a p ⁵⁵						
665-4				ŋ ɔː ³³					
495-4				n ou ⁵⁵					
838-4				l ɔː ³³ ³¹					
438-4				m j ɔ ʔ ⁵⁵					
334-4				l ɔː ʔ ⁵⁵					
360-4				l ə̱ ⁵⁵					
394-4				m j ⁵⁵					
221-4				j t p ⁵⁵					
202-4				k ou ³³					
935-4				p ³³					
93-4				pʰ o ⁵⁵					
7-4				p aː n ⁵⁵					
664-4				ʃ a ŋ ³¹					
246-4				k a̱ː k ⁵⁵ ³¹					
547-4				ʃ ə k ⁵⁵					
555-4				j n m ³³					
464-4				m ou ³³					
119-4				t ə ŋ ³³					
835-4				n a̱ p ⁵⁵					
79-4				t ou ³³					
693-4				ŋ j aːu					
477-4				n ɔ ʔ ⁵⁵					
891-4				t ə ŋ ⁵⁵					
528-4				p uː ³³					
797-4				k j uː k ⁵⁵					
493-4				n a k ⁵⁵					
217-4				j i p ⁵⁵					
896-4				tsʰ a̱ː t ⁵⁵					
452-4				m j ⁵⁵ k ³³					
580-4				ŋ ɔ ʔ ⁵⁵					
833-4				n ɔ̱ː ³³					
390-4				m a ŋ					
696-4				ŋ ɔː ³³					
86-4				t ou ŋ ³³					
384-4				m a n ⁵⁵					
61-4				t aː ŋ ³³					
536-4				ŋ ɔ ʔ ⁵⁵					
731-4				tʃ o ⁵⁵					
779-4				ŋ ³³ ³³					
589-4				t aː ŋ ³¹					
680-4				ŋ ɔ ʔ ⁵⁵					
658-4				ŋ aː p ³¹					
456-4				m j a ŋ ³³					
183-4				k j ⁵⁵					
785-4				kʰ o ⁵⁵					
714-4				p ³³ ³³					
331-4				l ɔː ⁵⁵					
206-4				j ɔː ³³					
930-4				ŋ ɔ p ⁵⁵					
353-4				l ə̱ ³¹					
161-4				k aː ŋ ³¹					
814-4				k ɛː ⁵⁵					
179-4				k j ɔː ⁵⁵					
194-4				j ɔ ʔ ⁵⁵					
727-4				tsʰ a ŋ ³³					
260-4				kʰ j aː p ⁵⁵					
144-4				k a̱ m ³³					
53-4				p ə m ³³					
59-4				t ɔ ʔ ⁵⁵					
506-4				pʰ aː k ⁵⁵					
29-4				p ə̱ː k ³¹					
316-4				t ɔː p ⁵⁵					
389-4				m j a ŋ ³¹					
118-4				m ɔː ⁵⁵					
312-4				kʰ ɛː ⁵⁵					
490-4				n j ⁵⁵					
436-4				m j o ⁵⁵					
927-4				ŋ ɔ n ³¹					
383-4				m ɔ ʔ ⁵⁵					
211-4				j aː m ³¹					
873-4				ʃ ə ŋ ³³					
371-4				l ə ŋ ³³					
877-4				ʃ ɛː ⁵³					
344-4				l aː m ³¹					
666-4				ŋ o ⁵⁵					
595-4				pʰ aː ŋ					
660-4				kʰ p p ⁵⁵					
642-4				pʰ a ŋ					
257-4				kʰ j aː m ³³					
167-4				k j ɔː ³³					
880-4				t a̱ p ⁵⁵					
337-4				tsʰ ɔː ³³					
484-4				n a ŋ ³¹					
574-4				tʃ u a̱ ³³					
718-4				p aː n ⁵⁵					
811-4				kʰ ou ³³					
458-4				t u ŋ ⁵⁵					
884-4				t ə̱ː ⁵⁵					
499-4				n i ³¹					
706-4				ʃ ɔː ³³					
920-4				tʃ ŋ ⁵⁵					
36-4				p j aː ŋ ³³					
12-4				p j ³¹					
350-4				l a ŋ ⁵⁵					
4-4				p a̱ n ³¹					
342-4				p uː k ³¹					
280-4				k j aːu					
638-4				tʃ i p ⁵⁵					
729-4				tʃ ə̱ː ⁵⁵					
72-4				t aː ŋ ³¹					
612-4				t a ŋ ³¹					
459-4				m j ə ŋ ³³					
569-4				ts aːu ³³					
283-4				kʰ j o̱u ⁵⁵					
501-4				p ɔ̱ː ⁵⁵					
148-4				k ɔ n ⁵⁵					
220-4				j aː ŋ ³³					
233-4				j o̱u k ⁵⁵					
562-4				ʃ əː ŋ ⁵⁵					
386-4				m a t ⁵⁵					
684-4				ŋ j ɔː ⁵⁵ ³¹					
804-4				kʰ j uː ŋ ³³					
618-4				tsʰ ou ³³					
565-4				ʃ ou ⁵⁵					
468-4				n ɔ ʔ ⁵⁵					
369-4				l ə̱ k ³¹					
125-4				t ou ⁵⁵					
314-4				kʰ j ɔː ³³					
776-4				p j k ⁵⁵					
170-4				k j ɔː ⁵⁵					
823-4				l a̱ p ⁵⁵					
471-4				n aː m ³¹					
249-4				kʰ aː p ³³					
367-4				l ə̱ ⁵⁵					
414-4				m a ŋ					
503-4				p ɔ̱ː ⁵⁵					
40-4				p j ə ŋ ⁵⁵					
647-4				ts o ³³					
105-4				ts o ³³					
393-4				m a ŋ					
141-4				k ɛː ⁵⁵					
272-4				kʰ j aː ŋ ⁵⁵					
463-4				m j aːu					
1-4				p ɔ̱ː ³³					
349-4				l a ŋ ³¹					
214-4				j aː m ³¹					
841-4				n a t ⁵⁵					
123-4				t ou t					
646-4				p o ⁵⁵					
433-4				m ə ŋ ³³					
512-4				pʰ j t k ⁵⁵					
518-4				pʰ j uː ³³					
878-4				t ɔ̱ː ³³					
849-4				p aː t ⁵⁵					
524-4				pʰ j k ⁵⁵					
90-4				t ɔ̱ː ⁵⁵					
541-4				ʃ a̱ n ⁵⁵					
933-4				ŋ j ³³					
668-4				ŋ ɛ̱ː ³¹					
164-4				k a ŋ					
686-4				ŋ j aː p ⁵⁵					
467-4				n o ³³					
201-4				k j uː k ⁵⁵					
784-4				j ə̱ː k ⁵⁵					
487-4				n ɛ̱ː ³¹					
504-4				pʰ ɔ ʔ ⁵⁵					
49-4				p ou ³¹					
822-4				l ɔː k ⁵⁵					
52-4				p ɔ ʔ					
281-4				kʰ j aːu ³¹					
46-4				p j ɔː ³³					
377-4				l a a̱ ³³					
127-4				tʃ a̱ p ⁵⁵					
67-4				t a̱ t ⁵⁵					
192-4				k j o̱ ʔ ⁵⁵					
126-4				tʃ ɔ ʔ ⁵⁵					
656-4				ŋ aː ⁵⁵					
546-4				ʃ aː ŋ ³³					
635-4				tsʰ ɔː p ⁵⁵					
473-4				n a̱ m ³³					
3-4				p ə ⁵⁵					
98-4				tsʰ o ⁵⁵					
608-4				tsʰ aː p ³¹					
210-4				j ɔ ʔ ⁵⁵					
140-4				k j aːu ³¹					
868-4				ʃ o ⁵⁵					
520-4				p j u ³³					
48-4				p j əː ŋ ³³					
270-4				kʰ j aː ŋ ³³					
379-4				l u ⁵⁵					
665-5					ŋ ɔ ³¹				
495-5					n u k				
838-5					n ɔ k ³¹				
438-5					m ɔ ɔ ʔ ³¹				
334-5					l ɔ ʔ ³¹				
360-5					l a ³⁵				
394-5					m j i				
221-5					j ɛ ʔ ⁵⁵				
202-5					k u k				
935-5					v ³⁵				
93-5					ts ɔ ³⁵ ⁵⁵				
7-5					p ɛ̃ n ³⁵				
664-5					v ɔ̃ ³¹				
246-5					k ɔ ʔ ³¹				
547-5					s a k ⁵⁵				
555-5					j ³¹				
464-5					m u̱ k				
119-5					ts a ŋ ⁵⁵				
835-5					n ɛ̱ ʔ ⁵⁵				
79-5					t u ³⁵				
693-5					ŋ u k				
477-5					n ɛ ʔ ⁵⁵				
891-5					t a ŋ ⁵⁵				
528-5					j u ³¹				
797-5					k j au ʔ ⁵⁵				
493-5					n a k ³¹				
217-5					j ɛ ʔ ³¹				
896-5					ts u t ⁵⁵				
452-5					m j au k ³¹				
580-5					s ɔ ʔ ⁵⁵				
833-5					n ɔ ³¹				
390-5					m ɔ̃ ³⁵				
696-5					ŋ ɔ ³¹				
86-5					t a ŋ ³¹				
384-5					m ɛ̃ n ⁵⁵				
61-5					t ɛ̃ ³¹				
536-5					s ɔ ʔ ⁵⁵				
731-5					ʃ ai ³⁵				
779-5					ɛ̃ ³¹				
589-5					tʰ ɔ̃ ³¹				
680-5					ŋ ɔ ʔ ⁵⁵				
658-5					v ɛ̃ ³¹				
456-5					m j ɔ̃ ³¹				
785-5					kʰ ɔ ³⁵				
714-5					ɛ̃ ³¹				
331-5					l ɔ ³⁵				
206-5					j ɔ ³¹				
930-5					ŋ ɛ̱ ʔ ⁵⁵				
353-5					l a̱ k				
161-5					k ɔ̃ ³¹				
814-5					kʰ u ³⁵				
194-5					j ɔ ʔ ³¹				
727-5					ʃ ɔ̃ ³¹				
260-5					kʰ j ɛ ʔ ⁵⁵				
144-5					k ɛ̃ ³¹				
53-5					p a m ³¹				
59-5					t ɔ ʔ ³¹				
506-5					pʰ a k ⁵⁵				
29-5					p a k ³¹				
316-5					tʰ ɔ ʔ ³¹				
389-5					m j ɔ̃ ³¹				
118-5					m ɔ ⁵⁵				
312-5					kʰ u ³⁵				
490-5					n a k ⁵⁵				
436-5					m j ɔ ³⁵				
927-5					ŋ ɛ̃ n				
383-5					m ɔ ʔ ³¹				
211-5					j ɛ̃ ³¹				
873-5					x a ŋ ³¹				
371-5					l a ŋ ³⁵				
877-5					s ɛ ⁵⁵				
344-5					l ɛ̃ ³¹				
595-5					tʰ ɔ̃ ³¹				
660-5					v ɛ ʔ ³¹				
642-5					tʃ ɔ̃ ŋ ⁵⁵				
257-5					kʰ j ɛ̃ ³¹				
167-5					k j ɔ ³⁵				
880-5					t ɛ̱ ʔ ⁵⁵				
337-5					v ɔ ³¹				
484-5					n ɔ̃ ³¹				
718-5					ʃ a n ³⁵				
458-5					tʰ u ŋ ³⁵				
884-5					t a̱ ⁵⁵				
205-5					k au k ⁵⁵				
499-5					n ɛ ³¹				
706-5					ʃ ɔ ³¹				
920-5					a ŋ ³⁵				
36-5					p j ɔ̃ ³¹				
12-5					p j ³¹				
350-5					l ɔ̃ ³¹ ⁵⁵				
4-5					p ɛ̃ n				
342-5					j u k ³¹				
280-5					k j i				
638-5					tsʰ ɛ ʔ ⁵⁵				
729-5					ʃ a k				
72-5					t a ³¹				
612-5					tʰ ɔ̃ ³¹				
459-5					m j a ŋ ³¹				
569-5					s ui ³⁵				
148-5					k ɔ ʔ ³⁵				
652-5					v u ³¹				
220-5					j ɔ̃ ŋ ³⁵				
233-5					j u ʔ ³¹				
562-5					s a ŋ ³⁵				
31-5					p j ɔ ʔ ³¹				
386-5					m ɛ ʔ ³¹				
684-5					ŋ j ɔ ʔ ³¹				
618-5					tsʰ u ³⁵				
468-5					n ɔ ʔ ³¹				
369-5					l a k ³¹				
125-5					t a̱ ³⁵				
314-5					kʰ j ɔ ³¹				
776-5					ʃ u ʔ ⁵⁵				
823-5					l ɛ̱ ʔ ⁵⁵				
249-5					kʰ ɛ̃ ³¹				
367-5					l a̱ ³⁵				
503-5					p ɔ ³⁵				
40-5					p j a ŋ ⁵⁵				
393-5					m ɔ̃ ŋ				
141-5					k ɛ ³¹				
272-5					kʰ j ɔ̃ ŋ				
1-5					p ɔ ³¹				
349-5					l ɔ̃ ³¹ ³⁵				
214-5					j ɛ̃ ³¹				
841-5					n ɔ̱̃ t ⁵⁵				
123-5					t u ³¹				
646-5					tʃʰ a ³⁵				
433-5					m a ŋ ³¹				
512-5					pʰ j a k ⁵⁵				
518-5					pʰ j u ³¹				
878-5					t ɔ ³⁵				
524-5					pʰ au k ³¹				
90-5					t ɔ ⁵⁵				
541-5					s ɛ̃ n ³⁵				
668-5					ŋ ai ³¹				
164-5					k ɔ̃ ³¹				
686-5					ŋ j ɛ ʔ ³¹				
784-5					j a̱ k ⁵⁵				
504-5					pʰ ɔ ʔ ⁵⁵				
49-5					p j k				
822-5					l ɔ̱ ʔ ⁵⁵				
52-5					p ɔ ʔ ⁵⁵				
281-5					kʰ j u k				
127-5					tʃ ɛ ʔ ³¹				
192-5					k j ɔ ʔ ⁵⁵				
864-5					p j ɛ ³⁵				
126-5					tʃ ɔ ʔ ³¹				
656-5					v ɛ̃ ⁵⁵				
546-5					s ɔ̃ ³¹				
3-5					p ɔ ⁵⁵				
98-5					ʃ ɔ ³⁵				
445-5					m j u̱ k				
608-5					tsʰ ɛ̃ ³¹				
210-5					j ɔ ʔ ³¹				
140-5					k j i k				
868-5					x ɔ ³⁵				
520-5					p j u ³¹				
166-5					k a k ⁵⁵				
270-5					kʰ j ɔ̃ ³¹				
55-5					p a ʔ ³¹				
665-6						ɲ a			
495-6						n ui̯ ʔ			
838-6						n a k			
438-6						m a a k			
334-6						l a k			
360-6						l i ⁵			
394-6						m j i ⁵			
221-6						j a p			
202-6						k ui̯ ⁵			
935-6						w ⁵			
93-6						c a ⁵			
7-6						p a n ⁵			
664-6						w a ŋ			
246-6						kʰ a k			
547-6						s a k			
555-6						j i m			
464-6						m ui̯ ⁵			
119-6						c a ɲ			
835-6						n a p			
79-6						c ʊ ⁵			
693-6						ɲ ui̯			
477-6						n a p ⁵			
891-6						tʰ a ɲ ʔ			
528-6						r ʊ			
797-6						k r ɔ k			
493-6						n a k			
217-6						j a p			
896-6						tʃʰ u t			
452-6						m j ɔ k			
580-6						kʰ a k			
833-6						n a			
390-6						m a ŋ ⁵			
696-6						ɲ ui̯			
86-6						c a ɲ			
731-6						s ai ⁵			
680-6						ɲ a k			
658-6						w a m			
183-6						k r i ⁵			
714-6						a			
206-6						j a			
353-6						l i			
814-6						kʰ u ⁵			
179-6						k r a			
29-6						p i k			
389-6						m r a ŋ			
118-6						m a ʔ			
490-6						n a ʔ ⁵			
436-6						m j a ⁵			
383-6						m a k			
873-6						s a ɲ			
371-6						l a ɲ ⁵			
666-6						ɲ a ⁵			
337-6						w a			
484-6						n a ŋ			
574-6						s u m ⁵			
811-6						kʰ ui̯ ⁵			
205-6						k ɔ k			
350-6						l a ɲ ʔ			
569-6						s i ⁵			
501-6						pʰ a ʔ			
652-6						w ai			
565-6						s ʊ ʔ			
468-6						n a k			
125-6						c a ⁵			
170-6						k j a ʔ			
471-6						n a m			
367-6						l i ⁵			
414-6						m i ʔ			
503-6						pʰ a ⁵			
647-6						tʃʰ i			
105-6						c i ⁵			
463-6						m ui̯			
841-6						n a t			
123-6						c a			
433-6						m a ɲ			
849-6						p a t			
541-6						s a n ⁵			
933-6						ɲ ui̯ ⁵			
668-6						ɲ ai			
467-6						n a ⁵			
201-6						k j ɔ k			
377-6						l u ɲ ⁵			
192-6						kʰ j a k			
445-6						m j ui̯			
608-6						tʃʰ a m			
55-6						p a p			
665-7							ŋ a ¹		
495-7							ˀn u ³		
838-7							ˀn a ²		
438-7							m j a k ⁴		
334-7							l a k ⁴		
360-7							l i ²		
394-7							m j e ²		
221-7							j i p ⁴		
202-7							g u ²		
935-7							ʔ ²		
93-7							dz a ²		
7-7							b a n ²		
664-7							w a ŋ ¹		
246-7							ˀk a k ⁴		
547-7							s i k ⁴		
555-7							j i ¹ ¹		
464-7							m u ²		
119-7							dz i ŋ ¹		
835-7							ˀn a p ⁴		
79-7							d o ²		
693-7							ŋ u ¹		
477-7							n a p ⁴		
891-7							ˀt i ŋ ³		
528-7							r o ¹		
797-7							ˀk r u k ⁴		
493-7							n i k ⁴		
217-7							j a p ⁴		
896-7							ˀts u t ⁴		
452-7							m j u k ⁴		
580-7							ˀs a k ⁴		
833-7							ˀn a ¹		
390-7							m a ŋ ²		
696-7							ŋ u ¹		
86-7							d u ŋ ¹		
384-7							m a ŋ ³		
61-7							d a ŋ ¹		
536-7							s a k ⁴		
731-7							ʃ e ²		
779-7							ʔ a ¹		
589-7							t a ŋ ¹		
680-7							ˀŋ a k ⁴		
658-7							w a m ¹		
456-7							m j a ŋ		
183-7							g r e ²		
785-7							k a ²		
714-7							ʔ ¹		
331-7							l a ²		
206-7							j a ¹		
930-7							ˀŋ a p ⁴		
353-7							l i ¹		
161-7							g a ŋ ¹		
814-7							k ui ²		
179-7							g r a k ⁴		
194-7							r a k ⁴		
727-7							ʃ a ŋ ¹		
260-7							k j a p ⁴		
144-7							ˀk a m ¹		
53-7							b u m ¹		
59-7							d a k ⁴		
506-7							p i k ⁴		
29-7							b i k ⁴		
316-7							t a k ⁴		
389-7							m r a ŋ ¹		
118-7							m a ³		
312-7							k o ²		
490-7							n i ³ ⁴		
436-7							m j a ²		
927-7							ˀŋ a ŋ ¹		
383-7							m a k ⁴		
211-7							j a m ¹		
873-7							ˀr i ŋ ¹		
371-7							l i ŋ ²		
877-7							s ɛ ³		
344-7							l a m ¹		
666-7							ŋ a ²		
595-7							t a ŋ ¹		
660-7							w a p ⁴		
642-7							tʃ a ŋ ³		
257-7							k j a m ¹		
167-7							g j a ²		
880-7							ˀtʃ a p ⁴		
337-7							w a ¹		
484-7							n a ŋ ¹		
574-7							ˀs u m ²		
718-7							ʃ i n ²		
811-7							k u ²		
458-7							t u ŋ ²		
884-7							ˀt i ³		
205-7							g u k ⁴		
499-7							n ɛ ¹		
706-7							ʃ a ¹		
920-7							u ŋ ²		
36-7							b j a ŋ		
12-7							b j ¹		
350-7							l a ŋ ³		
4-7							b a m ¹		
342-7							r u k ⁴		
280-7							k j i ¹		
638-7							tʃ a p ⁴		
729-7							ʃ i ¹		
72-7							d a m ¹		
612-7							ˀt a ŋ ²		
459-7							m j i ŋ ¹		
569-7							ˀs ui ²		
283-7							k u u ³		
501-7							b a ³		
148-7							k a ŋ ²		
652-7							w ai ¹		
220-7							j a ŋ ²		
233-7							j u k ⁴		
562-7							s i ŋ ²		
31-7							b j a k ⁴		
386-7							m a p ⁴		
684-7							ŋ j a k ⁴		
804-7							k r u ŋ ³		
618-7							ˀts u ²		
565-7							s o ²		
369-7							l i k ⁴		
125-7							d u ²		
314-7							ˀk r a ²		
776-7							ʃ u k ⁴		
170-7							g j a ³		
823-7							ˀl a p ⁴		
471-7							n a m ¹		
249-7							k a m		
367-7							l i ²		
414-7							m i ² ³		
503-7							ˀp a ²		
40-7							b j i ŋ ³		
647-7							ts i ¹		
105-7							dʒ i ²		
393-7							m a ŋ ¹		
141-7							ˀk ai ¹		
272-7							k j a ŋ ³		
463-7							m u ¹		
1-7							b a ¹		
349-7							ˀl a ŋ ²		
214-7							j a m ²		
123-7							d u ¹ ¹		
646-7							tʃ e ²		
433-7							m i ŋ ¹		
518-7							p r u ¹		
878-7							ˀt a ²		
849-7							p a t ⁴		
524-7							p u k ⁴		
90-7							ˀt a ³		
541-7							s a n ²		
933-7							ɲ u ²		
668-7							ŋ ai ¹		
164-7							ˀk a ŋ		
686-7							ŋ j a p ⁴		
201-7							g j u k ⁴		
784-7							j i k ⁴		
487-7							n i ¹		
504-7							p a k ⁴		
52-7							b a k ⁴		
281-7							k j u ¹		
46-7							b j a ¹		
127-7							dʒ a p ⁴		
67-7							d a t ⁴		
192-7							ˀk j a k ⁴		
864-7							b j ² ²		
126-7							dʒ a k ⁴		
656-7							w a m		
546-7							s a ŋ ¹		
635-7							ts u k ⁴		
473-7							ˀn a m ¹		
3-7							b a ³		
98-7							ʃ a ²		
445-7							m j u ¹		
608-7							ts a m ¹		
210-7							j a k ⁴		
140-7							g j e ¹		
868-7							s a ²		
520-7							b j u ¹		
166-7							g i k ⁴		
48-7							b j i ŋ ¹		
270-7							k j a ŋ ¹		
55-7							b u p ⁴		
665-8								ŋ ɑ̃	
495-8								n o ⁵⁵	
838-8								sʰ ɑ ⁵⁵ ⁴	
438-8								p ĩ ⁵⁵ ʔ ⁴	
334-8								l ɑ ʔ ⁴	
360-8								l ɑ ⁵⁵	
394-8								n e ⁵⁵	
221-8								ɛ ɑ ʔ ⁴	
202-8								tɕ o	
935-8								tɕ ⁵⁵	
93-8								tɕʰ ɑ ⁵⁵	
7-8								p ĩ ²²	
664-8								tɕ ĩ ⁵⁵	
246-8								kʰ ɑ ʔ ⁴	
547-8								n ɛ ʔ ⁴	
555-8								ɛ ⁵⁵ ⁵⁵	
464-8								n o ⁵⁵	
119-8								tɕ ĩ ⁵⁵	
835-8								n ɑ ʔ ⁴	
79-8								tʰ ɑ ⁵⁵	
693-8								⁵⁵ ⁵⁵	
477-8								n ɛ ⁵⁵	
891-8								tɕʰ ẽ ⁵⁵	
528-8								p ɛ	
797-8								kʰ w ɛ ʔ ⁴	
493-8								n ɛ ⁵⁵	
217-8								tɕ õ ⁵⁵ ⁴	
896-8								sʰ ɑ ʔ ⁴	
452-8								p e ɛ ʔ ⁴	
580-8								tɕ ɑ ʔ ⁴	
833-8								n ɑ	
390-8								n ĩ ⁵⁵	
696-8								ŋ	
86-8								tɕʰ ẽ ⁵⁵	
384-8								n ĩ ²²	
61-8								tɕʰ ɛ ⁵⁵	
536-8								tɕ ɑ ⁵⁵ ⁴	
731-8								p ɛ ⁵⁵	
779-8								tɕ ⁵⁵	
589-8								tʰ ĩ ⁵⁵	
680-8								⁵⁵ ɑ ʔ ⁴	
658-8								n ɛ ⁵⁵	
456-8								p j ĩ ⁵⁵	
183-8								tɕ w ⁵⁵	
785-8								kʰ ɑ ⁵⁵	
714-8									
331-8								l ɑ ⁵⁵	
206-8								j ɑ ⁵⁵	
930-8								⁵⁵ ɑ ʔ ⁴	
353-8								l ɑ	
161-8								tɕ ĩ ⁵⁵	
814-8								kʰ ɛ ⁵⁵	
179-8								tɕ w ɛ ⁵⁵	
194-8								sʰ ɑ ⁵⁵	
727-8								tɕ ĩ ⁵⁵	
260-8								kʰ j õ ⁵⁵	
144-8								tɕ ɛ ⁵⁵	
53-8								p ẽ ²²	
59-8								tɕʰ ɑ ʔ	
506-8								p ɛ ⁵⁵	
316-8								tʰ ɑ ʔ ⁴	
389-8								tɕ w ĩ ⁵⁵	
118-8								n ɑ ⁵⁵	
312-8								kʰ ɛ ⁵⁵	
490-8								n ɛ ⁵⁵	
436-8								p ĩ ⁵⁵ ⁵⁵	
927-8								ŋ ɑ̃ ²²	
211-8								j ɛ ⁵⁵	
371-8								l ɛ ⁵⁵	
877-8								kʰ ɛ ⁵⁵	
344-8								l ɑ ⁵⁵	
666-8								ŋ ⁵⁵	
595-8								tʰ ĩ ⁵⁵	
660-8								tɕ ʔ ʔ ⁴	
642-8								tɕ ĩ ⁵⁵	
257-8								kʰ j ɛ ⁵⁵	
167-8								tɕ ĩ ɑ ⁵⁵	
880-8								tɕ ɑ ʔ ⁴	
337-8								sʰ ɑ	
574-8								tɕʰ ɑ ⁵⁵	
718-8								tɕ ɛ n	
811-8								kʰ o ⁵⁵	
458-8								tʰ o ⁵⁵ ⁵⁵	
884-8								tɕ ɑ ⁵⁵	
205-8								tɕ ɛ ʔ ⁴	
499-8								n ɛ	
706-8								ɕ ɑ ⁵⁵	
920-8								⁵⁵	
36-8								p j ĩ ⁵⁵	
12-8								p e	
280-8								kʰ e ⁵⁵	
638-8								sʰ ɑ ʔ ⁴	
729-8								p ɛ	
72-8								tɕ ĩ ⁵⁵	
612-8								tʰ ĩ ⁵⁵	
459-8								p e ɛ ⁵⁵	
283-8								kʰ w u	
501-8								p ɑ ⁵⁵	
148-8								tɕ ĩ ²²	
652-8								ɬ ɔ	
233-8								j ɛ ⁵⁵	
562-8								n ɛ ⁵⁵	
31-8								p j ɑ ⁵⁵	
386-8								⁵⁵ ⁵⁵ ʔ ⁴	
684-8								p j õ ⁵⁵	
804-8								kʰ w ẽ ⁵⁵	
618-8								tɕʰ ⁵³	
565-8								p ɛ	
468-8								n ɑ ⁵⁵	
125-8								tɕʰ ẽ ⁵⁵	
314-8								tɕ w ɑ ⁵⁵	
776-8								tɕ ɛ ʔ ⁴	
170-8								tɕ ĩ ɑ ⁵⁵	
471-8								n ɛ ⁵⁵	
249-8								kʰ ɛ ⁵⁵	
367-8								l ɑ ⁵⁵	
414-8								n ɛ ⁵⁵	
503-8								p ɑ ⁵⁵	
40-8								p e ɛ ⁵⁵	
647-8								sʰ ɑ	
105-8								s ẽ	
393-8								n ĩ ⁵⁵	
141-8								kʰ ɛ ²²	
463-8								⁵⁵ ɛ	
349-8								l ĩ ⁵⁵	
841-8								n ɑ ʔ ⁴	
646-8								s ẽ ⁵⁵	
433-8								n ɛ ⁵⁵	
512-8								tɕ e ⁵⁵	
518-8								tɕ w ɛ	
849-8								p ɛ ⁵⁵ ⁴	
90-8								tɕʰ ɑ ⁵⁵	
933-8								p ɛ	
668-8								ŋ ⁵⁵	
164-8								tɕ ĩ ⁵⁵	
686-8								ŋ e ɑ ʔ ⁴	
467-8								n ɑ	
201-8								tɕ e ɛ ʔ ⁴	
784-8								p ɛ ʔ ⁴	
487-8								n ɛ	
504-8								tɕ ĩ ⁵⁵	
281-8								tɕ w ⁴	
46-8								p j ⁵⁵	
377-8								ɬ ɑ ⁵⁵	
67-8								tɕ ɑ ʔ ⁴	
864-8								p j ⁵⁵ ⁵⁵	
635-8								tɕ ɑ ⁵⁵	
445-8								p e ɛ	
210-8								j ɑ ⁵⁵	
140-8								tɕ e ⁵⁵	
520-8								p w ɛ	
166-8								tɕ ɛ ʔ ⁴	
48-8								p e ⁵⁵ ²²	
379-8								l ɑ ⁵⁵	
55-8								p ɛ ʔ ⁴	
665-9									ɲ ɔ ŋ
495-9									n ɤ ³⁵
838-9									l̥ ɔ ŋ ⁵⁵
438-9									p ɯ ³¹ ʔ ⁵⁵
334-9									l o ʔ ⁵⁵
360-9									l ɤ ³¹
394-9									n i ³¹
221-9									i p ⁵⁵
202-9									k u ³¹
935-9									p ³¹
93-9									t ɔ ³¹
7-9									p a n ³¹
664-9									o ɔ ŋ ⁵⁵
246-9									x ɔ ʔ ⁵⁵
547-9									p u k
555-9									o ɤ ⁵⁵
464-9									ɲ au ³¹
119-9									t ɤ ŋ ⁵⁵
835-9									n̥ a p ⁵⁵
79-9									t o ³¹
693-9									ɲ au ⁵⁵
477-9									t u ⁵⁵ ³¹
891-9									t ɤ ŋ ³⁵
528-9									ʐ o ⁵⁵
797-9									k u o ʔ
493-9									n ɤ k ⁵⁵
217-9									k a t ⁵⁵
896-9									s u t ⁵⁵
452-9									p i u ʔ ⁵⁵
580-9									ɲ o ʔ ⁵⁵
833-9									n̥ ɔ ⁵⁵
390-9									p ɔ ŋ
696-9									ɲ u ⁵⁵
86-9									t u ŋ ⁵⁵
384-9									m a n ³⁵
61-9									t a ŋ ³¹
536-9									t ɔ ʔ
731-9									p ɔ ³¹
779-9									p ŋ ⁵⁵
589-9									tʃʰ ɔ ŋ ⁵⁵
680-9									ɲ u ʔ ⁵⁵
658-9									o u m ⁵⁵
456-9									k ɤ ɔ ŋ ³¹
183-9									k ʐ ³¹ ³¹
785-9									tʃʰ ɔ ³¹
714-9									p ⁵⁵
331-9									l ɔ ³¹
206-9									k ɔ ŋ
930-9									ɲ a ⁵⁵
353-9									l ɤ ⁵⁵
161-9									k ɔ ŋ ⁵⁵
814-9									tʃʰ ɔ ³¹
179-9									k ʐ ʔ ⁵⁵
194-9									k o ʔ ⁵⁵
727-9									tʃʰ ɔ ŋ ⁵⁵
260-9									tʃʰ u p ⁵⁵ ⁵⁵
144-9									k a t ⁵⁵
53-9									p u m ⁵⁵
59-9									t ɔ ʔ ⁵⁵
506-9									p a k
29-9									p ɯ k ⁵⁵
316-9									t o ʔ ⁵⁵
389-9									k u ɔ ŋ ⁵⁵
118-9									p ɔ ³⁵
312-9									tʃʰ o ³¹
490-9									n ɤ ³⁵ ³¹
927-9									ɲ a n
383-9									m o ʔ ⁵⁵
211-9									t a t ⁵⁵
873-9									p ɤ ŋ ⁵⁵
371-9									l ɯ ŋ ³¹
877-9									t u ³⁵
344-9									l ɔ m ⁵⁵
666-9									ɲ ³¹ ³¹
595-9									t ɔ ŋ
660-9									o a t ⁵⁵
642-9									tʃʰ ɔ ŋ ³¹
257-9									tʃʰ u u ŋ ⁵⁵
167-9									k i ³¹
880-9									t ɔ ʔ ⁵⁵
337-9									o ɔ ⁵⁵
484-9									n̥ ɔ ŋ ⁵⁵
574-9									l u m ³¹
718-9									p a n ³¹
811-9									tʃʰ u ³¹
458-9									t ɤ ŋ ³¹
884-9									ɲ̊ ai ³⁵
205-9									k u ʔ ⁵⁵
499-9									n ɤ ⁵⁵
706-9									tʃʰ ɔ ŋ
920-9									p ŋ ³¹
36-9									p i ɔ ŋ ⁵⁵
12-9									p i ⁵⁵
350-9									l ɔ ŋ ³¹
4-9									p a n ⁵⁵
342-9									p o ʔ ⁵⁵
280-9									k ɤ ³¹
638-9									tʃʰ a p ⁵⁵
729-9									ʈʂ u k
72-9									t ɔ ŋ ³¹
612-9									p ɤ ŋ ³¹
459-9									p i ɯ ŋ ⁵⁵
569-9									ʈʂ ɤ ³¹
283-9									tʃʰ u ⁵⁵
501-9									p ɔ ³⁵
148-9									k ɔ ŋ ³¹
652-9									o ⁵⁵ ⁵⁵
220-9									ɲ ɔ ŋ ³¹
233-9									ɲ o ʔ ⁵⁵
562-9									ɲ u ŋ ³¹
31-9									p i ³¹ ʔ
684-9									ɲ u ɔ ʔ ⁵⁵
804-9									tʃʰ u u ŋ ³¹
618-9									t ɤ ³¹
565-9									ʈʂ ɤ ³¹
468-9									n̥ ɔ ʔ ⁵⁵
369-9									l ɯ ³⁵ ⁵⁵
125-9									t ɔ ³¹
314-9									tʃʰ u ɔ
776-9									tʃʰ u k
170-9									k ɤ ɔ ³⁵
823-9									l a ⁵⁵ ⁵⁵
471-9									n a ŋ ³¹
249-9									tʃʰ a ŋ ⁵⁵
367-9									l ai ³¹
414-9									n au ³¹
503-9									p ɔ ³¹
40-9									p i ɯ ŋ ³⁵
647-9									tʃʰ i ⁵⁵
105-9									t a ³¹
393-9									p ɔ ŋ ³¹
141-9									k ɤ ⁵⁵
272-9									tʃʰ u ɔ ŋ ³⁵
1-9									p ɔ ŋ
349-9									l ɔ ŋ ³¹
214-9									t a ³¹
841-9									n̥ a t ⁵⁵
123-9									t ⁵⁵ ⁵⁵
646-9									tʃʰ ³¹ ³⁵
512-9									t u ³¹ k
518-9									⁵⁵ u p ⁵⁵
878-9									t ɔ ³¹
849-9									p a t ⁵⁵
524-9									t u ʔ ⁵⁵
90-9									t ɤ ³⁵
541-9									k u n ³¹
933-9									ɲ au ³¹
668-9									ɲ ³¹ ⁵⁵
164-9									k ɔ ŋ ³¹
686-9									ɲ u a p ⁵⁵
467-9									n ɔ ³¹
487-9									t n
49-9									p u ³¹
822-9									l o ʔ
46-9									p ɤ ɔ ⁵⁵
377-9									l u m ³¹
67-9									t a t ⁵⁵
864-9									p i ³¹ ³¹
656-9									o ³¹ ³⁵ ⁵⁵
546-9									t ɔ ŋ ⁵⁵
635-9									ɲ̊ o ʔ ⁵⁵
473-9									n̥ a m ⁵⁵
3-9									p ɔ ³⁵
98-9									tʃʰ ɔ ³¹
140-9									k i ³¹ ⁵⁵
868-9									k ɔ ³¹
520-9									p i ⁵⁵ ⁵⁵
166-9									k t ³⁵
48-9									p i ³¹ ŋ ⁵⁵
270-9									k ɤ ɔ ŋ ⁵⁵
379-9									l ɤ n
