COGID	Achang	Bela	Lashi	Maru	Phon	WrittenBurmese	Zaiwa
1-1	m j au ʔ ⁵						
4-1	au au ³						
18-1	l j ɛ ŋ ³						
19-1	l j ḛ ʔ ⁵						
44-1	d au u k ³²						
50-1	h j au ŋ ³						
62-1	s au ŋ ³						
70-1	d j au n ³						
75-1	m j ɛ ʔ ³²						
97-1	d j a ŋ ³						
112-1	h au ⁵						
122-1	m j u ŋ ³²						
127-1	d au au ³						
132-1	d au au ʔ ⁵⁴						
133-1	au au ŋ ³						
135-1	n au ⁵						
142-1	d z au au ⁵						
143-1	d a au ³¹						
149-1	h au ʔ ⁵⁴						
152-1	l au ʔ ³¹						
157-1	b au ⁵						
183-1	h au ³						
184-1	j au ŋ ʔ ⁵³						
185-1	tsʰ au m ³						
189-1	n j ɛ ʔ ³²						
192-1	d j ɔ̰ ³¹						
195-1	au au ³						
200-1	tsʰ j au ŋ ³						
216-1	h j a au ³						
218-1	l au ʔ ³²						
225-1	h a au ³						
235-1	kʰ j au ³¹						
244-1	s au au ³						
253-1	m au ³						
270-1	m j au ³¹						
278-1	m j ɛ au ³						
279-1	d au au ³						
285-1	d j au au ³						
308-1	d d au au ³						
322-1	m j au ⁵						
325-1	kʰ j au ⁵						
337-1	m j ɛ ŋ ³						
341-1	d z au ⁵						
347-1	h j u ʔ ³²						
362-1	d j au ³						
391-1	j au p ³²						
394-1	m au ʔ ³²						
397-1	dʒ au ⁵⁴						
443-1	l j ɛ p ³²						
460-1	ʃ au ʔ ⁵⁴						
463-1	d a au ʔ ³						
464-1	h u au ³						
473-1	h au au ³						
476-1	kʰ j u k ³⁵						
481-1	tsʰ au p ³						
494-1	d j au ³						
496-1	h j u ɔ̰ ³						
516-1	au au ³						
522-1	l au ʔ ³²						
523-1	pʰ au au ³						
524-1	au au ³						
540-1	dʒ au ⁵						
3-1	d j ḛ ³¹						
6-1	k j ə ⁵						
7-1	tsʰ a ɛ ³						
20-1	l a p ⁴²						
51-1	l j u ʔ ⁵						
64-1	k j au ŋ ³						
65-1	k j au ʔ ⁵⁴						
66-1	d ṵ ə ⁵						
71-1	n ə ⁵						
72-1	ʔ au ³						
76-1	a au ³						
77-1	n j ɛ ⁵						
78-1	a j au ʔ ⁵						
82-1	kʰ j ə ŋ ³						
87-1	j ɔ̰ ³¹						
93-1	l a ³						
94-1	l j ɛ ʔ ⁵³						
100-1	h w a ŋ ³						
116-1	d u au ³⁴						
119-1	l a ⁵						
124-1	pʰ j ɛ ³						
136-1	l u au ³						
137-1	kʰ a̰ a̰ ḛ ʔ ⁵						
144-1	s a t ⁵⁴						
145-1	d au au ³						
146-1	m j au ⁵						
150-1	j u ⁵³						
154-1	l a u i ⁵³						
165-1	kʰ j ɛ ŋ ³						
166-1	d a ə ³						
169-1	k j ḛ ŋ ³						
170-1	d a ə ³						
171-1	j a ŋ ³						
174-1	d l u ŋ ³						
181-1	l j ɔ̰ ʔ ⁵³						
193-1	b ei ³						
205-1	l o ṵ ʔ ⁵⁴						
206-1	m j ḛ ʔ ⁵						
212-1	k j ɔ̰ ʔ ⁵⁴						
214-1	l a m ³						
217-1	l ə ³						
224-1	n a a̰ ḛ ⁵						
228-1	b a ʔ ³						
238-1	j au ⁵						
241-1	n ə ⁵						
246-1	d au ɛ ³						
256-1	h u ŋ ³						
257-1	tsʰ au ʔ ³¹						
272-1	m ə ⁵						
273-1	tsʰ a ḭ ³¹						
274-1	m a ŋ ⁵						
286-1	kʰ j u m ⁵³						
289-1	kʰ au au ³						
294-1	j ə ḭ ³						
301-1	j au ⁵						
306-1	tʃʰ j ɛ p ⁴²						
307-1	tsʰ a p ⁵						
321-1	tʰ a ŋ ³						
331-1	a ɔ̰ ɔ̰ ⁴²						
332-1	l a ³						
335-1	k u ə ⁵						
336-1	n j a m ³						
340-1	n au ʔ ⁵						
342-1	l a a̰ ḛ ʔ ⁵						
360-1	tʃʰ w ɛ ⁵³						
376-1	h j a ʔ ⁵³						
389-1	n j a̰ ŋ ʔ ⁵³						
395-1	n ə ʔ ³¹						
401-1	ʃ ei ⁵⁴						
404-1	d u ɛ ³						
408-1	d ə ⁵						
409-1	l au ⁵						
413-1	d j ḛ ɛ ³						
421-1	n j u ŋ ⁵³						
425-1	pʰ j ei ³						
430-1	dʒ au ḭ ³						
442-1	d au ⁵						
447-1	d ə au ⁵						
456-1	g ə ⁵						
458-1	h i ⁵						
469-1	kʰ j au ⁵						
470-1	d au p ³¹						
475-1	l ə ⁵						
477-1	a̰ j ɔ̰ ṵ ʔ ⁵³						
478-1	d j au ³²						
480-1	k j ḛ ʔ ⁵						
485-1	l a ɔ̰ ⁵						
495-1	au w ɛ ³						
499-1	l j ɛ ŋ ⁵						
500-1	l a j ɛ m ⁵³						
501-1	tʰ ə ³						
506-1	d j a ŋ ⁵³						
507-1	n o ³¹						
509-1	l a i ³						
510-1	b a j au ɔ̰ ³						
511-1	l au ʔ ³²						
521-1	h j au ʔ ⁵						
525-1	n a a̰ ḛ ⁵						
538-1	d ɔ̰ au ⁵						
539-1	tʃʰ j ɛ n ³						
544-1	k j ɛ ʔ ⁵⁴						
550-1	tʃʰ w au ʔ ⁵⁴						
562-1	n j u ŋ ³						
568-1	g ei ³¹						
2-1	k u ŋ ⁵						
11-1	n ə n ³						
12-1	d j ɔ̰ ŋ ³¹						
22-1	k u ŋ ³²						
28-1	d j ɛ ³						
29-1	t u ʔ ⁵⁴						
30-1	l a ŋ ⁵						
35-1	l a ŋ ³						
38-1	d z u ʔ ⁵³						
42-1	pʰ ḛ ⁵						
46-1	dʒ au ³¹						
52-1	d j ɔ ⁵⁴						
55-1	d j ɔ m ³						
69-1	h u ʔ ⁵⁴						
79-1	j ḛ m ³						
83-1	tʃʰ j au ³						
86-1	j ḛ ḭ ⁵						
89-1	s a ə ³						
90-1	j ɔ̰ ʔ ³¹						
91-1	d a n ³						
92-1	k ə ³¹						
106-1	kʰ au k ⁵⁴						
120-1	tʃʰ a ʔ ⁵³						
125-1	tsʰ j au ʔ ³¹						
148-1	d j a ŋ ³						
173-1	d a ḭ ⁵⁴						
179-1	h u ḭ ³						
186-1	n ə ʔ ³¹						
187-1	l a ŋ ⁵						
197-1	n ɔ̰ m ʔ ⁵²						
209-1	kʰ j u ŋ ³						
210-1	d a a m ³						
211-1	t a ḭ ⁵³						
213-1	j a̰ ŋ ʔ ⁵³						
215-1	d w u ʔ ⁵⁴						
220-1	tʰ a ə ³						
237-1	h i ³						
239-1	n a m ³						
242-1	tsʰ a ³						
248-1	k j ḛ ⁵						
255-1	d a ə ³¹						
271-1	tʃʰ ḛ ⁵						
275-1	j ə ŋ ⁵						
277-1	tʃʰ a ŋ ⁵						
295-1	k u ʔ ⁵⁴						
302-1	tʃʰ au a ʔ ⁵						
309-1	l u k ⁵						
312-1	b au ⁵						
313-1	n w ɔ̰ ʔ ⁵³						
314-1	tsʰ a ə ³						
315-1	tʃʰ a ŋ ³						
330-1	l ai ³						
333-1	h j ɛ m ³¹						
338-1	n j ɔ̰ ʔ ³⁵						
346-1	ʃ o ʔ ⁵³						
348-1	j ə ³¹						
353-1	d j au ³						
356-1	j a m ³						
357-1	ʃ o ³⁵						
358-1	s a ³						
361-1	a̰ ɔ̰ ʔ ⁵³						
378-1	n j ḛ ⁵³						
379-1	kʰ j ḛ n ⁵						
388-1	k j u k ³⁵						
390-1	j ɔ ⁵						
398-1	j i ³						
399-1	k j ḛ ŋ ³						
400-1	l a n ⁵						
403-1	d a̰ ḭ ɔ ⁵						
405-1	j ɛ p ⁵						
406-1	tʰ o ʔ ⁵⁴						
407-1	h ɔ ⁵						
410-1	a j a ŋ ³						
414-1	l a ŋ ³						
418-1	g au ɛ ³¹						
423-1	j ḛ ⁵						
431-1	k j u ŋ ⁵						
435-1	k j ɔ̰ ʔ ⁵³						
438-1	tʃʰ ḛ ʔ ⁵						
448-1	d z a ʔ ⁵						
449-1	d j ə ⁵³						
453-1	a ɔ̰ ⁵						
465-1	dʒ ə ʔ ⁵³						
471-1	j o k ³⁵						
472-1	h a ³²						
474-1	h j i ³²						
482-1	d j ɔ̰ ³						
502-1	b ə ⁵						
503-1	s ə ³						
505-1	l a m ³						
512-1	ə ə ⁵						
515-1	d a n ³						
529-1	k ə ³						
530-1	s o ʔ ⁵						
535-1	b a ʔ ³						
536-1	d ə ⁵						
542-1	b ə ⁵³						
561-1	n j ɛ ŋ ³¹						
563-1	dʒ ei ⁵⁴						
569-1	k a ⁵						
5-1	m ɔ ⁵						
16-1	j u k ⁴²						
27-1	d j a n ³						
40-1	ɔ̰ ŋ ³¹						
41-1	b ṵ ³¹						
1-2		l au ²³ ²³					
4-2		o o ²³					
18-2		l l o ²³					
19-2		l l au ²³					
44-2		l au ²³					
50-2		l l o ²³					
62-2		l o ²³					
70-2		o ²³					
75-2		l au au ²³					
97-2		l o ²³					
112-2		au ²³					
122-2		l au au ²³					
127-2		o au ²³					
132-2		au au ²³					
133-2		l l au ²³					
135-2		l au ²³					
142-2		a au ²³					
143-2		l au ²³					
149-2		l au ²³					
152-2		l au ²³					
157-2		au ²³					
183-2		au ²³					
184-2		l au ²³					
185-2		l o ²³					
189-2		l au au ²³					
192-2		l au ²³					
195-2		l au ²³					
200-2		l o ²³					
216-2		l o ²³					
218-2		l o ²³					
225-2		l o ŋ ²³					
235-2		l au ²³					
244-2		l au a̰ ²³					
253-2		l k a̰ ²³					
270-2		l au ²³					
278-2		l l o ²³					
279-2		o a̰ ²³					
285-2		l au a ²³					
308-2		a̰ ²³					
322-2		l a̰ ²³					
325-2		au ²³					
337-2		l au o ²³					
341-2		a̰ ²³					
347-2		l au ²³					
362-2		o au ²³ ²³					
391-2		l au ²³					
394-2		l au ²³					
397-2		o ²³					
443-2		l au au ²³					
460-2		l o ²³					
463-2		o au ²³ ²³					
464-2		l o ŋ ²³					
473-2		l o m ²³					
476-2		o au ²³					
481-2		l au ²³					
494-2		a̰ ²³					
496-2		l l o ²³					
516-2		i au ²³					
522-2		l au ²³					
523-2		o au ²³					
524-2		l au ²³					
540-2		au ²³					
3-2		au ²³					
6-2		a̰ ²³					
7-2		o ²³					
20-2		l au ²³					
39-2		j au ²³					
51-2		l l au ²³					
72-2		i					
94-2		l l au ²³					
100-2		l j o ²³					
116-2		au au ²³					
136-2		l m a̰ ²³					
137-2		o au ²³ ²³					
139-2		j au ²³					
150-2		l au ²³					
154-2		l l a̰ ²³					
166-2		o a̰ ²³					
169-2		l o ²³					
170-2		o a̰ ²³					
171-2		l o ŋ ²³					
174-2		l o ²³					
181-2		l au au ²³					
205-2		l au ²³					
206-2		l au ²³ ²³					
214-2		l o m ²³					
217-2		a̰ ²³					
224-2		l a au ²³					
228-2		o ²³					
246-2		i i ²³					
256-2		i ²³					
257-2		a ²³					
273-2		o ²³					
286-2		au ²³					
307-2		l o ²³					
335-2		o a̰ ²³					
342-2		l au au ²³					
376-2		l au ²³					
389-2		l au ²³					
404-2		l o ²³					
408-2		a̰ ²³					
413-2		l o ²³					
421-2		l l au ²³					
430-2		i ²³					
458-2		m a̰ ²³					
470-2		i ²³					
475-2		m a ²³					
477-2		l a au ²³ ²³					
478-2		l a̰ ²³					
480-2		au ²³ ²³					
485-2		l au a̰ ²³					
495-2		l i ²³					
499-2		l l o ²³					
500-2		l a o ²³					
506-2		au ²³					
509-2		l o ²³					
525-2		l au au ²³ ²³					
22-2		o ²³					
28-2		a̰ ²³					
29-2		o ²³					
30-2		l o ²³					
35-2		l a ²³					
38-2		au ²³					
46-2		i ²³					
52-2		a̰ ²³					
55-2		au ²³					
69-2		l o ²³					
125-2		l i ²³					
163-2		o ²³					
173-2		o ²³					
179-2		o ²³					
210-2		l au ²³					
211-2		o ²³					
213-2		l au ²³					
215-2		a ²³					
237-2		m a̰ ²³					
252-2		ḛ ²³					
255-2		i i ²³					
275-2		l a ²³					
281-2		i ḛ ²³					
300-2		o ²³					
333-2		i ²³					
390-2		a a̰ ²³					
400-2		l o ²³					
403-2		a a̰ ²³					
407-2		a̰ ²³					
414-2		l o ²³					
418-2		i i ²³					
448-2		o ²³					
472-2		au ²³					
474-2		l a̰ ²³					
505-2		l i ²³					
517-2		o ²³ ²³					
5-2		m au ²³					
21-2		ḛ ²³					
23-2		l i ²³					
24-2		o ²³					
34-2		i ²³					
1-3			m u ⁴				
4-3			u u ⁵¹				
18-3			n j e ŋ ³²				
19-3			n j e ³²				
44-3			l o k ³⁴				
50-3			w u ŋ ⁴				
62-3			s u k ⁴				
70-3			b tʰ u ŋ ⁵¹				
75-3			m j o ³²				
97-3			j u ŋ ⁴				
112-3			h u ⁵¹				
122-3			m j o k ⁴				
127-3			g j e ⁵¹				
132-3			a o k ⁴				
133-3			n j u ⁴				
135-3			n u ⁵¹				
142-3			d z u ɨ ⁵¹				
143-3			j o ³²				
149-3			g u ⁴				
152-3			j u ³⁴				
157-3			b u ⁵¹				
183-3			ʔ u ⁵¹				
184-3			n u k ⁵¹				
185-3			h u m ⁵¹				
189-3			m j u ³²				
192-3			j u ³⁴				
195-3			u u ⁵¹				
200-3			z u ⁵¹				
216-3			s e ŋ ⁴				
218-3			l u ʔ ³²				
225-3			s ə ŋ ⁵¹				
235-3			kʰ j e ³²				
244-3			s u e ⁵¹				
253-3			m u ⁵¹				
270-3			m j u ³²				
278-3			m j ɨ ŋ ⁵¹				
279-3			o u ⁵¹				
285-3			j o u ⁵¹				
308-3			u e ⁴				
322-3			m j e ⁵¹				
325-3			kʰ u ⁴				
337-3			m j o ŋ ⁵¹				
341-3			d z u ⁵¹				
347-3			o k ³²				
362-3			j e ⁵¹				
391-3			j o k ⁵¹				
394-3			m o ʔ ⁵¹				
397-3			d e ⁵¹				
443-3			m j o ⁵¹				
460-3			s u ⁵¹				
463-3			j u ⁵¹				
464-3			h u ŋ ⁴				
473-3			s o m ⁵¹				
476-3			kʰ j e k ⁴				
481-3			h u ⁵¹				
494-3			g z e ⁵¹				
496-3			j e ŋ ⁴				
516-3			u e ⁵¹				
522-3			j o ʔ ³²				
523-3			pʰ j e ⁵¹				
524-3			n u ⁵¹				
540-3			g u ⁵¹				
3-3			b e ŋ ⁵¹				
6-3			g z e ⁵¹				
7-3			d o m ⁴				
20-3			n ai t ³				
39-3			m j e ³²				
51-3			l u ⁵¹				
64-3			g o ŋ ³⁴				
65-3			g w o k ⁵³				
66-3			d u ⁴				
71-3			s ə ⁵¹				
72-3			ʔ u ³²				
76-3			j u ⁵¹				
77-3			m j e k ⁵¹				
78-3			m e ⁴				
82-3			pʰ w o ŋ ⁵¹				
87-3			j o ³²				
93-3			l æ̰ m ³⁴				
94-3			m j e ⁵³				
100-3			s w o ŋ ⁵¹				
116-3			u e ⁵¹				
119-3			j o m ⁵¹				
124-3			pʰ j e ⁵⁴				
136-3			l u ɨ ³⁴				
137-3			kʰ a e ⁴				
139-3			m z e ⁵¹				
144-3			s o ⁴				
145-3			tʰ o ŋ ³⁴				
146-3			m w e ³⁴				
150-3			j æ̰ ʔ ³²				
154-3			m j e ⁴				
165-3			g w o ⁴				
166-3			b j e ⁴				
169-3			g j ə ŋ ³¹				
170-3			b u ə ⁴				
171-3			j o ŋ ⁵¹				
174-3			l æ̰ m ⁵¹				
181-3			m j æ̰ p ³¹				
193-3			b u ⁵¹				
205-3			n o ⁴				
206-3			m e ⁴				
212-3			g w o ʔ ⁴				
214-3			l ø̃ m ⁵¹				
217-3			b e ⁵¹				
224-3			n j u ⁴				
228-3			b u ⁵¹				
238-3			j e ³				
241-3			ʃ u ⁵¹				
246-3			g j e ⁵¹				
256-3			h u ³				
257-3			b u ⁵¹				
272-3			m u ⁵¹				
273-3			j æ̰ ³				
274-3			m a ŋ ³⁴				
286-3			kʰ e m ⁴				
289-3			g o ŋ ⁵¹				
294-3			g u ⁴				
301-3			j o ʔ ⁴				
306-3			pʰ j ə ⁵³				
307-3			j æ̰ t ³²				
321-3			tʰ a ŋ ⁴				
331-3			j e ²¹				
332-3			l æ̰ m ³⁴				
335-3			g j e ⁴				
336-3			n j o m ³¹				
340-3			j o ⁴				
342-3			m j u ⁴				
360-3			d w o ³²				
376-3			ɨ ⁴				
389-3			n j ə ³²				
395-3			n o ³⁴				
401-3			s e ⁵				
404-3			d z ə ŋ ⁵¹				
408-3			d z e ⁴				
409-3			l o ³⁴				
413-3			d ə ŋ ³				
421-3			n j æ̰ p ³²				
425-3			j e ³¹				
430-3			d e ⁵				
442-3			d o ⁴				
447-3			tʰ o ŋ ³⁴				
456-3			g u ⁵¹				
458-3			h u ⁵¹				
469-3			kʰ w ə ⁴				
470-3			d u k ⁵¹				
475-3			n u ³				
477-3			n j e ŋ ⁵³				
478-3			j ɨ ³²				
480-3			g e ³				
485-3			m j ɔ̃ ⁵¹				
495-3			j o̰ e ⁵¹				
499-3			m j a̰ ŋ ³¹				
500-3			n a ə ŋ ⁴				
501-3			tʰ o ⁵¹				
506-3			æ̰ ⁵¹				
507-3			n o ʔ ³²				
509-3			l a ⁵¹				
510-3			pʰ j w o ŋ ⁴				
511-3			l o ʔ ³⁴				
521-3			h e ⁴				
525-3			n o e ⁴				
538-3			kʰ j ɨ ⁵¹				
539-3			e ŋ ⁵¹				
544-3			pʰ j o k ⁴				
550-3			d o ʔ ³²				
562-3			m j o ŋ ⁴				
568-3			g o ⁵¹				
2-3			g o ŋ ⁵¹				
11-3			j o k ⁵²				
12-3			j a ³⁴				
22-3			g a ŋ ⁵				
28-3			b e ³¹				
29-3			d u ʔ ³²				
30-3			l a ŋ ⁵¹				
35-3			l ø̃ ŋ ⁵¹				
38-3			d æ̰ ⁴				
42-3			b e ³¹				
46-3			h ɔ ⁵¹				
52-3			d j e ʔ ³²				
55-3			b w e m ⁵¹				
69-3			h u ʔ ³				
79-3			g j e m ³				
83-3			tʃʰ z ɨ ³²				
86-3			j o t ⁵³				
89-3			s ə ŋ ⁵²				
90-3			d z ə ³¹				
92-3			g ə ⁵¹				
106-3			g o k ³⁴				
120-3			h a ³				
125-3			g ə k ⁴				
148-3			g j ə m ³				
163-3			j ə u ⁵¹				
173-3			b u ³¹				
179-3			ʔ u ʔ ³²				
186-3			j ai ³				
187-3			l a ŋ ³⁴				
197-3			n o ⁵³				
209-3			kʰ a ŋ ³				
210-3			a æ̰ m ³				
211-3			d u k ³¹				
213-3			n oi ⁴				
215-3			w ɔ ʔ ⁴				
220-3			tʰ o ŋ ⁴				
237-3			n i ⁵¹				
239-3			n ai m ³				
242-3			tsʰ o ⁵¹				
248-3			kʰ e ⁵³				
252-3			g z e ³¹				
255-3			b j ə ³²				
271-3			tʃʰ ə ³				
275-3			n o ŋ ⁴				
277-3			tʃʰ ə ⁴				
281-3			d j u ⁵¹				
283-3			l a ⁴				
295-3			g o ŋ ⁵¹				
300-3			g o ŋ ⁴				
302-3			w ə ⁴				
309-3			l o ʔ ³²				
312-3			w ə ³				
313-3			m w ɛ ³²				
314-3			tsʰ o m ²³				
315-3			tʰ o ŋ ³⁴				
330-3			g l e ³				
333-3			s j u m ³¹				
338-3			m j o ³				
346-3			s ə t ⁵³				
348-3			j o ⁵³				
352-3			g j o ŋ ³¹				
353-3			d j ɨ ³⁴				
356-3			j æ m ³				
357-3			s ai ʔ ⁵²				
358-3			s ɨ ʔ ⁵¹				
361-3			j o ʔ ³¹				
378-3			m j e ³²				
379-3			kʰ e n ⁴				
388-3			g j o t ⁴				
390-3			j i ⁵¹				
398-3			j ɔ ⁵¹				
399-3			g ə ŋ ⁵¹				
400-3			n u ³				
403-3			b j z i ⁴				
406-3			tʰ o k ⁵³				
407-3			h i ³²				
410-3			j w a ŋ ⁵¹				
414-3			l a ⁵¹				
418-3			g j ə ⁴				
423-3			g j o ⁵³				
431-3			g o ŋ ⁴				
435-3			kʰ æ̰ ³²				
438-3			d ə ³				
448-3			d z u ʔ ⁵¹				
449-3			d z ə ʔ ⁵³				
453-3			ə ²¹				
465-3			d e ⁴				
471-3			j o k ⁴				
472-3			h ɨ ⁵¹				
474-3			h ʃ i ³				
482-3			j æ̰ ⁵¹				
502-3			b ə ⁵¹				
503-3			m ə ³				
505-3			l a m ³²				
512-3			j ə ⁵¹				
515-3			tʰ o ŋ ⁵²				
517-3			j a ŋ ³²				
529-3			ʔ ə ³				
530-3			s ə ⁵³				
535-3			b ãɪ ⁴				
536-3			d o ³				
542-3			b w e m ⁵³				
561-3			n j o m ⁴				
563-3			d e t ⁵				
569-3			g ə ⁵¹				
5-3			m au ⁵¹				
8-3			n o ŋ ³¹				
16-3			j æ̰ t ³				
21-3			g j e ³²				
23-3			j o p ⁵³				
24-3			d a ³²				
27-3			d z ə n ³				
34-3			j i ³¹				
36-3			b o ŋ ³¹				
37-3			l e ³²				
40-3			g w ə ⁴				
41-3			b ɔ ʔ ³¹				
47-3			m j u ²¹				
1-4				m ɪ ʔ ²			
4-4				ɪ ɪ ²			
18-4				m j ø e ⁵			
19-4				m ɣ ɪ ʔ ²			
44-4				l ø ʔ ²			
50-4				s a ŋ ⁵			
62-4				s ɪ ²			
70-4				ɪ ²			
75-4				m j ɪ ʔ ²			
97-4				kʰ ɪ ⁴¹			
112-4				h ɪ ³⁵			
122-4				m j ø ʔ ²			
127-4				ɪ ɪ ³⁵			
132-4				g ɪ ɪ ʔ ⁵			
133-4				m ɪ ʔ ²			
135-4				m ɪ ʔ ²			
142-4				d z ɪ ø ²			
143-4				j ɪ ³²			
149-4				ɣ ɪ k ⁵			
152-4				ɣ a t ²			
157-4				b ɪ ³⁵			
183-4				h ɪ ²			
184-4				l ɪ ḭ ʔ ⁵			
185-4				tsʰ ɪ ²			
189-4				m j ø ʔ ⁵			
192-4				j ɪ ʔ ²			
195-4				ɪ ɪ ²			
200-4				ɪ i ²			
216-4				s ø ɔ ²			
218-4				l ɪ ²			
225-4				s a ŋ ²			
235-4				ɪ ʔ ⁴⁵			
244-4				s ø ɪ ³⁵			
253-4				m ɪ ²			
270-4				m ɪ ʔ ⁴⁵			
278-4				m j ø ɔ ²			
279-4				ɪ ɪ ³⁵			
285-4				j ɪ au ⁵			
308-4				ɪ ɪ ²			
322-4				m ɪ ²			
325-4				kʰ ɪ ʔ ²			
337-4				m j ø ³¹			
341-4				d ɪ ²			
347-4				s ɪ ʔ ⁵			
362-4				ɣ ɪ ³⁵ ²			
391-4				l ɪ p ⁵			
394-4				m ɪ ³²			
397-4				tʰ ɪ t ⁴⁵			
443-4				m ɪ ø ʔ ⁵			
460-4				s ɪ ʔ ²			
463-4				ø ɪ i ²			
464-4				s ɪ ³²			
473-4				s ɪ ²			
476-4				g j ø ʔ ⁵			
481-4				tsʰ ɪ ʔ ²			
494-4				g ɪ ²			
496-4				m j ø ɔ ²			
516-4				ɪ ɪ ²			
522-4				l ɪ ³²			
523-4				pʰ j ɪ ʔ ²			
524-4				ɣ ɪ ²			
540-4				g ɪ ³⁵			
3-4				b j a̰ ²			
6-4				g ø ⁵			
7-4				tʰ ɪ ⁵			
20-4				ɣ e ³²			
39-4				m j u ʔ ²			
51-4				a̰ æu ⁵			
64-4				kʰ ø ʔ ²			
65-4				kʰ ø ʔ ⁵			
66-4				d ø ²			
71-4				s ə ²			
72-4				g ɪ ²			
76-4				a ø ²			
77-4				m ø ³			
78-4				pʰ j ø ʔ ⁵⁴			
82-4				ø ŋ ²			
87-4				j ø ³²			
93-4				l a ²			
94-4				m æu ŋ ³			
119-4				j a ²			
124-4				pʰ j ø ʔ ²			
136-4				ɪ ø ɪ ²			
137-4				g a̰ æu t ⁴⁵			
139-4				m u ²			
144-4				s ø t ⁵			
145-4				tʰ a ³²			
146-4				m ø ʔ ⁵⁴			
150-4				g ɣ ø ³			
154-4				m ḭ æu ³¹			
165-4				kʰ j ø ²			
166-4				b ɪ æu ³⁵			
169-4				g j a ³			
170-4				b ɪ ɪ ³¹			
174-4				l a ⁵³			
181-4				m j æu ⁵			
193-4				g au ²			
205-4				ɣ a̰ ḭ t ⁵			
206-4				m ʃ æu t ⁵			
212-4				kʰ ø ʔ ⁵			
217-4				ɣ ɪ ²			
224-4				ɣ a̰ æu ⁴⁵			
228-4				b ɪ k ³²			
238-4				ø ʔ ²			
241-4				s ə ²			
246-4				g ɪ ɪ ²			
256-4				g ɪ ʔ ²			
257-4				b ɪ k ²			
272-4				h a ²			
273-4				b ɪ k ³²			
274-4				m a ³⁴³			
286-4				a ɔ ⁵			
289-4				kʰ a ²			
294-4				h ø k ²			
301-4				ɣ ø ʔ ³			
306-4				ø ʔ ⁵			
307-4				ɣ ḭ k ³²			
321-4				tʰ a ²			
331-4				ø ø ²			
332-4				j ø ²			
335-4				g e æu ³⁵			
336-4				m ø ³²			
340-4				m ø ʔ ²			
342-4				m a̰ æu ⁴⁵			
360-4				ø ʔ ⁵			
389-4				m a̰ ŋ i ⁵			
395-4				n a ²			
401-4				s ɪ p ²			
404-4				d z æu ⁴¹			
408-4				tʃʰ æu ²			
409-4				l a ʔ ²			
413-4				æu au ⁵			
421-4				m j æu ʔ ³			
425-4				ø ʔ ²			
430-4				tʰ ɪ ʔ ⁵			
442-4				tʰ ø ʔ ²			
447-4				tʰ a ⁴²			
456-4				g ɪ ²			
458-4				m ɪ ²			
469-4				kʰ ø ʔ ⁵⁴			
470-4				tʰ ɪ ʔ ²			
475-4				ɣ ɔ ²			
477-4				a̰ j a̰ t k ⁵			
478-4				j ɪ p ⁵			
480-4				g æu ʔ ⁵			
485-4				m a̰ æu ³⁵			
495-4				m ɪ ²			
499-4				m j æu ⁴¹			
500-4				m a̰ æu ɔ ⁵			
501-4				tʰ ø ʔ ²			
507-4				n ø ³			
510-4				pʰ ø ⁵			
511-4				l a ʔ ²			
521-4				m ø ʔ ²			
525-4				a̰ a̰ æu t ⁴⁵			
538-4				kʰ ø ø t ²			
539-4				kʰ ø ⁵⁴			
544-4				g ø ʔ ⁵			
550-4				d ø ʔ ³²			
562-4				m j ø ŋ ³			
568-4				g a ²			
2-4				g a̰ ³			
11-4				m a ŋ ʔ ²			
12-4				pʰ j ɪ ³⁴			
22-4				g a̰ n ⁴¹			
28-4				b ɪ ³¹			
29-4				tʰ ɪ ⁴¹			
30-4				l ɪ ⁴¹			
42-4				a̰ t ⁵			
46-4				b ɪ ²			
52-4				d ɪ ʔ ⁵			
55-4				b ɪ ɔ ⁴¹			
69-4				l ɪ k ⁵			
79-4				j æu ⁴			
83-4				tʃʰ ɪ t ⁵			
86-4				ɣ ḭ ³			
89-4				s a̰ ⁴¹			
90-4				b æu ʔ ³			
91-4				s œ ³²			
92-4				g ə t ²			
106-4				g au ʔ ³²			
125-4				g æu ⁵³			
148-4				æu ⁴²			
163-4				ɣ a ²			
173-4				b ɪ ʔ ⁴¹			
179-4				l ɪ t ⁵			
186-4				n a ³²			
187-4				l a̰ ²⁵			
197-4				n æu i t ⁵			
211-4				d ɪ t ⁴¹			
220-4				tʰ a̰ ³			
237-4				m ə ²			
239-4				n a ³²			
242-4				tsʰ a ʔ ²			
248-4				kʰ æu ʔ ⁵⁴			
252-4				g au ²			
255-4				b e au ²			
271-4				tʃʰ æu t ⁴⁵			
275-4				m a ³²			
277-4				z æu ŋ ⁴			
281-4				j ɪ ²			
283-4				a i ⁵⁴			
295-4				g æu ŋ ³			
300-4				g e ²			
302-4				dʒ æu ʔ ²			
309-4				l a ³			
312-4				kʰ ø ʔ ⁵⁴			
314-4				s a ³			
315-4				tʰ ɪ ŋ ²			
330-4				a ø ³²			
333-4				a i ⁴¹			
338-4				m j æu ³			
346-4				s a t ⁵			
348-4				j ø ²			
352-4				kʰ j u ŋ ²			
353-4				d z ɪ ʔ ²			
356-4				h a ³²			
357-4				s a ʔ ⁵			
358-4				s ɪ p ²			
361-4				æu æu ⁵			
378-4				m ɣ æu ʔ ⁵			
379-4				kʰ j æu t ⁵			
388-4				g j æu ʔ ³			
390-4				ɪ ɪ ³⁵			
399-4				j æu m ⁵			
400-4				l ɪ n ⁴¹			
403-4				b ɪ ḭ ɪ ⁵			
405-4				j ø ⁵⁴			
406-4				tʰ æu ʔ ⁴²			
407-4				l ɪ ³⁵			
410-4				j k a ŋ ⁵³			
418-4				g a̰ ɔ ²			
423-4				j æu ʔ ⁵⁴			
431-4				kʰ æu ŋ ⁴²			
435-4				kʰ æu ʔ ³²			
438-4				tʰ æu ʔ ⁵⁴			
448-4				d z ɪ ⁵			
449-4				d z æu ʔ ⁴⁵			
453-4				ḭ æu ³			
465-4				tʰ a ⁴⁵			
471-4				j æu ʔ ³²			
502-4				g au ²			
503-4				h ə ²			
505-4				l a ³²			
512-4				ɣ a ³			
515-4				tʰ a̰ n ³²			
517-4				l a ŋ k ⁴			
529-4				h ə ³			
530-4				s a k ³			
535-4				b a ³²			
536-4				tʰ a̰ t ³²			
542-4				p a̰ ʔ ⁵			
561-4				m æu ŋ ⁴⁵			
563-4				dʒ ɪ t ⁵			
569-4				g e t ³²			
8-4				j a ³²			
21-4				g j ɪ ʔ ³²			
23-4				j a ʔ ⁵³			
24-4				ʔ ɪ ʔ ⁴¹			
27-4				d z a n ⁴¹			
34-4				g e t ⁴¹			
36-4				p a ⁴²			
37-4				l a ⁵			
40-4				æu ³			
41-4				b a ʔ ³			
47-4				m i ⁵¹			
1-5					m u ʔ ³¹		
4-5					u u		
18-5					m j u ³¹		
19-5					m j u ʔ ³¹		
44-5					k j u ³¹		
50-5					m j u		
62-5					j u		
70-5					tʰ tʰ u u ³¹		
75-5					m j u		
97-5					k j u		
112-5					s u		
122-5					m j u ʔ ³¹		
127-5					k ə u		
132-5					tʰ ə u ³¹		
133-5					m j u		
135-5					m u ³¹		
142-5					tʰ j u u		
143-5					j u ʔ ³¹		
149-5					j u		
152-5					j u ³¹		
157-5					s u		
183-5					j u		
184-5					pʰ j u ³¹		
185-5					m u i ³¹		
189-5					m j u ʔ ³¹		
192-5					pʰ j u ³¹		
195-5					ə u		
200-5					ʃ u		
216-5					ʃ j u u ³¹		
218-5					j u ³¹		
225-5					ʃ u		
235-5					pʰ j u ³¹		
244-5					ʃ ə u		
253-5					m j u ³¹		
270-5					m j u ʔ ³¹		
278-5					m j u u ³¹		
279-5					pʰ i u		
285-5					pʰ j u u ³¹		
308-5					pʰ o u		
322-5					m u ³¹		
325-5					k u ³¹		
337-5					m j u ³¹		
341-5					tʰ j u		
347-5					ʃ w u ʔ ³¹		
362-5					pʰ i u ³¹		
391-5					j u ³¹		
394-5					m u ³¹		
397-5					tʰ u		
443-5					m j u ʔ ³¹		
460-5					j u		
463-5					tʰ u u ʔ ³¹		
464-5					j u u		
473-5					ʃ u u		
476-5					pʰ j u ³¹		
481-5					m u		
494-5					k u		
496-5					m j u u ³¹		
516-5					ə u		
522-5					j u ³¹		
523-5					pʰ j u ³¹		
524-5					ə u		
540-5					k u		
39-5					m j u ʔ ³¹		
64-5					k u ³¹		
65-5					ʃ k u ʔ ³¹		
66-5					pʰ j u ³¹		
71-5					m u ³¹		
72-5					k ə		
76-5					u u		
77-5					m j u ʔ ³¹		
78-5					m u ʔ ³¹		
82-5					pʰ k u u ³¹		
87-5					j u ʔ ³¹		
93-5					m u i ³¹		
100-5					ʃ ai i		
116-5					k o u		
119-5					j u ³¹		
124-5					pʰ j u ³¹		
136-5					j u u ³¹		
139-5					m u ³¹		
144-5					ʃ j ai ʔ ³¹		
145-5					k u u		
146-5					m u ʔ ³¹		
165-5					k j u ³¹		
171-5					l ə		
193-5					pʰ u		
212-5					k j u ʔ ³¹		
214-5					l ə ³¹		
238-5					ɹ w u ʔ ³¹		
241-5					m u ³¹		
246-5					k ə u		
256-5					tʰ u		
257-5					pʰ ə		
272-5					m u ³¹		
274-5					m u ŋ ³¹		
289-5					k ə u		
294-5					ʃ u ³¹		
301-5					m u ³¹		
306-5					pʰ j u ³¹		
321-5					k u ³¹		
331-5					m ai u		
332-5					pʰ u u i ³¹		
336-5					m u i ³¹		
340-5					m u ʔ ³¹		
360-5					ʃ w u ʔ ³¹		
376-5					ʃ ai ʔ ³¹		
395-5					m u ³¹		
401-5					m u		
409-5					m u ³¹		
425-5					pʰ j u ʔ ³¹		
430-5					tʰ u		
442-5					tʰ u		
447-5					k u u		
456-5					k u ³¹		
458-5					tʰ u		
469-5					k u ³¹		
470-5					k ə		
478-5					tʰ j u		
495-5					j k ə		
501-5					tʰ u ³¹		
506-5					j ai ³¹		
507-5					m u ʔ ³¹		
509-5					l ə ³¹		
510-5					pʰ j u u ³¹		
511-5					m u ³¹		
521-5					m u ʔ ³¹		
538-5					k e u ʔ ³¹		
539-5					tʰ j u u ³¹		
544-5					pʰ j u ³¹		
550-5					ʃ u ʔ		
562-5					m j u u		
568-5					k u		
11-5					m ə ³¹		
12-5					pʰ j u ³¹		
46-5					tʰ ə		
83-5					tʰ w u ³¹		
91-5					k u u		
106-5					k u		
120-5					s i ʔ ³¹		
209-5					k ə		
215-5					k ə ʔ ⁵⁵		
242-5					m ə ³¹		
281-5					pʰ ə u		
283-5					j u e ³¹		
302-5					m j u ³¹		
312-5					k u ³¹		
313-5					m ai ʔ ³¹		
315-5					tʰ u		
348-5					ɹ ə ³¹		
352-5					k j u a ³¹		
353-5					tʰ j u		
358-5					ʃ u		
398-5					e i		
405-5					u u ³¹		
410-5					m k ɔ a ³¹		
472-5					tʰ ə ʔ ⁵⁵		
474-5					h o i		
482-5					p j ai ʔ		
502-5					k u		
563-5					tʰ u ³¹		
47-5					ʃ w u		
1-6						m w a	
4-6						l e	
18-6						m r a ŋ	
19-6						l j a	
44-6						h l a k	
50-6						l j a eː	
62-6						s e ts	
70-6						p j a eː	
75-6						m r a ts	
97-6						p tsʰ a ŋ	
112-6						s e	
122-6						m r a ts	
127-6						k a e	
132-6						a a	
133-6						l j a	
135-6						l w a	
142-6						tsʰ r a e	
143-6						p r a	
149-6						m e k	
152-6						l e mˀ	
157-6						p e	
183-6						s e	
184-6						h r a	
185-6						tsʰ e m	
189-6						m r a ts	
192-6						h r a	
195-6						l e	
200-6						p e ŋ	
216-6						s j a eː	
218-6						l a k	
225-6						l e eː	
235-6						k r a	
244-6						s a e	
253-6						m r w e	
270-6						m j a	
278-6						m r a eː	
279-6						p a e	
285-6						p r a eː	
308-6						k p a e	
322-6						m j e	
325-6						k j a	
337-6						m r a ŋ	
341-6						tsʰ a e	
347-6						s a t	
362-6						r a ts	
391-6						j e ts	
394-6						m a k	
397-6						s e	
443-6						m r a ts	
460-6						s e ts	
463-6						h a a	
464-6						s e eː	
473-6						l e eː	
476-6						k r a ts	
481-6						tsʰ e k	
494-6						k j e	
496-6						l r a eː	
516-6						a e	
522-6						l a	
523-6						p e a ts	
524-6						l e	
540-6						k e	
3-6						p au a	
6-6						tsʰ eː	
7-6						tsʰ eˀ	
20-6						l eˀ k	
39-6						m w a t	
51-6						l a	
64-6						k a ɲ	
65-6						k w a	
66-6						ts a e	
71-6						s e	
72-6						tsʰ e	
76-6						e e	
77-6						m j a ts	
78-6						h r w a	
82-6						p r a ŋ	
87-6						h l a	
93-6						l e m	
94-6						l j a t	
100-6						s r a ŋ	
116-6						h lʷ eː	
119-6						a e	
124-6						p e a ts	
137-6						eˀ w eː	
139-6						m j eː	
144-6						s u t	
145-6						tsʰ e a	
146-6						m w a ts	
150-6						r a t	
154-6						l j w eː	
165-6						k r a	
166-6						p a a	
169-6						p r a ŋ	
170-6						p a a	
171-6						r a ŋ	
174-6						r a m	
181-6						l r a t	
193-6						p e	
205-6						l a	
206-6						l j a	
212-6						s w a t	
214-6						l a eː	
217-6						l a	
224-6						l r w eː ɲ	
228-6						p eˀ ŋ	
238-6						r w a	
241-6						l e	
246-6						k a e	
257-6						tsʰ a k	
272-6						l e	
273-6						tsʰ eˀ k	
274-6						m e ŋ	
286-6						tsʰ a	
289-6						k a eː	
294-6						m a	
301-6						l e ts	
306-6						s r a ts	
307-6						j a k	
321-6						ts e ŋ	
331-6						h a iː e	
332-6						p l a m	
335-6						a a	
336-6						l r a	
340-6						l w a	
342-6						l au w eː	
360-6						s w a p	
376-6						s a	
389-6						l w a	
395-6						l a mˀ	
401-6						s e	
404-6						ts l a eː	
408-6						tsʰ eː	
409-6						l a k	
413-6						tsʰ a eː	
421-6						l r a	
425-6						p j a	
442-6						tsʰ e	
447-6						ts eˀ eː	
456-6						k e	
469-6						k j a	
470-6						tsʰ a k	
475-6						l eː	
477-6						h r au a	
480-6						tsʰ a	
485-6						l a a	
495-6						r r e	
499-6						l r a	
500-6						l a a	
501-6						tsʰ a	
506-6						k r a ts	
507-6						l a ts	
509-6						l a a	
510-6						p a w a iː	
511-6						l a k	
521-6						s w a	
525-6						l r w eː ŋ	
538-6						h r w a	
539-6						tsʷ a ɲ	
544-6						s r a t	
550-6						s w a t	
562-6						l r a	
568-6						k e ts	
2-6						tsʰ eˀ eː	
11-6						l a	
35-6						p r au ŋ	
38-6						k a k	
42-6						p w eː	
79-6						r a	
86-6						ʔ eˀ	
89-6						s eˀ eː	
90-6						h p a k	
91-6						p a eː	
92-6						k eˀ	
120-6						s e i	
125-6						tsʰ j a ɲ	
148-6						eˀ ŋ	
163-6						ʔ a ŋ	
186-6						r a mˀ	
187-6						l eˀ ŋ	
197-6						h l a aˀ	
209-6						s w iː iː	
210-6						r a m	
213-6						h l au aˀ k	
215-6						s r a	
220-6						ts eˀ ŋ	
239-6						l eˀ	
242-6						tsʰ a ts	
248-6						j eː	
252-6						k j eː	
255-6						p a eː	
271-6						tsʰ w a	
275-6						l a ŋ	
277-6						ts w a	
283-6						h l a	
295-6						tsʰ a k	
300-6						ts a ŋ	
302-6						tsʰ r a t	
309-6						l eˀ k	
312-6						p w a ts	
313-6						h m w iː	
314-6						tsʰ eˀ eː	
330-6						lʷ eː	
338-6						l r a t	
346-6						s e	
348-6						r a ts	
352-6						s j a eː	
356-6						ʔ a	
357-6						s a	
361-6						h r a	
378-6						l j eː t	
379-6						j a ɲ	
388-6						r a t	
398-6						r iː	
399-6						j a ɲ	
405-6						l a ts	
406-6						tsʰ eˀ	
410-6						r r a ŋ	
414-6						l au ŋ	
418-6						tsʰ a eː	
423-6						r a t	
431-6						h w a ŋ	
435-6						j a	
438-6						ts w a	
449-6						ts a k	
453-6						h au a	
465-6						tsʰ eˀ	
471-6						r a k	
482-6						p r a	
502-6						p e	
503-6						s a	
512-6						a a	
515-6						ts eˀ eː	
517-6						ts a i k	
529-6						ʔ a	
530-6						s a ts	
535-6						p eˀ k	
536-6						ts eˀ	
542-6						p j a p	
561-6						l r a	
569-6						k eˀ k	
8-6						h l a n	
16-6						r a m	
23-6						j a	
36-6						p a ŋ	
37-6						l eː	
40-6						h tsʰ a ɲ	
1-7							m ə ⁴
4-7							l ə ³
18-7							m ɪ ŋ ³¹
19-7							l j ɪ p ³¹
44-7							l ʊ ⁴
50-7							ʃ a̰ i ⁵³
62-7							ʃ ə ⁴³
70-7							b a ŋ ³¹
75-7							m j ə ʔ ⁵⁴
97-7							b a ŋ ³²
112-7							ʃ ə ³
122-7							m j a̰ ʔ ⁵⁴
127-7							kʰ au i ⁴³
132-7							b ə ə ⁵⁴
133-7							l a̰ ⁵³
135-7							l ə ⁴³
142-7							d a i ³¹
143-7							ə ⁵⁴
149-7							ʃ ə ⁵⁴
152-7							ʃ a ³¹
157-7							ʃ ə ³¹
183-7							ʃ ə ³¹
184-7							j ə ⁵⁴
185-7							ʃ ə m ⁵³
189-7							m j ɪ ʔ ⁵⁴
192-7							b j ə m ⁴
195-7							ʃ ə ³
200-7							b i ⁴³
216-7							ʃ a̰ i ⁴³
218-7							l ə ⁵⁴
225-7							ʃ a ŋ ⁴³
235-7							kʰ i p ⁴³
244-7							ʃ a i ³¹
253-7							m i ⁴³
270-7							m ɪ ⁵³
278-7							m a i ⁴³
279-7							b a i ⁴³
285-7							b j a̰ i ³¹
308-7							b i i ⁴³
322-7							m ʃ i ³¹
325-7							b i ⁵³
337-7							m j ɪ ŋ ³¹
341-7							b ʃ ə ⁵³
347-7							ʃ a̰ ʔ ⁵⁴
362-7							β j i ⁴³ ⁴³
391-7							j a̰ p ⁵⁴
394-7							m ə ⁵⁴
397-7							ʃ i ⁴³
443-7							m j ɪ p ⁵⁴
460-7							ʃ ə t ⁵⁴
463-7							b ə i ⁵³
464-7							ʃ a i ⁴³
473-7							ʃ ə i ⁵⁴
476-7							kʰ j a̰ ʔ ⁵⁴
481-7							ʃ ə m ⁴
494-7							ʃ ʃ i ⁴³
496-7							m a i ⁴³
516-7							ə i ³¹
522-7							l ə ⁵⁴
523-7							b j a̰ ⁵¹ ⁴³
524-7							ʃ ə ⁴³
540-7							ʃ ə ³¹
3-7							b a̰ ŋ ⁵³
6-7							g w i ⁴³
7-7							dʒ ə ⁴
20-7							l a̰ ⁴
39-7							m ɪ ʔ ³
51-7							l a̰ ⁵³
64-7							g ɪ ⁵³
65-7							g w ɪ ⁵⁴
66-7							ə ³
71-7							ʃ i ³
76-7							a ə ³¹
77-7							m ɪ ³
78-7							h m ɪ ⁵³
82-7							b j ɪ ŋ ⁵³
87-7							l ə ³²
93-7							l ɪ m ⁵³
94-7							m a̰ ⁵³
100-7							ʃ a ŋ ⁵³
116-7							b a ə ⁴
119-7							l a m ³¹
124-7							b j u ⁵¹ ⁵³
136-7							l w i ⁴³
137-7							kʰ ə a̰ ⁵³
139-7							m ʃ ɪ ³¹
144-7							s ʊ t ⁵⁴
145-7							tʃʰ a ŋ ⁵³
146-7							m ɪ ⁵³
150-7							g a̰ ⁵⁴
154-7							m w i ³
165-7							g ɪ ŋ ⁵³
166-7							b ə a̰ ⁴
169-7							g a a̰ ŋ ⁵³
170-7							b ə a̰ ⁴
171-7							j a ŋ ³²
174-7							ə a̰ m ⁵³
181-7							m j a̰ ⁵⁴
193-7							b ə ³¹
205-7							l ə ⁵⁴
206-7							m a̰ ⁵⁴
212-7							ɪ ⁵⁴
214-7							l ṵ m ³¹
217-7							j ə ³
224-7							m a̰ a̰ ⁵³
228-7							b ə ³
238-7							l ɪ ⁵³
241-7							ʃ ə ³
256-7							ʃ ə ⁴
272-7							m ə ³
273-7							ʃ a ⁴
274-7							ʃ a ³¹
286-7							g a̰ ŋ ³¹
289-7							kʰ a i ³¹
294-7							ʃ ə ³¹
301-7							v ə ³
306-7							ʃ j ɪ p ⁵⁴
307-7							l a̰ ⁵⁴
321-7							tʰ a ŋ ³¹
331-7							h m a ɪ ⁴
332-7							l ɪ m ⁵³
335-7							g ɔ a̰ ⁴
336-7							l j ɪ m ³¹
340-7							l ɛ̰ ⁵³
342-7							m a a̰ ⁵³
360-7							ʃ ɪ p ⁵⁴
376-7							ʃ a̰ ⁵⁴
389-7							l j a̰ ⁵³
395-7							ʃ ə ³²
401-7							ʃ i t ⁴
404-7							d a ŋ ⁵³
408-7							b i ⁴
409-7							l ə m ⁵³
413-7							d a i ⁵³
421-7							m a̰ p ⁵⁴
425-7							b j ɪ ³
430-7							ʃ i ⁴³
442-7							tʰ ə ⁴
447-7							tʰ a ŋ ⁴³
456-7							ʃ ə ³¹
458-7							ʃ ə ⁴³
469-7							g ə ⁵³
475-7							a ɔ ³
477-7							l j a̰ ⁵⁴
478-7							m ɪ ⁴³
480-7							g i ⁴
485-7							m a̰ a̰ ⁴
499-7							m j a̰ ŋ ⁵³
500-7							m a̰ a̰ i ³
501-7							tʃʰ ə ⁴
506-7							b a̰ ŋ ⁴
507-7							ʃ ə ³²
509-7							l ṵ ŋ ⁴³
510-7							b j ɪ i ⁵³
511-7							l ʊ ⁵⁴
521-7							ʃ ɪ ⁵³
525-7							m ə w a̰ ⁵³
538-7							g ɪ ⁵³
539-7							tʃʰ ɪ ⁵³
544-7							g ɪ ʔ ⁵³
550-7							tʃʰ ʊ ⁵⁴
562-7							m ɪ ŋ ⁵³
568-7							g a ⁴³
2-7							g a ŋ ³⁴
12-7							β j ɪ ŋ ³¹
22-7							g a ŋ ³¹
28-7							b w i ³
29-7							tʃʰ a ³
30-7							l a ŋ ³¹
35-7							l ṵ ŋ ³⁴
38-7							d ɔ ŋ ⁵³
42-7							b j ɪ ⁴
52-7							tʃʰ a̰ ⁵⁴
55-7							b w a̰ ³¹
69-7							j u ⁵⁴
79-7							g a̰ ⁵³
83-7							tʃʰ ɪ ⁵³
86-7							v a̰ ⁴
89-7							s a ŋ ³⁴
90-7							b ə ³
91-7							h a i ⁵³
92-7							g ə ⁴
106-7							g ʊ ⁴³
120-7							ʃ a t ⁵⁴
148-7							j a ŋ ³²
163-7							ʃ ɔ ³
173-7							b ɔ̰ ³
179-7							ʃ a ŋ ⁵³
186-7							l ə t ⁴
187-7							l a ŋ ³⁴
197-7							l ə t ⁵⁴
209-7							kʰ a ŋ ⁴
210-7							l ṵ m ⁵³
211-7							d ɔ̰ ⁵³
213-7							l a̰ ⁴
220-7							tʃʰ ə ŋ ³⁴
237-7							ʃ ɔ ⁴³
239-7							l a m ³²
248-7							g i ⁴
252-7							g w ai ³¹
271-7							tʃʰ i ⁵³
277-7							tʃʰ z a ŋ ³¹
281-7							m a i ³¹
283-7							l ɪ m ⁵³
295-7							g ə ³
300-7							g ɔ ³
309-7							l a̰ ⁵⁴
313-7							kʰ m ɪ t ⁵⁴
314-7							tʃʰ ə m ⁵
315-7							tʃʰ a ŋ ³²
330-7							ə ai ⁴
333-7							m j a̰ ŋ ³
338-7							m j a̰ ⁵⁴
346-7							s ə t ⁵⁴
352-7							pʰ a i ³
353-7							d ə ŋ ³¹
356-7							s a m ³¹
357-7							s ə ⁵⁴
358-7							ʃ ə ŋ ⁵³
361-7							ɹ a̰ a̰ ⁵⁴
378-7							m a̰ t ⁵³
379-7							g j a̰ ⁵³
388-7							g j a̰ k ⁵³
390-7							j a̰ ³¹
398-7							a au ⁵³
399-7							g a̰ ŋ ⁵³
400-7							ŋ a ³
403-7							b u i ³¹
405-7							s ʊ p ⁵⁴
406-7							tʃʰ ə ⁴
407-7							ʃ ɔ ³
414-7							l ṵ m ⁴
423-7							g j i ⁵³
431-7							g a̰ ⁵³
435-7							g a̰ ⁵⁴
438-7							tʃʰ ə ⁵³
448-7							d z a ŋ ³¹
449-7							dʒ ə ŋ ⁵⁴
453-7							ə ³
465-7							tʃʰ ə ⁴
471-7							j a̰ ʔ ⁴
472-7							j a ʔ ⁴³
474-7							m i ⁴
482-7							ɪ t ⁴³
503-7							s ə ³
505-7							l a̰ m ⁵³
512-7							ə ə ⁴
515-7							tʃʰ ə i ⁴
517-7							l a ⁵³
529-7							ʔ ai ⁵³
530-7							s ə ⁵
535-7							b a ³²
536-7							d ə ⁴
542-7							b a̰ p ⁵⁴
561-7							l j ɛ̰ n ⁵³
563-7							ʃ ɪ t ⁴³
569-7							g ə ⁴
5-7							m au ³
8-7							a ³
16-7							a̰ p ⁵⁴
21-7							g j a̰ p ³¹
24-7							g a ³
27-7							d a ³¹
34-7							w i ⁴³
36-7							b a ³
37-7							l ai ⁵³
41-7							b ɔ ³
47-7							m ɪ ³²
