COGID	Amharic	Argobba	Chaha	Endegagn	Ezha	Geez	Gumer	Gura	Gyeto	Harari	Inor	Kistane	Mesqan	Muher	Silte	Tigre	Tigrigna	Wolane	Zway
61-1	d ɨ w																		
63-1	ʔ ɨ r r a s t																		
107-1	g ɨ mː ə w ə																		
112-1	d ɨ mː a ɲː a																		
331-1	ʔ ɨ h j ə s ɨ																		
377-1	ʔ ʔ ɨ h g ə ə a																		
381-1	ʔ ə ʔ ə n d o																		
417-1	j ɨ s																		
451-1	s ɨ ʔ ɨ n ə																		
454-1	ʔ ɨ nː h ɨ ɲː s ə																		
484-1	ʔ ɨ ə n g t																		
535-1	ʔ ɨ h ə ɲː j																		
543-1	s ɨ lː ə s j																		
593-1	ʔ ɨ s g a m																		
640-1	ʔ d ɨ ɲː ə																		
1-1	d ɨ mː ə s ə																		
65-1	tʼ ɨ j ɲː j j																		
212-1	ʔ ɨ s																		
244-1	ʔ ɨ r b kʼː ə j t																		
248-1	ʔ ʔ ɨ s kʼ a																		
293-1	tʃʼ ɨ ɲː ə																		
373-1	ʔ ə ɨ s ə o																		
408-1	ʔ ɨ h ə w a																		
414-1	ʔ ə h ə h ə j a																		
601-1	ʔ a a ə bː ə d ə																		
642-1	ʔ ɨ f a																		
60-1	s ə rː a s a																		
115-1	ɨ ɨ j a a																		
209-1	ʔ ə s a j																		
242-1	ʔ ə h kʼː ə s t t																		
415-1	ʔ ɨ mː ə																		
450-1	s ɨ r u																		
490-1	tʼ ə h ə ə ə t																		
638-1	s a lː ɲː ə																		
645-1	tʃʼ a a																		
160-1	tʼ ə rː ə s a																		
208-1	ʔ ə tʃʼ bː ə h u a w																		
214-1	ʔ a bː a																		
378-1	ʔ ə rː g kʼː ə s t																		
379-1	ʔ ə h ɨ f ə s t																		
409-1	ʔ ɨ b g ə w a																		
598-1	ʔ ə lː b ə t																		
646-1	ʔ ə h ɨ kʼ ə t																		
210-1	ʔ ə h ʃ ə j ə																		
215-1	ʔ ə zː bː ə kʼ ə t																		
285-1	j ə dʒː ə dʒː																		
332-1	ʔ ɨ s g a a																		
380-1	ʔ ə h ə j j																		
412-1	s ə h ə s																		
64-1	ʔ ə h ə h t																		
67-1	j ə bː kʼː j j																		
251-1	tʃʼ ə w a a t																		
294-1	ʔ ə tʃʼ ə ə kʼː ɨ ɲː a t																		
597-1	ʔ ə ə kʼː ə kʼː a j a																		
7-1	d a a g a																		
158-1	s ə s g ə s t																		
372-1	s ə n g ə a																		
374-1	ʔ a ʔ a a a k t j																		
375-1	s ə fː																		
411-1	s ə bː lː ɨ																		
541-1	tʃʼ ə g ə																		
6-1	ʔ ə j kʼː ə j a																		
113-1	d ɨ w ə																		
330-1	tʃʼ ɨ n b																		
448-1	ʔ a d ə m ə k ə ə t ə t																		
449-1	w j h a t																		
491-1	ʔ ə n g ə t																		
596-1	j ɨ dʒː a																		
4-1	ʔ ʔ j h kʼː t t j																		
8-1	ʔ a a ə kʼː ə t t																		
106-1	ʔ ɨ n g ə																		
290-1	dʒ ɨ h ə s ə																		
489-1	ʔ ʔ a h kʼː j t j																		
602-1	j ə s g t																		
2-1	ʔ ʔ ɨ mː ə s j t																		
3-1	tʃʼ ə h g ə a																		
213-1	ʔ ə rː ə s w																		
486-1	k ə bː ə kʼ ə t																		
647-1	ʔ a h a																		
10-1	tʼ ɨ h g a a																		
110-1	d a ʃː j kʼ																		
152-1	w ɨ j a																		
211-1	s ɨ mː ə																		
328-1	ʔ ə g ə s ə t																		
333-1	tʃʼ ə h a s a																		
334-1	ʔ a n h ə d a																		
410-1	ʔ a j j j a																		
540-1	j ɨ ʃː a																		
109-1	ʔ ɨ n f a																		
153-1	s j a a kʼː kʼː a																		
250-1	ʔ ʔ h ə r ə t																		
289-1	dʒ ɨ b a																		
326-1	tʃʼ ɨ ə a																		
594-1	ʔ ə bː kʼ j ə																		
154-1	ʔ ə ʔ a l ə s ə t																		
245-1	ʔ ʔ j kʼː j j j																		
247-1	ʔ ɨ s ʃ ə s ə s ə t																		
286-1	b ə ə r																		
643-1	d a bː g kʼ																		
62-1	ʔ ə j ɨ h ə																		
288-1	ʔ ə ɨ																		
416-1	s ɨ a u																		
5-1	ʔ ɨ bː sː h																		
61-2		b ə w																	
63-2		ʔ ɨ n m a s t																	
107-2		d ɨ m ə w ə																	
112-2		d ɨ m a s a																	
331-2		k ɨ g a s																	
377-2		ʔ ɨ ə g a a a o																	
381-2		ʔ ə n ə n t o																	
417-2		ɨ ə s																	
451-2		tʃ ə ə n kː e t																	
454-2		dʒ ɨ m g ɨ sː tʃː t																	
484-2		dʒ ɨ d ɨ ɲː o m																	
535-2		k ɨ sː ɨ r w																	
543-2		tʃ ə fː ə r t																	
593-2		k ɨ sː m a s																	
640-2		tʃ ə ə w																	
1-2		tʃʼ ɨ m ə s a tʃː																	
65-2		tʼ ɨ dʒː o dʒː ʃ																	
163-2		w ə ə a ə																	
212-2		ʔ ɨ sː																	
244-2		d o r n kː a tʃː																	
248-2		dʒ kʼ ɨ r tʼ a t																	
293-2		d o r ə s																	
373-2		kʼ ɨ m ə a																	
408-2		ʔ ɨ ə w ə																	
414-2		tʼ ɨ ɨ kː ɨ m a																	
642-2		k ɨ g f a s																	
60-2		s ɨ rː ə s a																	
115-2		ɨ ɨ dʒː a a																	
209-2		k ɨ sː a n t																	
242-2		n ɨ h dʒ ɨ s t																	
415-2		d ɨ m ə t																	
450-2		d o r																	
490-2		tʼ ɨ a a ə tʃː																	
645-2		tʃ ɨ a																	
160-2		tʃʼ ɨ rː ɨ s a																	
208-2		g ɨ n g ə ə z e w																	
378-2		ɨ rː kː kː ɨ tʃː t																	
379-2		w ɨ n kː ɨ s t																	
409-2		d o g ə w e																	
598-2		d o r a o t																	
646-2		ʔ ə fː ə kː ə t																	
210-2		tʼ ɨ h ɨ s ə																	
215-2		g o n dʒ ɨ kː a tʃː																	
285-2		tʼ ɨ dʒː ɨ dʒː																	
380-2		ʔ ɨ h ɨ z a																	
412-2		s ɨ f ɨ s e																	
496-2		m m ʔ ɨ ə m e m kː a tʃː t t t t																	
64-2		tʼ ɨ h ɨ w w																	
251-2		tʃʼ o j a a t																	
294-2		g ə m ə d a w a t																	
597-2		z o d dʒ d e z e																	
7-2		d o ɨ g e																	
158-2		tʃʼ ɨ sː a s t																	
296-2		ɨ ɨ m a tʃː ə																	
375-2		tʃ ə f																	
541-2		s ə f ə																	
113-2		d ə w a																	
252-2		n ə ɨ kː a tʃː																	
330-2		g o n b																	
449-2		ʔ w h ɨ a t																	
491-2		tʼ ɨ n g ə t																	
545-2		m ə a tʃː ɨ																	
596-2		w ɨ dʒː a																	
4-2		ə e r kː o w a																	
106-2		tʃ ɨ g a																	
254-2		d ə m tʼ d ə tʃː																	
290-2		k ɨ ɨ s a tʃː																	
602-2		w ɨ h g t																	
2-2		tʃʼ ə ɨ m ɨ s w t																	
3-2		d e h g m m																	
213-2		tʃʼ ɨ rː ɨ s d																	
486-2		w o dʒ s e t																	
10-2		tʼ e h o a a																	
152-2		ʔ ɨ ʃ a																	
211-2		s ɨ m ə t																	
328-2		tʼ ɨ d ɨ d a t																	
333-2		w ə h ə s a																	
334-2		dʒ ɨ n g o ʃ o																	
540-2		w ɨ b a																	
109-2		g ɨ n f o																	
250-2		m ə j ə t																	
289-2		dʒ ɨ l b																	
326-2		tʃ ɨ ə o																	
154-2		ə l ə r ə s a t																	
247-2		ʔ ɨ sː dʒ a rː a s a t																	
286-2		tʃ ə g o r																	
418-2		ə h ə r a																	
416-2		k ə m e																	
455-2		m ə o tʃː a																	
456-2		ʔ ʔ ʔ m ʔ ə m n dʒ ə d k t t t t t																	
495-2		kː a tʃː																	
61-3			g ə z																
63-3			ʔ a g t ə s g																
107-3			ʔ a l ə ə ə																
112-3			ʔ a a ə ə ə																
331-3			ʔ ə g a ə t t																
377-3			m ʔ ə t g ə ə ə																
381-3			ʔ t g ə ə g g																
417-3			ɨ ə g																
451-3			m ə t ə g a g																
454-3			m ə g t ə ə g ə																
484-3			m a t ə g t																
535-3			ʔ a s ə a g g																
543-3			m ə t t g g t																
593-3			ʔ a s g ə t																
640-3			ʔ ə ə ʃ ə																
1-3			ʔ ə g ə ə ə m																
65-3			ʔ ə t g g t																
163-3			ʔ ə g g g ə																
212-3			ʔ ə z g																
244-3			m ə ə t g ə g g																
248-3			m g ə ə g ə g																
293-3			ʒ ə s ə z																
373-3			ʔ t ə l ə a																
408-3			ʔ a a g ə ə																
414-3			m ə s ə g ə ə ə																
601-3			ʔ a s ə g g g																
642-3			m a t g ə t																
60-3			s a s ə g ə m																
115-3			ʔ ə l ə																
209-3			m ə s t ə g g g																
242-3			m ə s t ə g g t																
415-3			ʔ ə ə ə g																
450-3			m a s g g																
490-3			ʔ ə g t ə ə m																
638-3			ʔ a t g ə t																
645-3			g a a																
75-3			ʔ a s g ə ə																
160-3			ʔ ə s ə g a																
208-3			m ə t t l ə ə a g																
214-3			ʔ ə g l g																
218-3			ʔ ə s g ə ə g																
378-3			ʔ ə l g t ə t t																
379-3			ʔ ə t ə g ə g t																
409-3			ʔ ə g t ə a ə																
497-3			ʔ ə g g ə																
598-3			x x g ə ə t																
646-3			ʔ a g t t ə t																
164-3			ʔ ə g t g ə m																
210-3			ʒ ə s l ə ə ə																
215-3			ʔ ə g g ə g ə g																
256-3			ʔ ə z ə																
285-3			s ə g ə g																
332-3			ʔ a g g ə a g																
380-3			ʔ ə g ə ə ə																
412-3			x a x a t t																
496-3			m a m t t m ə g ə g g																
64-3			ʔ ə g ə g																
67-3			a ə g g a g																
169-3			s ə g n ə g ə t t																
251-3			s ə ə ə ə g																
461-3			ʔ g g ə																
547-3			s ə g ə g																
597-3			m ə t t t g ə r ə																
655-3			ʔ t s ə g g t																
7-3			ʔ ə ə g a																
158-3			t ə ə t ə a t																
168-3			ʔ ə g ə a																
296-3			s ə s ə ə g t																
372-3			ʔ a x g ə																
374-3			ʔ a g s ə l g g ə																
375-3			ʔ a ə t t																
385-3			ɨ a g ə g																
411-3			ʔ a g a t g ə g																
500-3			ʔ ə l a a g																
6-3			ʔ ə ə g ə z ə																
17-3			ʔ a g ə r																
123-3			s ə s ə g g																
252-3			m ə g ə ə ə g																
421-3			ʔ ə g ə																
448-3			ʔ ə t a t t s ə s g ə g																
449-3			t a t ə ə m																
545-3			ʔ a s ə g g																
596-3			s ə g ə																
653-3			ʔ ə g ə g																
4-3			ʔ t ə g g g g ə																
254-3			t ə ə ə g ə g																
290-3			t ə g ə g ə g																
339-3			ʔ ə g a a g																
460-3			s s t t a g																
489-3			ʔ s ə ə t ə z ə																
552-3			s ə g g g																
652-3			ʔ ə g t ə g g g ə																
119-3			ʔ a n g ə g ə																
298-3			ʔ g ʔ ə g g																
340-3			ʔ ʔ ə g g ə																
458-3			ʔ a s g ə r ə																
459-3			ʔ ə g g g ə																
607-3			ʔ ə g a ə g																
609-3			ʔ ə g ə																
647-3			t t t g g g																
10-3			ʔ ə g g ə ə																
15-3			ʔ a s t ə t																
18-3			ʔ a g a ə ə																
73-3			ʔ ə g l ə ə ə m																
76-3			ʔ ʔ a l ə g ə																
110-3			ʔ a g a g																
121-3			ʔ ə g ə																
167-3			ʔ ə ɨ ə																
255-3			ʔ ə ə g g g ə																
297-3			ʔ a s g ə a																
299-3			ʔ a s g ə a																
338-3			ʔ ə s t g ə ə																
342-3			l ə s ə																
344-3			ʔ ə s ə m																
410-3			ʔ a s g ə																
540-3			s ə g ə																
550-3			ʔ a s g ə ə																
153-3			a a g t t g a g g																
219-3			ʔ ə g a g																
250-3			s a g a ə ə g																
301-3			ʔ ə g ə a a																
74-3			g s ə g ə																
120-3			ʔ a g g ə																
122-3			g a x ə																
220-3			ʔ ə ə ə g																
245-3			ʔ ʔ ə s ə ə ə																
300-3			ʔ g ə l g																
341-3			ʔ ə l t a r ə																
549-3			m a t t t ə g g g ə																
610-3			ʔ a x g t ə																
118-3			ʔ ə g ə																
221-3			ʔ ə g a p a																
420-3			ʔ ə g g ə g																
455-3			ʔ ə g ə g ə																
495-3			t ə g ə g																
498-3			t t t g g g g																
61-4				d a															
63-4				ʔ a ʔ ʔ ə															
107-4				ʔ a ə ə															
112-4				d a a j ə															
331-4				d a d a d d															
377-4				d d a ʔ ʔ ə ə															
381-4				ʔ d ʔ d															
417-4				a a															
451-4				d a ʔ ʔ h d															
454-4				ʔ a ʔ ʔ d															
484-4				d a d a h															
535-4				ʔ a r d															
543-4				d a ʔ a n															
593-4				ʔ a m ə ə															
640-4				d a a d d															
1-4				ʔ a ʔ a ə d															
65-4				ʔ a ʔ d															
163-4				d a d ə															
408-4				d a ə ə															
414-4				d a d ə ʔ a ə ə															
601-4				ʔ a ə d															
642-4				d a ʔ n ə															
60-4				d a a n ə d															
115-4				b ə ə															
450-4				d a a ʔ															
490-4				ʔ ə d ʔ r ə d															
638-4				d a j ə d															
645-4				b a															
75-4				ʔ a m ʔ ə r															
160-4				b ə m ə d															
378-4				ʔ ə ʔ ʔ ə d d															
379-4				d ə ʔ ʔ ʔ ə d d															
409-4				d a ʔ ʔ ə ə															
497-4				d a ʔ															
598-4				ə ə ə a ə															
646-4				ʔ a ʔ ʔ n a d															
164-4				b a ʔ ʔ ə d															
332-4				ʔ a ʔ ʔ ə d															
380-4				ʔ a ʔ d a															
412-4				d a d a d d															
64-4				ʔ ə d ə ə															
67-4				a ə ə d															
169-4				g ə ʔ b ə h ə d d															
461-4				d d ə															
547-4				a ə ə d															
597-4				ʔ ə ʔ ʔ ə ə															
655-4				ʔ d a ʔ d															
158-4				ʔ t ʔ d d															
168-4				ʔ ə ə ə															
372-4				d a ʔ a d															
374-4				ʔ a ʔ ʔ ə r ə d ə															
375-4				ʔ a ʔ															
385-4				a ə ʔ ə d															
411-4				d a ʔ ʔ															
500-4				ʔ a ə															
541-4				d a ʔ a j															
6-4				d ə a ə d ə															
17-4				ʔ ə ə															
330-4				d a ʔ d															
421-4				ʔ ə j ə															
449-4				b a ʔ ʔ ə															
545-4				ʔ ə ə j a															
596-4				b ə d ə															
653-4				ʔ ə h ə d															
4-4				ʔ ʔ ə ʔ ʔ ə ə															
8-4				d ʔ ʔ d d															
106-4				d ə ʔ ʔ ə															
339-4				ʔ ə ʔ ə r d															
489-4				ʔ a ə ʔ ə ə															
652-4				ʔ ə ʔ ʔ ə ʔ d ə															
119-4				ʔ a ʔ a d ə															
340-4				ʔ a a n ə															
458-4				ʔ a ʔ a d ə															
486-4				g a ʔ ə ə															
607-4				ʔ a ʔ ə ə															
609-4				ʔ ə j a															
15-4				ʔ a ʔ ə															
18-4				ʔ a ʔ a j ə															
73-4				ʔ a ʔ ə ə j ə d															
76-4				ʔ ʔ a a ə ə															
110-4				ʔ a ʔ a d															
121-4				ʔ ə d ə															
167-4				ʔ ə a ə															
334-4				d a d ʔ															
342-4				b ə j ə															
344-4				ʔ ə ə d															
410-4				ʔ a d															
550-4				ʔ ə n ʔ ə d															
612-4				ʔ a d ʔ d d															
120-4				ʔ a a d a															
122-4				ʔ a ə ə															
341-4				ʔ a b a j ə															
549-4				ʔ ə ʔ ʔ ʔ ə ʔ ə ə															
610-4				ʔ a ʔ ʔ a ə															
61-5					ʔ ə sː														
63-5					ʔ a dː dʒː ə r g														
107-5					b a nː ə s ə														
112-5					ʔ a nː ə s ə														
331-5					s ɨ dː ə ə ʃ														
377-5					ʔ ʔ ɨ dʒː g ə ʃ ə														
381-5					ʔ f dʒː ə g g ə														
417-5					z ə sː														
451-5					s ɨ mː b ɲː a g ə														
454-5					ʔ ɨ dː dʒː ə s g m														
484-5					s a dː ə r g g g														
535-5					ʔ a s ə r g ə														
543-5					s ɨ r ə m g ɲː														
593-5					ʔ a m ə ʃ														
640-5					s ə a ʃ														
1-5					ʔ a dʒː ə nː ə m														
65-5					ʔ ɨ dː a r a														
163-5					s ɨ dʒː ə ə ə														
212-5					ʔ ə sː ə														
244-5					ʔ a r dʒː ɲː ə g g ə														
248-5					s ə ə g ə														
293-5					s ə r ə m														
373-5					ʔ ʔ ə ʃ ə ə														
408-5					ʔ a nː ə s ə														
414-5					ʔ ɨ mː ə dː ə s ə														
601-5					ʔ ɨ nː a ɲː ə g														
642-5					s a mː r ə sː														
60-5					s a nː ə s ə m														
115-5					ʔ a s ə m														
209-5					ʔ a sː a g g g														
242-5					ʔ a dː ʔ ə ʃ g														
415-5					s a ə ə														
450-5					s ɨ r g m a														
490-5					ʔ a dː ə s ə m														
638-5					s ɨ r s ə m														
645-5					ʔ a a														
75-5					ʔ ɨ m g ə ə ə														
160-5					ʔ a s ə m g														
208-5					ʔ a dː dʒː r l ə sː ə m														
214-5					ʔ a g nː														
218-5					ʔ ə sː dʒː ə sː g														
378-5					ʔ a nː b b ə g g														
379-5					ʔ a ʔ dʒː dː ə g g														
409-5					g ɨ g b ə sː ə														
497-5					ʔ ɨ g g m														
598-5					l ə r ə ə														
164-5					ʔ a dː b sː ə m														
210-5					ʔ a sː l ə ʃ ə														
215-5					ʔ a dʒː dː a g ə m														
256-5					ʔ ə sː ə														
285-5					ʔ a ʔ ə g														
332-5					ʔ ɨ dː g ə r														
380-5					ʔ ə dː a ə ə														
496-5					ʔ a ʔ ʔ a ʔ a n g ə n g														
64-5					ʔ a b ə g ə														
67-5					ɨ ə dː n s g														
169-5					s ə dː nː ə s ə m ə														
251-5					ʔ a z a r m														
294-5					ʔ a a ə a dː g g a														
461-5					ʔ a g ə														
547-5					ə a sː ə m														
597-5					ʔ a m dː a b ə nː ə														
655-5					ʔ f l ɨ sː m														
7-5					ʔ a ə g a														
168-5					ʔ a nː ə ə														
296-5					s a dː m ə g a														
372-5					ʔ a r r a ə														
374-5					ʔ a dː ə s g g ə														
375-5					s ə m g ɲː														
385-5					s a ʔ ə m														
411-5					ʔ ə ʔ ə ə g ə														
500-5					ʔ ə nː a s ɲː														
6-5					s a m g ə r ə														
17-5					ʔ ɨ g ə s														
113-5					ʔ ə r														
123-5					ʔ ə sː ə ʃ g														
252-5					ʔ a ʔ a g a m														
421-5					ʔ a sː ə														
448-5					ʔ a dʒː a nː r ə m g ə m														
449-5					ʔ a dː z ə m														
545-5					ʔ ɨ nː ə r g														
596-5					s a g ə														
653-5					ʔ a ʔ ə m														
4-5					ʔ a a a dː g g ə														
8-5					ʔ a ʔ a dː a g g														
290-5					s ə dʒː ə ʃ ə m														
339-5					b ə g ə s g														
460-5					ʔ ə dʒː dʒː ə g ə														
489-5					ʔ ə ə s b ə sː ə														
552-5					ʔ ə dʒː ɲː ə														
602-5					f ə dʒː ɲː m														
652-5					ʔ ə dː b ə m g g ə														
3-5					ʔ a dː b r ə														
119-5					ʔ a nː ʔ ə g ə														
298-5					f dʒː l a g														
340-5					ʔ a s g ə														
458-5					ʔ a nː g ə r ə														
459-5					ʔ ə dː m sː ə														
486-5					f ə dʒː ə m ə m														
607-5					ʔ a ʔ ə ə g														
609-5					ʔ a g ə														
647-5					ʔ a dː ʔ a g m a														
15-5					ʔ ə nː b ə sː g														
18-5					s a ʔ a ə ə														
73-5					ʔ ə g r ə s ə m														
76-5					ʔ ʔ l l ə g ə														
110-5					ʔ a z ə m														
121-5					ʔ a g ə														
152-5					ʔ a z a														
167-5					ʔ a sː ə														
255-5					ʔ ə a s a g ə														
297-5					ʔ a l g ə a														
299-5					ʔ a l g ə a														
334-5					ʔ a dː dʒː a m a														
338-5					ʔ ə s dʒː g ə ə														
342-5					s a sː ə														
344-5					ʔ a sː ə m														
410-5					ʔ a s a a ə														
550-5					ʔ a l g ə ə														
612-5					s ə r a ɲː n g														
219-5					ʔ ə g ə m														
250-5					ʔ a ʔ ə g ʃ m														
301-5					ʔ ɨ ʔ ə l ə														
74-5					ʔ ɨ ə g ə														
120-5					ʔ a ə g ə														
220-5					ʔ ə ɨ ə m														
245-5					ʔ ʔ ə ɨ ə sː ə														
300-5					ʔ a l g														
341-5					ʔ a nː b ə s ə g														
549-5					ʔ ɨ ʔ ə t ə n g g ə m														
643-5					ʔ z sː l e														
118-5					ʔ ə g ə														
420-5					ʔ ə g sː ə g														
455-5					ʔ ə ʔ g ʃ ə														
495-5					ʔ ʔ ʔ ə g														
61-6						d e r													
63-6						ʔ ɨ g b o r ə													
107-6						g ɨ l o r e													
112-6						d ɨ b ə m o													
331-6						s e g ə e s u													
377-6						ʔ t e g b ə m u													
381-6						ʔ ɨ ħ e ħ d a													
417-6						e e s													
451-6						s e s ɨ g ə tː a													
454-6						ħ ɨ g g e r ə r													
484-6						s e ʔ ɨ s b t													
535-6						ʔ ɨ s e r ə													
543-6						s e r a s ə													
593-6						ʔ e r g ə s													
640-6						s f e m r													
1-6						d ɨ n ə r ə m													
163-6						s ə g ə													
212-6						ʔ e n													
244-6						ʔ ɨ r g b e t d u													
248-6						m f e r b ə d													
293-6						s e r e m													
373-6						ʔ ʕ e m ə m													
408-6						b ɨ ʕ ə r o													
601-6						ħ ə s ə b u t u													
642-6						s ɨ g b o z													
60-6						f ə n ə d ə m													
115-6						ɨ ə ə ə m													
242-6						ʔ ɨ s w ɨ s d u													
415-6						s e n u t													
450-6						s ə r ə t													
490-6						ʔ ɨ b g ə e m													
638-6						s ə r s u t													
645-6						tʼ ə r													
75-6						ħ a r w ə u a													
208-6						ʔ ɨ n g ə b ə ə ə ə													
214-6						ʕ ə bː ə ə													
218-6						ʔ ə f s ə s													
409-6						ʕ ɨ g b o m ə													
497-6						g a l l													
598-6						k ə l ə ə t													
646-6						ʔ ɨ n u t a t													
215-6						ʔ ə g g ə g ə m													
256-6						g ə l u													
294-6						ʔ ʔ ə ə ə g ɨ a a t													
655-6						g ʕ ʔ ə s ə t													
158-6						ʔ ɨ n g ə d ə													
372-6						g ə r s ə m													
375-6						s ə r b													
411-6						ʔ ə b r ə t u s													
500-6						ʔ a s ə z													
541-6						g e ʕ e m													
113-6						ʔ e n ə													
252-6						n ə g ɨ r ə t													
330-6						k ɨ r b a													
448-6						kʼ ə w ə m g ə m t ə t													
106-6						m ɨ s l o t													
290-6						z ɨ g ə d ə kʼ													
460-6						ʕ ə g b ə t l													
552-6						ʕ ə g b													
602-6						ʔ ɨ ħ ə ə													
2-6						ʔ ʕ ɨ mː e m ʔ t													
298-6						ʔ ʕ b ə t l													
486-6						n ə g ə b ə m													
211-6						m ɨ s ə d													
333-6						ʔ ɨ s ə r d													
334-6						d ə n b ə d ə													
612-6						ʔ a w ə ʕ a t													
289-6						z ɨ ʔ b													
326-6						s ɨ b ə t													
594-6						ʕ ə b b kʼ ə													
154-6						ʔ ɨ g ə r ə r ə t													
286-6						d ɨ g o r a t													
418-6						ʔ ə r b u z ə													
615-6						s e													
288-6						s ɨ ʔ ə s													
5-6						ʔ ɨ b h d													
61-7							s ə s												
63-7							s ə x g ɨ s												
107-7							s ə s ə a ə												
112-7							s ə ɨ a ə												
331-7							s ə s a												
377-7							s s ə s ə a												
381-7							s s g ə g												
417-7							ɨ ə												
451-7							s ə x ə s												
454-7							s ə x s ə ə												
484-7							s ə s ə s												
535-7							s ə s ə s s												
543-7							s ə g s g s												
593-7							s ə s ə s												
640-7							s s ə												
1-7							s ə s ə ə ə s												
65-7							s ə s s s												
163-7							s ə s g j ə												
212-7							ə s												
244-7							s ə ə j ə												
248-7							s s ə ə ə												
293-7							s ə s ə s												
373-7							s s ə s ə												
408-7							s ə a ə												
414-7							s ə s s j ɨ a ə												
601-7							s ə s a												
642-7							s ɨ s s ɨ s												
60-7							s ɨ s ə s ɨ s												
115-7							s ə s a s												
209-7							s ə s s												
242-7							s ə s g ə s												
415-7							s ə s s												
450-7							s ɨ s												
490-7							s ə s a ə s												
638-7							s ɨ s ɨ												
645-7							s ɨ a												
75-7							s ɨ s s ɨ												
160-7							s ə s ə s												
208-7							s ə s ə ə a a												
214-7							s a g												
218-7							s ə s s ə a												
378-7							s ə s j ə s												
379-7							s ə j ə g												
409-7							s a ə a ə												
497-7							s ə g												
598-7							g g s ə												
646-7							s w												
164-7							s ə s g ə												
210-7							s ə s s ə a ə												
215-7							s a g s a g a												
256-7							ə s ə												
285-7							s ə s ə s												
332-7							s ɨ g g ɨ a												
380-7							s ə s s s a												
412-7							s ə s ə s												
496-7							s ɨ s ɨ s a ɨ												
64-7							s ə x ə s												
67-7							w w												
169-7							s ə s s ə s ə s												
251-7							s a s s s s												
294-7							s s s s ɨ												
461-7							x s j ə												
547-7							ə ə s ə s												
597-7							s a s g j ɨ s ɨ												
655-7							s s s ɨ s s												
7-7							s a s g a												
158-7							s s s ɨ s												
168-7							s ɨ s ɨ a												
296-7							s a s s ə g												
372-7							ɨ s												
374-7							s ɨ x ɨ s ɨ												
385-7							ɨ ɨ s ɨ s												
411-7							s g j ə												
500-7							s w s ə s												
6-7							s ɨ s g ɨ s ɨ												
17-7							a s												
123-7							s ə s ə s												
252-7							ə ə j ə												
421-7							x ɨ s ɨ												
448-7							s a s ɨ s s a s a												
449-7							s s g s a												
491-7							s s												
545-7							ɨ s ɨ												
596-7							s ɨ g ɨ												
653-7							x ɨ s ɨ s												
8-7							s s s s j ɨ												
254-7							s w ə												
290-7							s s s s s ə												
460-7							s a g g a s												
489-7							s s a s j ə s a												
552-7							s s g s												
652-7							s a s x a s ə ə												
3-7							s s s g j												
119-7							s ɨ s g ɨ s ɨ												
298-7							s s ə												
340-7							s s ɨ s ɨ												
458-7							s ɨ s g ɨ s ɨ												
459-7							s s s s a												
486-7							s x g s												
607-7							s ɨ s a ɨ												
609-7							s ɨ s ɨ												
10-7							s s s a												
15-7							s ɨ s g ɨ s												
18-7							a ɨ s a a ə												
73-7							s a x s a a a												
76-7							s s s s ə ə												
110-7							x s s a												
121-7							x a s a												
152-7							g s s s												
167-7							x a a a												
255-7							s s a s g s a												
297-7							s a s g a a												
299-7							s a s g a a												
338-7							s s s g a s												
342-7							s a s a												
344-7							x ɨ s a												
410-7							s s s s s												
540-7							s s j a												
550-7							s a s ɨ												
153-7							s s s s g s s												
219-7							a a s												
250-7							a a s ə g g												
301-7							s a s ə a a												
326-7							s g												
74-7							s s a s a												
120-7							s s s g ə												
122-7							x ɨ s												
220-7							s a a ə												
245-7							s s ə s ə ə												
300-7							s x ə												
341-7							s ə s ə												
549-7							s ɨ s s g a s ə												
610-7							s ə x												
643-7							s s s												
118-7							s ə s ə												
221-7							s ə x												
420-7							s a ə s												
455-7							s s g g ə												
495-7							s g g s s												
61-8								g ə s											
63-8								h ɨ t t ə s											
107-8								h ɨ l ə ə ə											
112-8								h ɨ n ə s ə											
331-8								m ɨ g ə ə s											
377-8								b b ɨ t l ə ə ə											
381-8								h b ʔ ə g g											
417-8								ɨ ə s											
451-8								s ɨ b a i ə											
454-8								h ɨ a ə r											
484-8								s ɨ s ə s g ə											
535-8								h ɨ s a r g											
543-8								ʒ ɨ g a s g ə											
593-8								h ɨ m ə s											
640-8								m ə ə ʃ a											
1-8								b ə b ə r ə ə											
65-8								h ɨ s i s ə											
163-8								ʒ ɨ s g ə											
212-8								dʒ ə s ə											
244-8								h ə ə i ʔ ə g ə											
248-8								s ə ə g ə ə											
293-8								ʒ ɨ s ə s											
373-8								kʼ dʒ ə s ə a											
408-8								b ə a i ə ə											
414-8								h ɨ s ə n ə s ə											
601-8								h ə r ə a											
642-8								ʒ ɨ t g ə s											
60-8								s ə s ə s ə ə											
115-8								dʒ ɨ s ə s											
209-8								s ə s n ə g ə											
242-8								h ə s ʔ ə s g ə											
415-8								s ə s ə a											
450-8								h ɨ s g i											
490-8								b ə b i ə ə ə											
638-8								s ɨ a r ə											
645-8								g ə s											
75-8								h ɨ m g ə ə											
160-8								b ə r ə m ə											
208-8								b ə s tʼ n ə ə a ə											
214-8								h ɨ g a ə											
218-8								h ə s s ə s ə											
378-8								b ə s g a ə a a											
379-8								ʒ ə b t ʔ ə a a											
409-8								h ə b ʔ ə a ə											
497-8								ʒ ɨ g ə											
598-8								ʒ ə r ə ə m											
646-8								h ə b t r ə ə											
164-8								b ə b i i ə ə											
210-8								ʒ ə s a ə s ə											
215-8								b ɨ a ʔ ə t ə ə											
256-8								dʒ ɨ s ə											
285-8								m ɨ g ə z											
332-8								h ə a g ə s											
380-8								h ə s a ə ə											
412-8								s ə s ə s ə											
496-8								ɨ ɨ b a ɨ s ə s ə											
64-8								b ə b ə g i											
67-8								ə ə b ə ə											
169-8								s ə a r ə r ə s ə											
251-8								ʒ ɨ l l s ə											
294-8								b b mː s ɨ i i g ə ə											
461-8								ʔ m g ə											
547-8								ə ə s ə s											
597-8								b ə s ʔ s ʔ ə s ə											
655-8								b b m ə s m											
7-8								b ə ə g a											
158-8								h ɨ s a a s a											
168-8								dʒ ə s ə ə											
296-8								ɨ ɨ s a ə a											
374-8								b ə b i ə r i ə											
385-8								ɨ ə g ə m											
500-8								j ə r a r											
6-8								ʒ ə r ʔ ə s ə											
17-8								h ə s ə a											
123-8								s ə s ə s ə											
252-8								h ə b ə g ə ə											
421-8								b ə s ə											
448-8								b ə b a n i i ə s ə ə ə											
449-8								h a a s ə s											
545-8								s ə s ə a a											
596-8								s ə g ə											
653-8								b ə g ə s											
4-8								b b ə t r i g ə											
8-8								h ɨ b ɨ t a g i											
254-8								b ə a i t ə ə											
290-8								h ə g ə a ə m											
339-8								b ə ʔ a r											
460-8								s s ʔ ʔ a s											
489-8								b s ə ə ʔ ə w ə											
552-8								s ə g ə ə											
652-8								b ə s ʔ ə s a g ə											
3-8								dʒ a n t a ə											
119-8								b ə s ʔ ə g ə											
298-8								b b l ə p a											
340-8								b ə ə r ə ə											
458-8								b ə s ʔ ə s ə											
459-8								ʔ ə a a s ə											
607-8								b ə g a ə											
609-8								ʔ ə s ə											
10-8								s ɨ t i ɨ s											
15-8								b ə s ʔ ə s i											
18-8								ʒ ə s ə ə ə											
73-8								b ə b l ə r ə ə											
76-8								b b l a ə g ə											
121-8								ʔ ə g ə											
167-8								g ə ə ə											
255-8								b ə ə s s g ə											
297-8								b ɨ s ʔ ə s											
299-8								b ɨ s ʔ ə s											
338-8								s ə s t g ə ə											
342-8								l ə s ə											
344-8								s ə s ə m											
410-8								h ɨ s i s ə											
540-8								s s s ɨ											
550-8								b ə s g ə ə											
219-8								g ə g a s											
250-8								s a g a t ə ə											
301-8								b ə ʔ ə a ə											
74-8								g s ə g ə											
120-8								g ə n g ə											
122-8								b a s ə											
220-8								ʔ ə ə ə ə											
245-8								b ʔ ə s ə ə ə											
300-8								s ə l i											
341-8								b ə r ʔ a r ə g											
549-8								b ɨ b b ə s g ə ə											
610-8								b a r t g ə r											
643-8								b s g z ə											
118-8								g ə g ə											
221-8								b ə ʔ a r a											
420-8								b ə g s ə ə											
455-8								h ə ʔ g ʃ ə											
495-8								b g g ə t											
498-8								h a ʔ a a a g											
61-9									ʔ ə										
63-9									ʔ ə g ə										
107-9									ʔ ə ə ə ə										
112-9									ʔ ə j ə ə										
331-9									m ə g ə										
377-9									ʔ ʔ ə g g ə ə										
381-9									ʔ ə ə g										
417-9									ə ə g										
451-9									ʔ ə ʔ z g a g										
454-9									ʔ ə g b ə a										
484-9									x ə g ə s										
535-9									ʔ ə g ə										
543-9									ʔ ə a j g										
593-9									ʔ ə a g ə										
640-9									m ə ə j										
1-9									ʔ ə g ə j ə										
65-9									ʔ ə j g										
163-9									m ə g g g ə										
212-9									ʔ ə g										
244-9									ʔ ə ə z ə g										
248-9									w b ə ə g ə										
293-9									b ə ə ə g										
373-9									ʔ ʔ ə g ə										
408-9									ʔ ə j a j ə										
414-9									ʔ ə a g a ə										
601-9									ʔ ə a ə z ə g										
642-9									m ə g g a										
60-9									m ə g a g ə										
209-9									d ə ə ə g g										
242-9									ʔ ə g ə s										
415-9									b ə ə ə										
490-9									ʔ ə g ə										
638-9									m ə g a g										
645-9									g ə ə										
75-9									ʔ ə m g a										
160-9									ʔ ə a ə g										
208-9									ʔ ə w g ə										
214-9									ʔ ə g a g										
218-9									ʔ ə s s ə										
378-9									ʔ ə g g g ə										
379-9									ʔ ə z g ə										
409-9									ʔ ə g g ə										
497-9									ʔ ə g g										
598-9									f ə j a g										
646-9									ʔ ə g ə										
164-9									ʔ ə g g ə										
210-9									b ə g ə										
215-9									ʔ ə g g ə a ə										
256-9									ʔ ə g a										
285-9									x ə g ə										
332-9									ʔ ə g g a										
380-9									ʔ ə g ə										
412-9									m ə ə										
496-9									ə ə ʔ s ə										
64-9									ʔ ə g ə g a										
67-9									w ə g g a g										
169-9									ʔ ə ə g a a										
251-9									x ə j a g										
294-9									ʔ b ə ə g z z										
461-9									ʔ g g a										
547-9									ə ə g a										
597-9									ʔ ə g g ə g ə j a										
655-9									ʔ ʔ f ə j g										
7-9									ʔ ə ə g ə										
168-9									ʔ ə g ə										
296-9									ə ə s a g a										
372-9									ʔ ə g ə										
374-9									ʔ ə g a a j a										
375-9									ʔ ə g g g										
385-9									ə ə g ə g										
411-9									ʔ a ʔ a g g ə ə										
500-9									ʔ ə a ə										
541-9									b ə g ə j										
6-9									ʔ ə ə g a a										
17-9									ʔ ə g ə										
113-9									b ə b ə										
123-9									d ə s a g										
252-9									ʔ ə g j										
421-9									ʔ ə g ə										
448-9									ʔ a s a z										
491-9									b ə g g ə										
545-9									ʔ ə ə a a										
596-9									ʔ ə ə										
653-9									ʔ ə g a										
4-9									ʔ a a g a a										
8-9									ʔ a g g g j										
254-9									ʔ ə z g ə										
339-9									ʔ ə g a j										
489-9									ʔ ʔ ə ə g ə a										
552-9									ʔ g g g										
652-9									ʔ ə ʔ g a g a a										
119-9									ʔ ə a g ə a										
298-9									ʔ ʔ j ə g a										
340-9									ʔ ʔ ə j a										
458-9									ʔ ə a g ə j a										
459-9									ʔ ə g a g										
486-9									x ə g ə g j j										
607-9									ʔ ə g a a g										
609-9									ʔ ə g										
10-9									ʔ ə g										
15-9									ʔ ə g ə										
18-9									ʔ ə ʔ a										
73-9									ʔ ə g a ə a ə										
76-9									ʔ ʔ f ə a										
110-9									ʔ a g a g										
121-9									ʔ ə g ə										
167-9									ʔ a ə ə										
255-9									ʔ ə ə s g g										
297-9									ʔ ə g										
299-9									ʔ ə g										
338-9									ʔ ə g a g										
342-9									ʔ ə g										
344-9									ʔ ə g ə										
550-9									ʔ ə s g ə										
612-9									ʔ a g j ə										
219-9									ʔ ə g g										
301-9									ʔ ə g ə										
74-9									g g										
120-9									ʔ a g										
220-9									ʔ ə ə a g										
245-9									ʔ ʔ										
300-9									ʔ ʔ ə a										
341-9									ʔ ə b ə j ə										
610-9									ʔ a ə g a										
118-9									g										
221-9									ʔ a g										
420-9									ʔ g g g										
61-10										tʼ a									
63-10										ʔ a tʼ a s d									
107-10										ʔ aː m a a									
112-10										ʔ a m a s a									
331-10										w aː j ə s d									
377-10										ʔ b aː a a a a a									
381-10										ʔ a j d d									
417-10																			
451-10										d aː a ə m ə d									
454-10										ʔ a a a d i									
484-10										ʔ aː b a d									
535-10										ʔ aː ə									
543-10										d aː s d									
593-10										ʔ aː a s									
640-10										w									
1-10										ʔ aː m ə s a									
65-10										ʔ aː a a									
163-10										ʔ aː j a									
212-10										ʔ aː									
244-10										ʔ a b a a d									
248-10										w aː a									
293-10										g aː a									
373-10										b aː s a a									
408-10										b ɨ ʔ a									
414-10										ʔ a a a b a a a									
601-10										ʔ a ə b i									
115-10										i a a ə									
209-10										ʔ a b ə									
242-10										ʔ a a a s d									
415-10										ʔ aː s a									
490-10										ʔ aː ʔ a a a									
160-10										ʔ a a b i									
208-10										ʔ ɨ aː b a a ə a									
218-10										ʔ a a s a a									
378-10										ʔ a a ə a									
379-10										ʔ a m u g a ə									
497-10										b a ʔ									
598-10										b a a a d									
646-10										ʔ a a a kʼ									
164-10										b a b a									
210-10										b aː ə a s a									
256-10										b a a									
285-10										d a tʃʼ a									
380-10										ʔ a ə a a									
412-10										ʔ a d ə									
64-10										kʼ a b ə									
169-10										ʔ a s a s a s a									
461-10										kʼ a tʃʼ a									
547-10										a a s a									
411-10										ʔ b									
541-10										ʔ a tʃʼ									
113-10										ʔ a									
123-10										kʼ a a									
491-10										ʔ a g a									
254-10										ʔ a a a kʼ									
339-10										b a d aː									
602-10										g ɨ g a									
2-10										ʔ a a aː d ə									
213-10										ʔ a a d a									
647-10										ʔ a b j a									
211-10										w w ə d									
328-10										ʔ a d ə d a									
333-10										w a a a									
612-10										ʔ aː d									
109-10										kʼ a dʒ a									
289-10										w a ʔ									
286-10										ʔ a kʼ a									
418-10										kʼ									
615-10																			
62-10										ʔ a a g a									
288-10										ħ a									
416-10										kʼ a aː									
456-10										ʔ a ʔ ʔ ʔ a j b aː r r d d d									
509-10										ʔ a ə									
5-10										ʔ a ʔ									
61-11											g a								
63-11											ʔ a d d ə								
107-11											g a l ə l								
112-11											d a j ə a								
331-11											g a d a m d								
377-11											g d a d l ə l a								
381-11											ʔ ə d a								
417-11											a a								
451-11											b a ə d ə								
454-11											g a d ʔ a r ʔ								
484-11											b a d a h								
535-11											ʔ a b a r ʔ								
543-11											b a d a h								
593-11											g a m a								
640-11											m l a d								
1-11											b a b ə n ə								
65-11											g a a d								
163-11											d a d a								
212-11											g a h d								
244-11											b a i d ə ʔ								
248-11											g g ə h ə								
293-11											g a l ə								
373-11											g d ə h ə								
408-11											b a j h l a								
414-11											g a ʔ a ʔ ə a								
601-11											g a m a a								
642-11											b a n d a								
60-11											b a n ə r ə								
115-11											g a a ə								
209-11											b a m a a j ʔ								
242-11											g a h d ə m ʔ								
450-11											g a l a								
490-11											g a b d a ə								
638-11											b a d r ə								
645-11											g a a								
75-11											g a m b ə ə								
160-11											g a m ə								
208-11											ʔ a b ʔ a i ə a								
214-11											g a ʔ a								
218-11											g a l d ə								
378-11											g a m d ə								
379-11											b a b d ʔ ə								
409-11											g a d i ə								
497-11											d a ʔ								
598-11											b ə ə a a								
646-11											ʔ a ʔ d j a								
164-11											b a ʔ d ə								
210-11											g a h l ə ə								
215-11											g a d d ə ə								
256-11											g a h ə								
285-11											g a d ə								
332-11											ʔ a d d ə l								
412-11											g a d a d ʔ								
496-11											ʔ a g g g g ə ə ə								
64-11											b a ʔ ə ə								
67-11											a a d ə d								
169-11											b a w d ə r ə								
251-11											g a ʔ d ʔ								
294-11											g g g d ə								
461-11											b ə d a								
547-11											i a d a								
597-11											b a n d ə ə a								
655-11											d d l a r								
7-11											g a a d a								
168-11											g a m ə								
296-11											a a b a l ʔ a								
372-11											d a n a a								
374-11											ʔ a b ʔ a r a								
375-11											d ə j d								
385-11											a a d ə								
500-11											g a m a								
541-11											ʔ ə ʔ a m								
6-11											l a n a a								
17-11											b a d ə								
252-11											b l d ə ə								
421-11											b a d ə								
448-11											ʔ a b a n a								
449-11											ʔ a ʔ r ə								
491-11											f h h d ə								
545-11											b a n ə a a								
596-11											l a d a								
653-11											b a ʔ ə								
4-11											ʔ ə a d n a								
106-11											d a ʔ a								
254-11											g a j d ə								
339-11											b a ʔ ə								
460-11											g a ʔ d a								
489-11											ʔ l a n a ə								
652-11											g a b d ə ʔ a								
3-11											ʔ l d								
119-11											ʔ a n ʔ a a								
298-11											b d j l								
340-11											g a a n d a								
458-11											ʔ a n b ə a								
486-11											g ə ʔ ə a								
607-11											ʔ a d a a								
609-11											b a d a								
15-11											ʔ a n ʔ a d ə								
18-11											b a ʔ a a								
73-11											b a b g ə j ə								
76-11											ʔ ə n l ə ə								
110-11											d a ʔ a								
121-11											b a d ə								
167-11											b a a ə								
255-11											b l a i a								
297-11											b a l a								
299-11											b a l a								
342-11											b a d a								
344-11											b a d ə								
550-11											b a l a								
109-11											b m d m								
153-11											g a d d a d d								
219-11											b a d a d								
250-11											l a ʔ a d								
301-11											b a b a a								
594-11											ʔ ə ʔ								
122-11											ʔ a a a								
220-11											b a a a d								
300-11											g g l d d								
341-11											ʔ a n b ə j ə								
610-11											ʔ a n ə a a								
643-11											g a d d								
221-11											g a b a j a								
61-12												d ə s							
63-12												ʔ a g ə s							
107-12												g ə m ə s ə							
112-12												ʔ ə g ə s ə							
331-12												m ə g a ə s							
377-12												d d ə dː dː a s ə							
381-12												d ə f							
417-12												m ə s							
451-12												ʔ ə ə m ə							
454-12												ʔ a ə s							
484-12												ʔ ə ə s ə							
535-12												ʔ a r ə s							
543-12												d ə ə s							
593-12												d ə n ə s							
640-12												m ɨ ə r							
1-12												d ə ə ə ə s							
65-12												ʔ ə r							
163-12												d ə dː ə							
212-12												d ə mː							
244-12												ʔ a a b dː ə							
248-12												ʔ ʔ ə ə ə							
293-12												ʔ a r ə s							
373-12												g g ə s ə s							
408-12												d ə m ə r ə							
414-12												d ə r a dː a s ə							
601-12												d a r a dː ə s							
642-12												g ə dː ə s							
60-12												m a m ə s ə							
115-12												w ə r a							
209-12												ʔ ə r ə f							
242-12												ʔ a mː ə s							
415-12												ʔ ə s ə m							
450-12												d ə r							
490-12												d a g b r ə m							
638-12												d ə ə ə							
645-12												g a s							
75-12												d ə m ə ə							
160-12												d a m ə							
208-12												ʔ a ə g ə dː a a							
214-12												ʔ ə dː							
218-12												d ə r a s							
378-12												ʔ a m g dː ə m							
379-12												d a g g ə							
497-12												ʔ a dː s							
598-12												m ə n a ə							
164-12												d ə ə m							
210-12												ʔ a mː m ə ə ə							
215-12												ʔ a dː a ə							
256-12												ʔ a s ə							
285-12												ʔ a g ə m							
332-12												d a dː a s							
380-12												ʔ a g a r a							
412-12												d ə g ə s							
496-12												ʔ a d d a ə r r ə m							
64-12												ʔ ə g ə m							
67-12												m ə dː ə							
169-12												d a ə r ə s							
251-12												ʔ a ɨ							
294-12												g ʔ mː a a dː							
461-12												ʔ ə ə							
547-12												a a s ə m							
597-12												ʔ a m g ə dː a a							
655-12												d d m a s a m							
7-12												g a a g a							
168-12												g a m ə ə							
296-12												m a w ɨ ə							
372-12												d a r f ə r							
374-12												ʔ a g dː a r ə							
385-12												m a ə m							
500-12												d ə m ɨ s							
6-12												m a m dː a r ə							
113-12												d ə n							
123-12												ʔ a s a m							
330-12												ʔ ə ə f							
421-12												m a s ə							
448-12												ʔ a d a r b r a r a							
449-12												g a dː a s							
491-12												g ə ə m							
545-12												m ə m a ə m							
596-12												m a g ə							
653-12												d a dː ə s							
4-12												g g a r dː ə							
8-12												ʔ a g a dː a m m							
106-12												g ə b ə							
460-12												ʔ m g a							
552-12												d a dː							
602-12												ʔ ə g							
2-12												d d ə ə m							
3-12												g ɨ g ə							
119-12												ʔ a m dː a dː ə							
213-12												d ə ə ə ə							
340-12												d w a tʃʼ ə							
458-12												d ə m dː a r ə							
607-12												d ə dː a ə							
609-12												m a dː ə							
647-12												ʔ a dː b a dː a							
10-12												ʔ ɨ g dː ɨ							
110-12												ʔ a dː ə g							
152-12												ʔ a a							
211-12												w ə ə							
255-12												ʔ m a dː r a							
297-12												g a a a r							
299-12												g a a a r							
328-12												ʔ ə g ə g ə							
333-12												w							
334-12												ʔ a n b a r a							
338-12												d a r dː dː a r							
410-12												ʔ a a s r a							
540-12												ɨ ɨ g a							
109-12												g ə f ə							
153-12												ə ə r r dː r r							
289-12												w ə g g							
326-12												w ə b							
594-12												ʔ ə g ɨ							
549-12												ʔ a dː dː r dː dː s m							
643-12												g a m							
62-12												g a							
498-12												g dː dː s m							
509-12												ʔ a							
5-12												g ə b							
61-13													ʔ a r						
63-13													ʔ a b f a r						
107-13													ʔ a dː a s						
112-13													ʔ a b a s a						
331-13													ʔ a b a r						
377-13													ʔ ʔ a f b a s a						
381-13													ʔ ʔ b a f						
417-13													r a s						
451-13													ʔ a ʔ n f a						
454-13													ʔ a n f a r f						
484-13													ʔ a b a n f						
535-13													ʔ a d ə s f r						
543-13													ʔ a f s						
593-13													ʔ a r f a						
640-13													a ʔ a e						
1-13													ʔ a b a r a r						
65-13													ʔ a a r r r						
163-13													ʔ a f r s						
212-13													ʔ a						
244-13													ʔ a r f f a f						
248-13													ʔ ʔ a f a						
293-13													b a r a r						
373-13													ʔ f a r a r						
408-13													ʔ a b s a						
414-13													ʔ a b a f a s a						
601-13													ʔ a r a dː n n						
642-13													ʔ a f f a r						
60-13													ʔ a dː a r a r						
115-13													ʔ a a a r						
209-13													ʔ a r f a f						
242-13													ʔ a dː f a						
415-13													ʔ a r a a						
450-13													ʔ a r f						
490-13													ʔ a f f a r						
638-13													ʔ a r f a						
645-13													ʔ a s						
75-13													ʔ a r f a r						
160-13													ʔ a h a a						
208-13													ʔ a a f f b a						
214-13													ʔ a dː a f						
218-13													ʔ a a n a s						
378-13													ʔ a dː f n a r r						
379-13													ʔ a b f dː a e r						
409-13													ʔ a f f a r						
497-13													ʔ a b r r						
598-13													b ə f a s						
646-13													ʔ ɨ f						
164-13													ʔ ə b f s r						
210-13													ʔ a b b a n						
215-13													ʔ a n f a a f						
256-13													ʔ a r a						
285-13													ʔ a b a						
332-13													ʔ a n f a s						
380-13													ʔ a f a m						
496-13													ʔ a ʔ f a f a a dː a dː f f						
67-13													f ɨ f f r f						
169-13													ʔ a a f a f a r						
251-13													ʔ a a a r r						
294-13													ʔ ʔ a g a dː a n r f						
461-13													ʔ b dː a						
547-13													a a dː a						
597-13													ʔ a a f a dː a r a						
655-13													ʔ ʔ f a r r s						
7-13													ʔ a a f a						
158-13													ʔ ɨ n f ɨ s a						
168-13													ʔ a r a s						
296-13													ɨ a n r f f r						
372-13													b a r r a r						
374-13													ʔ a ʔ f a a f a						
385-13													a a dː a f						
411-13													ʔ a f g f f						
500-13													b ə dː r r						
541-13													b a b						
6-13													a a a b a r a						
17-13													ʔ a n ɨ n						
123-13													ʔ a n a r						
252-13													b a b n f n f						
330-13													ʔ a r r f						
421-13													ʔ a r a						
448-13													ʔ a ʔ a r f r a r f a s						
449-13													ʔ a n r a r						
491-13													ʔ ɨ n f						
545-13													b a dː a r						
596-13													a a b a						
653-13													ʔ a dː a s						
4-13													ʔ f a r dː f a						
8-13													ʔ a ʔ a dː a f f						
290-13													ʔ a dː n n n f						
460-13													b a f f a r r						
489-13													ʔ a a g dː a s a						
552-13													d a f						
652-13													ʔ a ʔ f a r f s						
3-13													ʔ a f a a						
119-13													b a a b a dː a						
213-13													ʔ a f n n r						
298-13													f f f f						
340-13													b f a b r a						
458-13													b a a f a r a						
459-13													ʔ a n n r a						
607-13													b a b s s						
609-13													d a r a						
647-13													ʔ a f f a dː a						
10-13													b a f f ɨ r						
15-13													ʔ a b f s f						
18-13													b a b a						
73-13													ʔ a f a s s s						
76-13													f b f b						
121-13													b a b s						
152-13													ʔ a r a						
167-13													b a s s						
255-13													ʔ f a f r r a						
297-13													b a a b a r						
299-13													b a a b a r						
328-13													ʔ a f a r a r						
334-13													b a a f a r a						
338-13													ʔ a dː n dː a r						
342-13													b a s s						
344-13													f a b s s						
410-13													d a a f s a						
540-13													m a dː r						
550-13													ʔ a b b s s						
612-13													ʔ a n f f f						
153-13													ə ə dː r f f r r						
219-13													f a b f						
301-13													ʔ a f a						
326-13													d f f f f s						
594-13													ʔ a b						
74-13													f a a dː						
120-13													f f f f f						
122-13													f s						
154-13													ʔ ʔ ʔ f f dː r f						
300-13													f f						
610-13													b b f f f						
118-13													f f f f						
221-13													f b f						
455-13													f b f f f f						
495-13													f f f f r						
498-13													f a f a r ɨ f						
61-14														d ə z					
63-14														d a ə s m					
107-14														d ə m ə s ə					
112-14														d a ə r a					
331-14														d ə ə ə s					
377-14														ʔ ʔ ə dː dː a r ə					
381-14														d ə m					
417-14														ə ə s					
451-14														d ə dː ə m					
454-14														ʔ a dː ə r m m					
484-14														d ə ə m					
535-14														d ə ə s m					
543-14														d ə dː					
593-14														d ə dʒː ə s					
640-14														d ə ə g m					
1-14														d ə ə m ə s					
65-14														d ə a dː m					
163-14														d ə dː a					
212-14														ʔ ə z					
244-14														d a a dː ə m m m					
248-14														ʔ ə r a m					
293-14														d ə m ə m					
373-14														ʔ b ə m a ə					
408-14														d ə ə ə					
414-14														d ə a dː a r ə					
601-14														ʔ ə r ə m					
642-14														d a m a s					
60-14														d a dʒː ə m a m					
115-14														d ə a ə s					
209-14														ʔ ə m a a m m					
242-14														ʔ a dʒː dː ə dː m m					
415-14														d ə m ə m					
450-14														d ə a m m					
490-14														d ə ə ə m					
638-14														d ə ə ə a					
645-14														d ə a					
75-14														ʔ a a dː a s					
160-14														d ə m ə m					
208-14														ʔ a dʒː ə a m					
214-14														ʔ a dː a m					
218-14														b a s a a m					
378-14														ʔ a dː ə m m					
379-14														d ə ə a m					
409-14														b ə dː dː ə a ə					
497-14														b a dː s					
598-14														d b ə ə m					
646-14														a m					
164-14														b a a m					
210-14														ʔ ə ə ə a ə					
215-14														ʔ a dː a m ə m					
256-14														b a m a					
285-14														ʔ a ə m					
332-14														ʔ a dː a s m					
380-14														d a ə ə ə					
412-14														d ə g ə g m					
496-14														a a ʔ ʔ a a r r ə m m m m m					
64-14														ʔ ə g ə m m					
169-14														b a a r ə r a					
251-14														g a r a g m					
294-14														ʔ a a ə a dː m a m					
461-14														ʔ a a					
547-14														a a s ə m					
597-14														d a a dː ə dː ə s a					
655-14														ʔ m a dː m					
7-14														ʔ a a g a					
158-14														ə ə s					
168-14														b a dː a ə					
296-14														a a ə					
372-14														ʔ a a dː a a					
374-14														ʔ a a a m a					
385-14														a a ə m					
411-14														ə dː ə ə					
6-14														d a s dː a s a					
17-14														ʔ ə ə ə					
123-14														ʔ ə ə m					
330-14														ʔ ə r m m					
421-14														d a m ə					
448-14														ʔ a b a dʒː ə m m a m					
449-14														d a dː s ə m					
491-14														ʔ ə ə m					
545-14														ʔ a s ə a					
596-14														d a g a					
653-14														d a dː ə					
4-14														d a r dː m a					
8-14														ʔ a a dː a m m					
339-14														ə					
460-14														ʔ ə dː ə r ə					
489-14														f ə ə dː ə a a					
552-14														d ə					
602-14														ʔ ə dʒː m m					
652-14														b ə dː ə ə m ə					
119-14														b a a dː a dː a					
340-14														a a ə					
458-14														b a a dː ə s ə					
459-14														ə ə					
486-14														b ə ə m					
607-14														b a dː ə ə s					
609-14														d a s ə					
647-14														ʔ a dː a m m a					
10-14														d ə dː a m					
15-14														b ə dː ə m					
18-14														a ə ə ə					
73-14														b ə ə ə ə dː					
110-14														a dː a m					
121-14														ə ə					
152-14														ʔ a dː a					
167-14														ə ə ə					
255-14														ə a dː ə					
297-14														a s ə a					
299-14														a s ə a					
328-14														ʔ ə ə ə m					
334-14														d a a dː a m a					
338-14														d ə s ə ə					
342-14														a ə s ə					
344-14														ə s ə a					
410-14														b a m a s ə					
540-14														d ə g a					
550-14														b ə dː ə ə					
109-14														d ə a					
153-14														d a r a a m					
219-14														ə ə					
250-14														f ə ə m					
289-14														ə ə					
301-14														ə ə ə ə					
594-14														ʔ a r					
74-14														ə ə ə					
122-14														a a a					
154-14														ʔ b m					
220-14														ə ə ə					
245-14														ə ə ə ə ə					
549-14														ʔ ə dː ə m m ə m					
643-14														a					
420-14														ə ə					
509-14														a m					
61-15															d i mː				
63-15															ʔ i d ə a mː t				
107-15															g i r ə a a				
112-15															g i h a s ə				
331-15															g i g ai̯ a s ə				
377-15															ʔ ʔ i g h a a ə				
381-15															ʔ z i n				
417-15															mː i s				
451-15															g i ʔ g k a t ə				
454-15															ʔ i n tʃ i s t				
484-15															ʔ i ʔ i s ə				
535-15															ʔ i n i s				
543-15															g i n ə s ə				
593-15															g i mː dʒ a s				
640-15															ʔ a a n				
1-15															ʔ eː r ə s ə t				
65-15															ʔ i h h t t				
163-15															g ə n ə a				
212-15															g i mː t				
244-15															ʔ i r ə ə a k kʼ t				
248-15															w ʔ i s ə a t				
293-15															tʃʼ eː s a s				
373-15															g d i s a a				
414-15															ʔ i h a b a h a				
601-15															ʔ a n i b ɨ rː o				
642-15															ʔ i h n a n				
60-15															ʔ i r i s a t				
115-15															eː i h a a				
209-15															ʔ i n n a t t				
242-15															g i n ə a s t ə				
415-15															ʔ ə s a n				
450-15															ʔ i i ə				
490-15															g eː n a t				
638-15															ʔ ɨ n a a t				
645-15															ʔ i a				
75-15															ʔ ɨ mː ə a mː t				
160-15															tʃʼ a r a b ə				
214-15															ʔ ɨ b ə t				
218-15															ʔ i n z a n t				
378-15															ʔ a n tʃ g a kʼ t				
379-15															d a g k ə n t				
409-15															ʔ i nː ə a o o				
497-15															g a tʃʼ n				
646-15															ʔ eː d ə n a t				
164-15															ʔ a n ə g a t				
210-15															ʔ a mː u a s ə				
215-15															ʔ i n kʼ a g a t				
256-15															g i n a				
285-15															g i b a t				
332-15															ʔ ɨ r kʼ a h b				
380-15															ʔ a d a ai̯ ai̯				
412-15															ʔ i z a n t				
496-15															ʔ i ʔ z i n g a g d t kʼ t				
67-15															i i n a t				
169-15															ʔ i n z a g a s ə				
251-15															ʔ i r ə s t				
294-15															g u mː u a g rː a t				
461-15															kʼ u tʃ a				
547-15															w i s a t				
655-15															d d h a sː				
158-15															ʔ i ʃ ə ə s t				
168-15															ʔ a h a a				
296-15															ɨ i r mː a				
374-15															d ɨ ʔ a a a d a				
375-15															ʔ i ʃ t				
385-15															i ɨ b a t				
541-15															kʼ eː tʃ ə n				
17-15															ʔ a n a ə				
113-15															ʔ eː n ə				
123-15															ʔ ə z a d ə				
252-15															ɨ ɨ r a b ə t				
330-15															ʔ a ʃ ə k t				
421-15															ʔ h h a				
449-15															t uː tː s a				
491-15															ʔ a n g ə t				
653-15															m a tː a				
8-15															ʔ a g a d a b				
106-15															ʔ i g ə ə t				
254-15															d ə r ə k a t				
290-15															ʔ i g ə s ə ai̯				
339-15															ʔ aː g ə n ə				
602-15															g ə n dʒ				
652-15															ʔ uː ʔ ə a h a				
2-15															ʔ d eː r a s k t				
3-15															ʔ eː r tː s a				
213-15															ʔ i r a b dʒ				
459-15															ʔ ɨ z ə n ə				
211-15															w ə z ə				
328-15															ʔ ə d ə b ə t				
333-15															w eː z ə n t				
612-15															d a r n ə d				
109-15															ʔ i ʃ n h				
247-15															ʔ i ʃ tʃ a r ə s ə t				
615-15															ʔ eː				
62-15															ʔ ə r ə b a				
456-15															ʔ ɨ ʔ ɨ ə z g a g d d d d o o				
498-15															h ə d a d ə tʃː				
509-15															ʔ ə r ə t				
61-16																d e mː			
63-16																ʔ a ə			
107-16																g ɨ f a m ə			
112-16																d a f a n o			
331-16																j ɨ g ə e d			
377-16																b b a b a a m ai̯			
381-16																g ə b a d			
417-16																e a kʼ			
451-16																s a ə kʼ ə			
454-16																ɨ a mː			
484-16																d ɨ g a d			
535-16																ʔ ɨ ə m			
543-16																s a l ɨ b			
593-16																d ɨ r a e			
640-16																s w a n a			
65-16																r ə a			
163-16																s a b u a a			
212-16																b a j			
244-16																r a r a b a j			
248-16																m k a l e			
293-16																s a r e			
373-16																h a m a			
408-16																b a a m ə			
414-16																g ə ɨ a a a a			
601-16																a b a b a			
642-16																s ɨ b b e			
209-16																w ə ə ə n d			
242-16																r ə d a ə d			
415-16																s a j o			
450-16																s e r ɨ b			
638-16																s a r ə			
75-16																a b a a ə			
208-16																r a b ə g a			
214-16																b ə b ə			
218-16																ʔ a d ɨ			
409-16																ʕ ɨ a a m ə			
497-16																g a b a			
598-16																d a a ə e			
646-16																g a b d kʼ			
256-16																g ə			
332-16																g a b a a a			
496-16																b b g g d ə ə			
67-16																b a a m			
655-16																g b a f i			
372-16																s ə r fː ə			
375-16																s e mː a			
411-16																k a b r ə j a			
500-16																ʔ a b ə g			
541-16																b a b e m			
17-16																g a b ə			
113-16																b a j a			
252-16																j a b ə ə			
330-16																b ə l ɨ b			
545-16																g ə b a m			
106-16																s e e t			
254-16																g w a ə d			
460-16																r a a b a			
602-16																w w a kʼ			
2-16																k a lː ə b b d			
213-16																r ə dː ə d d			
298-16																a a b ə f a			
647-16																g a b a m			
211-16																d ə g e			
333-16																w ə f ə m			
612-16																g a a a a			
289-16																e e ɨ b			
326-16																s ə ʔ a			
154-16																m a b a a a			
247-16																s ə g ə			
286-16																s ə b e m d			
418-16																h a a b a z a			
615-16																j a			
288-16																ə h ɨ g			
416-16																b ɨ a kʼ			
456-16																g m g			
61-17																	d ə w		
63-17																	n a d l a f i		
107-17																	d ɨ mː u w a		
112-17																	d ɨ mː a f a		
331-17																	s ɨ kʼ r a f i		
377-17																	d d ə ʔ a ə f o		
381-17																	ʔ a ħ a fː t i		
417-17																	r ə f		
451-17																	s ə b ə j ə i ə		
454-17																	ħ a b g ə sː i əi̯		
484-17																	s ə ʃ ɨ t b t i		
535-17																	n a sː ə r t ə		
543-17																	s ə l i f i t		
593-17																	ʔ ɨ sː g a f		
640-17																	s s ə n ə		
1-17																	d ə mː ə f a f		
65-17																	d ə r f a		
163-17																	s ə ʔ ə i		
212-17																	ʔ a sː i		
244-17																	ħ a r b b a ʕ t ə		
248-17																	s k ɨ r g a i		
293-17																	s ə r u q		
373-17																	k ħ ɨ mː u a		
408-17																	b ə ʔ a f o		
414-17																	d ə r ə ʔ ə f a		
601-17																	d ə r ə q a g t		
642-17																	s ɨ kʼ w a f		
60-17																	g ə r ɨ f a ħ		
115-17																	ɨ ə r ə f		
209-17																	g ɨ sː ʔ a x j		
415-17																	s ɨ mː u m		
450-17																	s ə r b əi̯		
638-17																	s ə r m f i		
645-17																	d ə a		
75-17																	ħ ə r a ə f ə		
214-17																	ʔ a d ə i		
218-17																	ʔ a r f ə r n		
409-17																	n ə b g ə w		
598-17																	k a l f o		
164-17																	d ə s ɨ f i		
332-17																	d ə s ɨ ə f i		
412-17																	g ɨ fː i sː ħ		
496-17																	d r ʔ ʔ r s ə b ʕ ə ʕ i ə i ə		
158-17																	n ɨ sː g a f i		
372-17																	d ə n m ə f		
375-17																	tʃʼ ə fː ʔ i		
411-17																	ħ a ʔ r a j i s		
500-17																	ɨ ə d ə f i		
541-17																	b a g u m		
113-17																	ʔ a n ai̯		
330-17																	d ə r a ʃ ə		
448-17																	ʔ ə n r r a x r x i ə i		
106-17																	tʃʼ ɨ s a a i		
290-17																	n ɨ k ɨ sː a i		
552-17																	n r l ɨ		
2-17																	s ħ a l ɨ sː i n		
213-17																	w ɨ sː ɨ sː j ə		
647-17																	d ə ʔ a r ʕ q f		
211-17																	g ɨ mː u		
334-17																	z ə r b ə f o		
109-17																	g ə n f o		
153-17																	r ə r r x ɨ r f i		
289-17																	z ɨ u b əi̯		
326-17																	tʃʼ ɨ s g o		
247-17																	n ɨ sː s ɨ sː a a a ħ		
286-17																	b ə ʔ ə r ə i		
418-17																	k a r a a z ə		
615-17																	m a		
288-17																	s ə w z i		
416-17																	k ə m əi̯ ħ		
61-18																		b ə s	
63-18																		ʔ ai̯ d a ə s	
107-18																		d eː r ə s ə	
112-18																		d a r ə s ə	
331-18																		ʔ ɨ g ə ə s f	
377-18																		ʔ ʔ a g a ə aː ə	
381-18																		ʔ d ai̯ l kʼ e	
417-18																		ə ə s	
451-18																		d a ʔ u b ə t	
454-18																		ʔ a n tʃʼ eː ʃ i i	
484-18																		ʔ a tʃ ɨ s b f	
535-18																		ʔ ai̯ d aː s b	
543-18																		d a n ai̯ s kʼ	
593-18																		ʔ a ʃ i ə	
640-18																		ʔ m ai̯ s m	
1-18																		d a r eː s ə	
65-18																		d a b h h h	
163-18																		d eː g aː	
212-18																		ʔ ai̯ s	
244-18																		ʔ a r a b aː n kʼ	
248-18																		d d ɨ s a ə	
293-18																		tʃʼ a r ə s	
373-18																		d d ai̯ s ə ə	
408-18																		ʔ ai̯ w ai̯ e ə	
414-18																		d a ʔ ə b ə h ə	
601-18																		ʔ a r a b ai̯ kʼ o	
642-18																		ʔ ɨ g g ə z	
60-18																		ʔ ɨ r ə s ə	
115-18																		eː eː h ə ə	
209-18																		ʔ ɨ n l ə a kʼ	
242-18																		ʔ a n kʼ aː s kʼ	
415-18																		ʔ ai̯ ʃ ə	
450-18																		tʃʼ ɨ r a b i	
490-18																		d a s ə	
638-18																		ʃ ɨ n n e t	
645-18																		b ə ə	
75-18																		ʔ a n a ə a	
160-18																		tʃʼ a r aː b i	
208-18																		ə ə ə ə l a j	
214-18																		ʔ a b ə t	
218-18																		ʔ ai̯ n kʼ a n	
378-18																		ʔ a n tʃʼ r aː kʼ o	
379-18																		d a i d aː n o	
497-18																		d a b i s	
646-18																		ʔ eː d s ə	
164-18																		ʔ a g a b aː	
210-18																		d a n w aː n	
215-18																		ʔ eː n kʼ ə l ə	
256-18																		ʔ a h aː	
285-18																		m a g aː t	
332-18																		ʔ ɨ n kʼ ə h	
380-18																		ʔ a d a s z	
412-18																		ʔ a d ə s	
496-18																		u w l ɨ ə n ə n g aː j j	
64-18																		d ə b ə b ə	
67-18																		w ɨ g a n	
169-18																		ʔ a a kʼ a z a n ə	
251-18																		tʃʼ eː w e s t	
294-18																		ʔ ʔ m w ə n i aː i j	
461-18																		kʼ n tʃ aː	
547-18																		w a z aː	
597-18																		m ə m dʒ ə n a z a	
655-18																		ʔ b n ə sː b	
7-18																		dʒ ə w b a	
158-18																		tʃʼ ɨ ʃ a ə s ə	
168-18																		ʔ a h ə ə	
296-18																		w ɨ n a ə b e	
374-18																		d ɨ g a ə ə ə b ə	
375-18																		ʃ ɨ e i	
385-18																		w ɨ b ə t	
411-18																		ʔ ai̯ g ai̯ a b e	
541-18																		kʼ eː tʃ ə n	
17-18																		ʔ ɨ h e e	
113-18																		ʔ ə s	
123-18																		d a r a t f	
252-18																		ɨ ɨ g a i e d	
330-18																		tʃʼ ɨ ʃ a b	
421-18																		ʔ h h ə	
491-18																		ʔ a n dʒ ə	
653-18																		m h g ə b	
8-18																		b ɨ g ə d ə b z	
106-18																		ʔ ɨ g a ə t	
254-18																		d ə m i b ə	
290-18																		ʔ ɨ g ə s ə d	
339-18																		ʔ a g ə n f	
489-18																		m ə ə a ə g a	
552-18																		ʔ h a b	
602-18																		g eː s dʒ	
2-18																		ʔ d ai̯ r ɨ s kʼ o	
3-18																		ʔ eː g ə m e	
213-18																		ʔ ɨ r ɨ s dʒ ə	
459-18																		ʔ a r ə z e	
647-18																		ʔ ai̯ a ai̯ b tʃː h	
76-18																		ʔ b l l ə tʃː ə	
152-18																		dʒ e b e	
328-18																		ʔ ə d ə g ə	
333-18																		g eː s ə s	
338-18																		d h g a a h z	
612-18																		ʔ a r a b n	
594-18																		dʒ ə b ə ə	
247-18																		ʔ ɨ ʃ tʃʼ ə r ə s ə	
418-18																		ʔ ai̯ ai̯ b ai̯ e e	
615-18																		s eː	
62-18																		w ə r b ə	
456-18																		a ɨ n n a n g aː j j j j	
498-18																		ʔ ɨ g a d e tʃː	
509-18																		ʔ ə r ə n	
61-19																			g i f
63-19																			ʔ a n a i
107-19																			ʔ a m aː a
112-19																			g a n ə i
331-19																			ʔ a b aː t kʼ
377-19																			ʔ ʔ ə a ə
381-19																			ʔ b aː a kʼ
417-19																			s i
451-19																			g a ʔ
454-19																			ʔ ə n dʒ i aː aː
484-19																			ʔ a i n a kʼ
535-19																			ʔ a n i n a
543-19																			ʔ ə ʔ ə n kʼ
593-19																			ʔ ə n ə
640-19																			g i
1-19																			g a n aː n i
65-19																			ʔ a b a
163-19																			g a b ə
212-19																			ʔ uː n
244-19																			ʔ a n a aː a ə
248-19																			s ʔ s a i kʼ
293-19																			ʔ a r aː
373-19																			ʔ ʔ n i
408-19																			ə g i i
414-19																			a b ə k ə ə i
601-19																			ʔ a a ə aː
642-19																			g a b i
60-19																			g ə n ə i
115-19																			s ə ə
209-19																			ʔ a i a
242-19																			ʔ ɨ n aː z
415-19																			ʔ a n i
450-19																			ʔ i n ə
490-19																			ʔ a b i
638-19																			ʔ a a i
645-19																			g ə
75-19																			ʔ a m a a ə
160-19																			ʔ a m aː ə
208-19																			ʔ a n b ə
214-19																			ʔ a b ə
218-19																			ʔ a b a
378-19																			ʔ a n dʒ aː
379-19																			ʔ ə ʔ a a
409-19																			ʔ ə ʔ t ə
497-19																			ʔ uː a ə a
646-19																			ʔ a a aː
164-19																			ʔ uː b a
210-19																			ʔ a n aː
215-19																			ʔ a n dʒ a a
256-19																			ʔ a n a
285-19																			ʔ a b i
380-19																			ʔ a d aː
412-19																			s a g i
496-19																			ʔ a t t ə kʼ kʼ
64-19																			ə a
67-19																			m ə b ə ə
169-19																			ʔ uː a b a g a aː
251-19																			ʔ a aː
294-19																			ʔ a a aː a aː
461-19																			ʔ b dʒ a
547-19																			w uː s a
597-19																			ə m b a
7-19																			a a
158-19																			ʔ a ə
168-19																			ʔ a n a
296-19																			a a ʔ aː a
375-19																			g ə a
385-19																			w a b a
500-19																			b i ə
541-19																			ʔ a z i
6-19																			g ə ə b
113-19																			ʔ u n ə
123-19																			ʔ uː s aː
330-19																			ʔ a n a
491-19																			ʔ a n dʒ i
106-19																			ʔ a b a i
254-19																			ʔ u n a a kʼ
339-19																			ʔ ə d ə ə
460-19																			b b a
602-19																			ʔ uː n a
652-19																			ʔ ə ʔ b a a
2-19																			ʔ ʔ a eː aː n kʼ
213-19																			ʔ a n aː r u
298-19																			ʔ ʔ s a
459-19																			ʔ w z ə
486-19																			b a
152-19																			aː b aː
211-19																			ʔ a n
328-19																			ʔ a d aː b aː
333-19																			ʔ a n ə n
540-19																			b
594-19																			ʔ aː b a a
154-19																			ɨ n aː t ə
247-19																			ʔ a ə n ə
286-19																			ʔ ə
418-19																			ʔ ʔ ə l ə
615-19																			ʔ a
62-19																			ʔ u f kʼ aː
288-19																			ʔ ɨ r ə
416-19																			s aː
456-19																			ʔ ʔ a ə ə ə t ə ə
509-19																			ʔ a aː
5-19																			ʔ aː b a
