COGID	Eryuan	Heqing	Jianchuan	Lanping	Luobenzhuo	Qiliqiao	Xiangyun	Yunlong	Zhoucheng
4216	j i ⁴⁴	j i ⁴⁴	j i ⁴⁴	j i ⁴⁴	ʔ i ⁵⁵	j i ⁴⁴		j i ⁴⁴	j i ⁴⁴
3047					c ɤ ³¹				tɕ i ⁴²
4638		k u ²¹	k u ²¹	k ɯ ³¹	tɕ i ³¹				
3489		m ɔu ³³	m a ³¹	m ɯ̃ ³³			m a ³³		
926			ts ɿ ³¹	ts ɯ ³³			ts ɿ ³³		
6028	a ³¹	a ³¹	a ³¹	a ³¹		a ³¹	a ³¹	a ³¹	a ³¹
3915	a ⁵⁵			a ⁴⁴	a ⁵⁵			a ⁵⁵	a ³³
273		ts ɿ ³³	ts ɿ ³³	ts ɿ ⁴⁴	tɕ i ³¹		ts ɿ ³³		
6471	ts ɿ ⁴⁴				ʈʂ æ ⁵⁵				
983	tɕ i ⁴²		tɕ i ⁴²	tɕ i ³¹			tɕ i ⁴²	k ɛ ³¹	kʲ i ⁴²
5183					ts ɿ ³³	tɕ i ³³			
3183	ts ɔ ⁴²	ts ɔu ⁴²	ts ou ⁴²	ts u ³¹		ts ɔ ³²	ts ɔ ⁴²	ts ɔ ⁴²	ts ɔ ⁴²
6517	s ɿ ³⁵	sʰ ɯ ⁵⁵	s ɿ ⁵⁵	s ɿ ⁵⁵			s ɿ ³³		
4161			k ɛ ⁴⁴					g ɛ ⁵⁵	
5853		ts ɿ ³³	ts ɿ ³³	ts ɿ ⁴⁴	tɕ i ³¹	ts ɿ ³³	ts ɿ ³³	ts ɿ ³³	ts ɿ ³³
5814	ɣ ɯ ⁴²	ɣ ɯ ⁴²	ɣ ɯ ⁴²	ɣ ɯ ⁴²	ɣ ɯ ⁴⁴				
1519	ɲ i ⁴⁴	j ĩ ⁴⁴	j ĩ ⁴⁴	j ĩ ⁴⁴	ɲ i ³³	ɲ i ⁴⁴	n i ⁴⁴		ɲ i ⁴⁴
1442	v ɤ ³¹					v ɤ ³¹		v ɤ ³¹	v ɤ ³¹
3234	k ɔ ²¹	k ɔ ²¹	k o ²¹	k ɔ ²¹		k ɔ ²¹		k ao ²¹	k ɔ ²¹
2196				ts ɿ ³³					ts ɿ ³³
6282	ɲ i ⁴⁴	j ĩ ⁴⁴	j ĩ ⁴⁴	j ĩ ⁴⁴	ɲ i ³³	ɲ i ⁴⁴	n i ⁴⁴		ɲ i ⁴⁴
4117					x ɯ̃ ³³			x ɯ ³¹	
3534	j i ²¹			j i ²¹		j i ²¹			j i ³¹
3112	kʰ w ɛ ³¹	kʰ w ɛ ³¹	kʰ w ɛ ³¹	kʰ w ɛ ³¹		kʰ w ɛ ³¹	kʰ w ɛ ³¹		kʰ w a ³¹
5076	kʲ e ⁴²	k ẽ ⁴²	k ẽ ⁴²	k ɛ̃ ⁴²		k e ⁴²	kʲ ẽ ⁴²		k e ⁴²
4559	ts ɤ ⁴²	ts w ɔ̃ ⁴²	ts ɤ̃ ⁴²	ts ɔ̃ ⁴²	tɕ õ ⁴²	ts ɤ ³²	tɕ ɛ̃ ⁴²		ts ɤ ⁴²
5489			s ɛ̃ ⁵⁵			s ɿ ³⁵			s ɿ ⁵⁵
6961	w ɛ ⁴²	v ɛ ⁴²	v ɛ ⁴²	v ɛ ⁴²		w ɛ ⁴²	w ɛ ⁴²	w ɛ ⁴²	w ɛ ⁴²
5830	pʰ i ³¹	pʰ ĩ ³¹	pʰ ĩ ³¹	pʰ ĩ ³¹		pʰ i ³¹		pʰ i ³¹	pʰ i ³¹
1542				l e ⁵⁵	l o ⁵⁵				
5057	z ɿ ³¹	z ɿ ³¹	s ɿ ²¹	ʐ ɯ ³³		s ɿ ³¹	z ɿ ³¹		z ɿ ³¹
6089			m a ⁵⁵	m a ⁵⁵					
6719	pʰ ɛ ⁵⁵	pʰ ɛ̃ ⁵⁵				pʰ ɛ ⁵⁵	pʰ j ɛ ⁵⁵	pʰ ɛ ⁵⁵	
422							ɕ ɛ ⁴⁴	ʃ ɤ ³³	s e ⁵⁵
6803					a ⁵⁵	a ⁵⁵	a ⁵⁵	a ⁵⁵	a ⁵⁵
22	p e ²¹	p e ²¹	p e ²¹	p e ²¹		p e ²¹	p e ²¹	p e ²¹	p e ²¹
774					t ɤ ³³		tʰ ɛ̃ ⁵⁵		
317	p j ɛ ⁴⁴	p j ɛ ⁴⁴	p j ɛ ⁴⁴	p j ɛ ⁴⁴		p j ɛ ⁴⁴	p j ɛ ⁴⁴	p j ɛ ⁴⁴	p j ɛ ⁴⁴
649		p j ɛ ⁴⁴	p j ɛ ⁴⁴						
350	j a ⁴⁴			j a ⁴⁴					
1774	ɲ ɤ ³³					n ɤ ³³		ɲ ɤ ³³	ɲ ɤ ³³
1518	ts ɔ ³³	ts ɔ ³³	ts õ ³³	ts õ ³³	z ɔ̃ ³³		z ã ³³	dz ɔ ³³	
2198						tʰ j ɔ ³³			tɕʰ o ³³
2184	ŋ o ³³		ɤ̃ ³³		ŋ ɤ̃ ³³	ŋ ɤ ³³		ŋ u ³³	
4604		k ɯ ³¹	k u ³¹			k ɯ ³¹			k ɯ ³¹
4115			k ɛ ⁴⁴	k ɛ ³³					
1317		j ɛ̃ ³⁵	j ɯ̃ ⁵⁵						j i ⁵⁵
3302	j ɔ ³³	j ɔ ³³	j o ³³			j ɔ ³³	j ɔ ³³	j ɔ ³³	
1299	z ɿ ³¹	z ɿ ³¹	s ɿ ³¹	ʐ ɯ ³³		s ɿ ³¹		z ɿ ³¹	z ɿ ³¹
4139		t ɯ ²¹	t ɯ ⁴²	t j ɯ ³¹	ʈ ɯ ²¹	t ɯ ²¹	t ou ³¹		
2991		f ɤ ³³	f ɤ ³³						
4976				t e ⁴⁴				d ɛ ³³	
6752			ɛ ⁵⁵	ɛ ⁵⁵					
2808			m ɯ ⁵⁵	m ɯ ⁵⁵	m ɤ ⁵⁵				
4689	e ⁵⁵				ɤ ⁴⁴				
3629		ts a ⁴²	ts a ⁴²	ts a ⁵⁵	tɕ a ⁵⁵		tsʰ a ⁴²		ts a ⁴²
1942	t o ⁴⁴	t ou ⁴⁴			t u ⁵⁵	t o ⁴⁴		t o ⁴⁴	t o ⁴⁴
1656	n ɤ ²¹	n u ²¹	n ɤ ²¹	n ɔ ²¹		n ɤ ²¹	n ɤ̃ ²¹	n ɤ ²¹	
6047	n a ⁵⁵	n a ⁵⁵	n a ⁵⁵	n a ⁵⁵			n a ⁵⁵	n a ⁵⁵	
4164						tʰ a ⁵⁵			tʰ a ⁵⁵
997	j i ⁴⁴	j i ⁴⁴	j i ⁴⁴	j i ³¹		j i ⁴⁴	j i ⁴⁴	j i ⁴⁴	j i ⁴⁴
4634	kʰ w e ³³					kʰ w e ³³			
3853	m i ⁵⁵	m i ³⁵	m i ⁵⁵	m ĩ ⁵⁵		m i ⁵⁵	m i ³⁵	m i ⁵⁵	m i ³⁵
5226	p e ²¹							p e ²¹	
2582						kʰ w ɔ ³³	kʰ w ɔ ³³		kʰ w ɔ ³³
2668	x ɯ ⁴⁴	x ɯ̃ ⁴⁴					x ɯ̃ ³³		x ɯ ³²
2564		tʰ e ³³				tsʰ e ³³	tsʰ e ⁵⁵		tsʰ ɛ ³³
6916				l a ⁴²					l a ⁴²
2979	ʈʂ ɤ ³¹	ts w ɔ̃ ⁴²	ts ɤ̃ ²¹	ts ɔ ²¹	tɕ ʊ ³¹	ts ɤ ²¹	tɕ ɛ̃ ³¹		ts ɤ ²¹
720	s ɤ ³⁵	s w ɔ ³⁵	s ɤ ⁵⁵	s ɿ ⁴⁴		s ɿ ³⁵	s ɤ ³⁵	ʃ ɤ ³⁵	s ɿ ³⁵
1380	m ɛ ²¹	m ɛ ²¹	m ɛ ²¹	m æ ²¹	m ã ³¹	m ɛ ²¹		m ɛ ²¹	m ɛ ²¹
2067	t ɯ ²¹	t ɯ ²¹	t ɯ ²¹	t i ⁵⁵		ts ɿ ³¹	t ou ²¹		t ɯ ²¹
5401	tʰ u ³³	tʰ u ³³	tʰ u ³³	tʰ u ³³					
1362	x u ⁴⁴	x ɯ ⁴⁴	x ɯ ⁴⁴	x u ³³		x ɯ ⁴⁴	x ɯ ⁴⁴		x ɯ ⁴⁴
4275	ŋ w a ⁴⁴	w ã ⁴⁴	w ã ⁴⁴	w ã ⁵⁵		w a ⁴⁴	w ã ⁴⁴	ŋ w a ⁴⁴	w a ⁴⁴
3626	ʈʂ w ɛ ⁵⁵							ts w ɛ ⁵⁵	
1286	tsʰ ɯ ³¹	tsʰ ɯ ³¹	tsʰ ɯ ³¹	tsʰ ɯ ³¹	tsʰ ɯ ³¹		tsʰ ou ³¹	tsʰ ɯ ³¹	
2679	p ɔ ³¹	v ɔ ³¹			b ɔ ⁴⁴	v ɔ ³¹	p ɔ ³¹	p ɔ ³¹	p ɔ ³¹
3413					m i ³¹			m i ³³	
1277			x ɯ̃ ³³					x ɯ ³³	x ɯ ³⁵
3627	l ɛ ⁵⁵	l a ³⁵	l i ⁵⁵	l e ⁵⁵					l a ⁴²
925	t ɯ ⁴²	t ɯ ⁴²	t ɯ ⁴²						t ɯ ⁴²
53	t e ³³	t j ɛ ³³	t ĩ ³³	t j ɛ̃ ³³			t ĩ ³³	t i ³³	
5592			n ɯ ²¹	n i ²¹		n ɯ ²¹	n ou ²¹		n ɯ ²¹
739	k u ²¹		k u ²¹	k u ²¹		k u ²¹			k u ²¹
1885	t ɔ ³¹	t ɔu ⁴²	t ou ⁴²	t o ³¹	ʈ ɔ ³¹	t ɔ ³¹		t ɔ ³¹	t ɔ ³¹
1707	ʂ e ⁴²	s ẽ ⁴²		s ɛ̃ ⁴²				s ɛ ⁴²	
2989	kʰ ɯ ³¹	kʰ ɯ ³¹	kʰ ɯ ³¹			kʰ ɯ ³¹	k ou ³¹	kʰ ɯ ³¹	kʰ ɯ ³¹
1710					m ɔ ³³	m ɯ ³³	m e ³³		m ɔ ³³
5901				ɕ õ ⁵⁵	ɕ õ ⁵⁵				
2485			a ³¹			a ³¹	a ³¹		a ³¹
5341	ʈʂʰ u ⁵⁵	tɕʰ u ³⁵	tsʰ u ⁵⁵	tsʰ u ⁵⁵		tʃʰ u ⁵⁵	tɕʰ u ⁵⁵	tsʰ u ⁵⁵	
3304				l ã ³¹					l a ³¹
2540	ʈʂʰ e ⁴⁴						tsʰ e ⁴⁴	tsʰ ɛ ⁴⁴	
4136	p i ²¹					p i ²¹	p i ³³	p i ²¹	p i ²¹
6506	j ɯ ²¹	j ɯ ²¹	j ɯ ²¹	j ɯ ²¹			j ɯ ²¹	j ɯ ²¹	j ɯ ²¹
4573	tɕʰ u ³¹					tɕʰ ɔ ³³	tsʰ u ³¹	tɕʰ u ³¹	tɕʰ o ³¹
6181		sʰ w a ⁴⁴	s w a ⁴⁴			ʃ w a ⁴⁴		s w a ⁴⁴	s w a ⁴⁴
6749	a ⁵⁵	a ⁵⁵			a ⁵⁵		a ⁵⁵	a ⁵⁵	
272	p ɯ ³¹	p ɯ ²¹	p o ²¹			p ɯ ³¹	p ou ²¹	p ɯ ³¹	p ɯ ³¹
531	p ɔ ³¹								p e ²¹
2910		ts ɿ ⁵⁵	ts ɿ ⁵⁵		ʈʂ ɛ̃ ⁵⁵	ts ɿ ⁵⁵			ts ɯ ⁵⁵
534					d ɯ̃ ³¹	t ɔ ³⁵		d ɔ ³¹	t ɔ ³¹
5216		ɯ ³⁵	ɯ ⁵⁵	ɯ ⁵⁵				ʔ ɯ ³⁵	v ɤ ³⁵
4893	p ɔ ³⁵	p ɔu ⁵⁵				p ɔ ³⁵			p ɔ ³⁵
5274	ʈʂʰ ɛ ³³	tsʰ ɛ̃ ³³	tsʰ ɛ̃ ³³	tsʰ ɛ̃ ⁴⁴		tsʰ ɛ ³³	tsʰ ɛ̃ ³³	tsʰ ɛ ³³	tsʰ ɛ ³³
6578	ɕ ɛ ⁵⁵	ɕʰ ɛ ⁵⁵	ɕ ɛ̃ ⁵⁵	ɕ j ɛ̃ ⁵⁵	tɕ i ⁵⁵	ɕ i ⁵⁵	tɕʰ ĩ ⁵⁵		ɕ i ⁵⁵
6898		k w ɔ ³⁵				k w ɔ ³⁵	k w ɔ ³⁵	k w ɔ ⁵⁵	
2405	x ɛ ⁵⁵		x ɛ ⁵⁵	x w e ⁴⁴		x ɛ ⁵⁵		x ɛ ⁵⁵	x a ⁵⁵
5545				t u ⁵⁵	t ao ⁵⁵	t ɔ ³⁵		t ao ⁵⁵	t ɔ ⁵⁵
6134						x w ɔ ³³			x w a ³³
3009	p ɯ ²¹	p ɯ ²¹	p ɯ ²¹	p ɯ ²¹	p ɯ ³¹	p ɯ ²¹	p ou ²¹		p ɯ ²¹
3955	k a ³⁵	kʰ ɔ̃ ⁴⁴	k ɛ ⁵⁵	k w ɛ ⁵⁵	q o ⁴⁴			k ɛ ³³	k w a ³⁵
1583			kʰ w ɛ ⁵⁵					kʰ w ɛ ⁵⁵	
195	t ɔ ³⁵	t ɔu ³⁵	t o ⁵⁵	t u ⁵⁵		t ɔ ³⁵			t ɔ ³⁵
957		p ɔu ³¹			b o ⁴⁴		p a ³¹	p ao ²¹	
3170					t ɯ ⁵⁵	t ɯ ⁴⁴	t ou ⁴⁴	t ɯ ³³	
5429	m ɛ ³¹	m ɛ ³¹	m ɛ ³¹	m a ³³	m a ⁴⁴		m ɛ ²¹	m ɛ ³¹	m ɛ ³¹
5118	ts e ³⁵	ts ẽ ⁵⁵	ts ẽ ⁵⁵	ts ẽ ⁵⁵		ts e ³⁵	ts ẽ ³⁵	ts e ³⁵	ts e ³⁵
947	j ɛ ⁴²	j ɛ̃ ⁴²	j ɛ ⁴²			j ɛ ³²		j ɛ ⁴²	j ɛ ⁴²
2436		p e ⁴⁴		p ẽ ⁴⁴		p e ⁴⁴			p e ⁴⁴
5391				pʰ ao ⁵⁵				pʰ ao ³³	
4435	tʰ a ⁴⁴	tʰ a ⁴⁴	tʰ a ⁴⁴	tʰ a ⁴⁴		tʰ a ⁴⁴	tʰ a ⁴⁴		tʰ a ⁴⁴
517	ts ɿ ⁵⁵				tɕ ɛ̃ ⁵⁵			ts ɿ ⁵⁵	
518	f ɤ ⁵⁵	f ɤ̃ ⁵⁵	f ɤ̃ ⁵⁵	f ɯ̃ ⁵⁵		f ɤ ⁵⁵	f ɯ̃ ⁵⁵	f ɤ ⁵⁵	f ɤ ⁵⁵
4877				k ɯ ⁵⁵	k ɯ ⁴⁴				
996	pʰ i ⁵⁵	pʰ i ⁵⁵	pʰ i ⁵⁵	pʰ i ⁵⁵		pʰ i ⁵⁵	pʰ ĩ ⁵⁵	pʰ i ⁵⁵	pʰ i ⁵⁵
3875		ts ɿ ⁵⁵			ts ɯ ³¹	tsʰ ɛ ³³		ts ɿ ³³	tsʰ ɛ ³³
1745		t õ ⁴²				t ɔ ⁴⁴			t o ³²
5746				ts ɿ ³³	k ɯ ³³			dz ɿ ³¹	
1845				w u ³¹	w u ³³		w ɔ ⁴²		
218					ts ẽ ⁵⁵			tɕʰ i ³¹	ts ɿ ⁴⁴
3474			ts ou ⁴²				ts ou ⁴²		
2992				m ɯ ⁵⁵	m u ⁵⁵				m i ³²
5651	ʈʂ ɤ ³³	ts w ɔ ³³	ts ɤ ³³	ts u ³³	tɕ ʊ ³³	ts ɤ ³³		dz ɤ ⁴⁴	ts ɤ ³³
3210	ts ɿ ²¹	ts ɿ ²¹	ts ɛ ²¹			ts ɿ ²¹		dz ɿ ²¹	ts ɿ ²¹
5403					n ɛ ³³	n e ²¹	n e ³¹	ɲ i ³¹	n e ²¹
2422	p e ⁴⁴					p e ⁴⁴			p e ⁴⁴
6878					l ao ³¹	l a ⁴⁴		l ao ²¹	
4531		j õ ²¹		j ɔ ²¹			j ã ³¹	j o ²¹	j o ²¹
2453		tɕʰ i ⁴⁴	tɕʰ i ⁴⁴	tɕʰ i ⁴⁴	ʈʂʰ ɛ ⁵⁵	tɕʰ i ⁴⁴	tɕʰ ɛ ⁴²	tɕʰ i ³³	ɕ i ⁴⁴
12	ʈʂʰ ɤ ³¹	tɕʰ w ɔ ³¹	tsʰ ɤ ³¹	tsʰ ɛ ⁴²		tsʰ ɤ ³¹			tsʰ ɤ ³¹
2846		kʰ e ⁴⁴			qʰ æ ⁵⁵				
4707	m a ³⁵	m a ⁵⁵	m j a ⁵⁵	m a ⁴⁴		m a ³⁵	m a ³⁵	m a ³⁵	m a ³⁵
664						m u ³³			m u ³³
6488						z ɤ ³³			z ɤ ³¹
565				ʐ ɛ ³¹	ʐ a ⁴⁴				
2729	p ɔ ²¹	p a ²¹				p ɔ ²¹	p a ²¹		p ɔ ²¹
2551		t ɔu ⁴²	t ou ⁴²	t o ³¹	d ao ⁴²			d ao ³¹	
4677	pʰ j a ⁴²			p j a ⁴²				p j a ⁴²	
138	l a ⁴⁴	l a ⁴⁴					l a ⁴⁴		
586		ts ɿ ³³	ts ɿ ³³	ts ɿ ⁵⁵					
6519						f e ⁴⁴			f ɤ ³¹
1039		s ɿ ⁵⁵	s ɿ ⁵⁵	s ɿ ⁵⁵		s ɤ ⁵⁵			s ɿ ⁵⁵
3488	kʲ e ³⁵	k e ⁵⁵	k e ⁵⁵	k e ⁵⁵		k e ³⁵	kʲ i ³⁵	k e ³⁵	k e ³⁵
3396		m ɛ ²¹	m ɛ ²¹	m æ ²¹		m ɛ ²¹	m ɛ ²¹		m ɛ ²¹
6616	ɔ ²¹					ɔ ²¹			ɔ ²¹
6486	j ɔ ⁴²	j ɔ̃u ⁴²	j õ ⁴²	j ɔ̃ ⁴²			j ɛ̃ ²¹	j ɔ ⁴²	
6840	s ɿ ³⁵			s ɯ ⁵⁵		s ɯ ⁵⁵	s ɯ ⁵⁵		s ɿ ⁵⁵
1163	pʰ j ɔ ³¹					pʰ j ɔ ³¹	pʰ j ɔ ³¹	pʰ j ɔ ³¹	pʰ j ɔ ³¹
2949		m i ⁴²	m i ⁴²	m i ³³	m o ⁵⁵	m i ³²	m ou ⁵⁵	m ɯ ⁵⁵	m i ³²
3409		l a ⁴⁴				l a ⁴⁴			l ɛ ⁵⁵
6605	ŋ ɔ ³³	ŋ ɔu ³³						ʁ ɔ ³³	
1484			ɕ ɛ ⁴⁴					ɕ ɛ ⁴⁴	
985	t e ³³			t ẽ ⁴²	t ẽ ³³				
2271						tɕ i ³²			tɕ i ³²
4140			kʰ ɤ ⁴⁴		qʰ w ɛ ⁵⁵				
1094		ts ou ⁴⁴	ts ou ⁴⁴	ts u ⁴⁴		ts o ⁴⁴	ts ɔ ⁴⁴	ts u ⁴⁴	ts o ⁴⁴
5390	ts ɯ ²¹	ts ɿ ²¹	ts ɯ ²¹	ts ɯ ²¹		ts ɿ ²¹	z ɿ ²¹		ts ɿ ²¹
6252	ʂ ɔ ³⁵	s ou ⁵⁵	s ou ⁵⁵	s o ⁵⁵		s ɔ ³⁵	s ɔ ³⁵	s ɔ ³⁵	s ɔ ³⁵
5430				pʰ a ⁴⁴	pʰ a ⁴⁴				
95	ɲ i ²¹	j i ²¹	j ĩ ³¹	j ĩ ²¹	ɲ i ³¹	ɲ i ²¹		ɲ i ²¹	ɲ i ³¹
6915		n a ⁴²	n a ⁴²						
5612	u ³¹	u ³¹	u ³¹	w u ³³		u ³¹	u ³¹	w u ³¹	
4227	a ³¹	a ³¹	a ³¹	a ³¹		a ³¹	a ³¹	a ³¹	a ³¹
1747			t ɯ ²¹	t j ɯ ³¹				t ɯ ³¹	
54	t ɔ ⁴⁴				t o ⁵⁵	t o ⁴⁴			t o ³³
1541			pʰ ĩ ⁴⁴			pʰ i ⁵⁵	p ĩ ⁵⁵		
6129	v ɤ ³³			v ɛ ⁴⁴				v ɤ ³³	v ɤ ³¹
6381	p ɯ ⁴⁴		p ɯ ⁴⁴	p ɯ ⁴⁴				p ao ⁴⁴	p ɯ ⁴⁴
4925		f ɤ ³³	f ɤ ³³						
3097		j ɔ ³⁵				j ɔ ³⁵	j ɔ ³⁵		j ɔ ³⁵
5540	ɣ ɔ ³¹	ɣ ɔ ²¹							
85	tɕ i ³³	tɕ ĩ ³³	tɕ ĩ ³³	tɕ ĩ ³³		tɕ i ³³		dz e ³³	tɕ i ³³
6366				j u ⁴⁴		j ɔ ³⁵		j ɔ ³³	
294	p e ³³		p e ³³						
882		ts ɿ ³³	ts ɿ ³³				ts ɿ ³³		ts ɿ ³³
2856	k ɤ ⁴⁴	k w ɔ ⁴⁴	k ɤ ⁴⁴	k o ⁵⁵	q õ ⁵⁵	k ɤ ⁴⁴		k ɤ ⁴⁴	k ɤ ⁴⁴
3523	a ³³		ã ³³	ã ⁴⁴		a ³³	ã ³³	a ³³	a ³³
3854	ŋ w a ⁴⁴	w ã ⁴⁴	w ã ⁴⁴	w ã ⁴⁴		w a ⁴⁴	w ã ⁴⁴	ŋ w a ⁴⁴	w a ⁴⁴
2847			n e ⁴⁴	n ẽ ⁵⁵		n e ⁴⁴			n e ⁴⁴
4217							a ³¹	a ³¹	
1315	y ⁵⁵							y ⁵⁵	
5229						s e ³²			s e ⁴²
4067		tʰ ɔ̃ ⁵⁵	ts ɤ ⁴⁴	ts a ⁴⁴	ʈ ɛ ⁵⁵			t e ³³	
5888	s ɔ ⁴⁴	tsʰ ou ⁴⁴	tsʰ ou ⁴⁴	tsʰ u ⁴⁴	ʈʰ u ⁵⁵				
2194	kʰ w a ³³	kʰ w ã ³³	kʰ w ã ³³	kʰ w ã ⁴⁴	qʰ ɔ̃ ³³		kʰ w ã ³³	kʰ w a ³³	
2001			a ³¹			a ³¹	a ³¹		
4750	tɕ i ⁴²	tɕ i ⁴²	tɕ i ⁴²	tɕ i ⁵⁵	ts a ⁴⁴	tɕ ɯ ³¹		tɕ ɯ ³³	
5194	ŋ ɛ ²¹	ŋ ɛ ²¹	ŋ ɛ ²¹	ŋ ɛ ²¹	n i ³¹			ŋ ɛ ²¹	ŋ ɛ ²¹
5150		p ɛ ⁴²						p ɛ ⁴²	
4635	ʈʂ ɔ ⁴²				tɕ a ⁴²	ts o ³¹	k w ɔ ⁴²	k ɔ ³¹	tɕʰ o ⁴²
6173							t ou ³¹		t ɯ ³¹
6858	p i ⁵⁵	p ĩ ⁵⁵	p i ⁵⁵	p i ⁵⁵		p i ³⁵	p i ³⁵	p i ³⁵	p i ³⁵
1709		p ɔu ³³	p o ³³						
1496	ɲ i ⁴⁴	j ĩ ⁴⁴	j ĩ ⁴⁴	j ĩ ⁴⁴	ɲ i ³³	ɲ i ⁴⁴	n i ⁴⁴		ɲ i ⁴⁴
5590	tʰ i ⁵⁵			t i ⁵⁵	tʰ ã ⁵⁵	tʰ i ⁵⁵	tʰ e ⁵⁵	tʰ i ⁵⁵	
3407	z ɛ ³³		s ɛ̃ ²¹	ʐ ɯ ³³					
5813	kʲʰ i ⁴⁴	tɕʰ i ⁴⁴	tɕʰ i ⁴⁴	tɕʰ i ⁵⁵		tɕʰ i ⁴⁴	tɕʰ i ⁴⁴	tɕʰ i ⁴⁴	tsʰ ɛ ⁵⁵
2990	p ɔ ³¹				b o ⁵⁵	p ɔ ²¹			
5128	j i ³¹	j i ³¹	j i ³¹	j i ³¹		j i ³³	j i ³¹	j ɛ ³¹	j i ³¹
6771		m a ⁴⁴		m a ⁵⁵	m ã ⁵⁵				
1288						pʰ a ⁴⁴			pʰ a ⁴⁴
3487	n a ³³							n a ³³	
3248		sʰ w a ⁴⁴	s w a ⁴⁴			ʃ w a ⁴⁴		s w a ⁴⁴	s w a ⁴⁴
6320	pʰ i ³¹	pʰ ĩ ³¹		pʰ ĩ ³¹		pʰ i ³¹		pʰ i ³¹	pʰ i ³¹
1153	m i ³⁵	m e ³⁵	m e ⁵⁵	m ĩ ⁵⁵		m e ³⁵	m i ³⁵	m i ³⁵	m e ³⁵
2155	ʈʂ ɛ ³⁵	ts ɛ̃ ³⁵	ts ɿ ⁵⁵	ts ã ⁵⁵		ts ɛ ³⁵	ts ɛ̃ ³⁵	ts ɛ ³⁵	ts ɛ ³⁵
352		m ɔu ³³			m ɯ̃ ⁵⁵	m ɯ ³¹	m ɔ ⁴²	m o ³³	m ɯ ³¹
4056						tɕ j ɛ ³³	j ĩ ³³		tɕ j ɛ ³³
2186				w õ ⁴⁴			w ɔ̃ ³³		
4529	z ɔ ³¹		ɕ õ ²¹		ʐ u ³¹	ɕ o ³¹	z ou ³¹		
4988	ɣ ɯ ⁴²	ɣ ɯ ⁴²	ɣ ɯ ⁴²	ɣ ɯ ⁴⁴	ɣ ɯ ⁴⁴		ɣ ɯ ⁴²	ʔ ɯ ⁴²	ɣ ɯ ⁴²
3434	x w a ³⁵	x w ã ⁵⁵	x w ã ⁵⁵	x w ã ⁵⁵		x w a ³⁵	x w ã ³⁵	x w a ³⁵	x w a ³⁵
1276	ʈʂ ɤ ⁴²	ts w ɔ̃ ⁴²		ts ao ⁴²		ts ɤ ⁴²	tɕ ɛ ⁴²		
5878	ŋ a ²¹	ŋ a ²¹	ŋ a ²¹	ŋ a ²¹	ɴ a ²¹	ŋ a ²¹			ŋ a ²¹
1945			f ɛ̃ ³³	f ɛ̃ ³³				f ɛ ⁴⁴	
5889						ɕ u ³³	s u ³³	s w ɔ ³³	s ɔ ³³
441			s ɤ̃ ³¹	s ɔ̃ ⁴²	s õ ³¹				
4456	ɲ i ²¹	j ĩ ²¹	j ĩ ²¹						ɲ i ²¹
5485	p ɛ ⁴⁴	p ɛ ⁴²		p a ⁴⁴			p ɛ ⁴²	p ɛ ⁴⁴	
3547	ʂ ɔ ³³	sʰ ɔu ³³	s u ³³	s ɔ̃ ³³	ʂ ʅ ³³			s ɔ ³³	
2342				tɕʰ ɛ ⁴⁴			tɕʰ ɛ̃ ²¹		ts a ⁴⁴
4788	v ɤ ³³	v ɤ ³³	v ɤ ³³			v ɤ ³³		v ɤ ³³	v ɤ ³³
2484		p ɔu ⁵⁵			p ɤ ⁵⁵		p ɔ ³⁵		
2072			ts ɿ ³³		tɕ ɯ̃ ³¹	ts ɿ ³³	ts ɿ ³³	ts ɿ ³³	ts ɿ ³³
3406	ŋ w e ³³						l w ẽ ³³		x w e ³³
4112		j ĩ ⁴⁴	j ɯ̃ ³³	j ɯ ⁴⁴					
5831						m i ⁴⁴			m i ⁴⁴
3113	t ɯ ²¹	t ɯ ²¹	ts ɿ ³¹	t j ɯ ²¹		ts ɿ ²¹	t ɛ ²¹		t ɯ ²¹
2424		ŋ ɛ ²¹	ŋ ɛ ²¹	ŋ ɛ ²¹		ŋ ɛ ²¹	n j ɛ ²¹		ŋ ɛ ²¹
6753							l e ³¹		l e ³¹
1411	tsʰ w a ³³	tsʰ w ã ³³	tsʰ w ã ³³	tɕʰ w ã ⁴⁴		tʃʰ w a ³³	tsʰ w ã ³³	tsʰ w a ³³	tsʰ w a ³³
1822						p i ²¹			p i ³¹
1038	ɲ i ²¹							ɲ i ²¹	ɲ i ³³
6547							kʰ w e ³¹		kʰ w e ³¹
1318				x ã ³³	x a ⁴²				
3873	kʲʰ ɛ ⁵⁵	kʰ ɛ ⁵⁵	kʰ ɛ ⁵⁵	kʰ ɯ ⁵⁵		kʰ ɯ ³³	kʰ ɯ ³³	kʰ ɛ ⁵⁵	kʰ ɯ ⁵⁵
5952					m æ̃ ³¹	m i ⁴⁴	m i ³³		m i ⁴⁴
4066		m j ɛ ⁴²	m i ⁴²	m i ³³			m i ⁴²		
6876		kʰ w ɔ ³⁵							k w a ⁴⁴
2145			ɕ ĩ ⁵⁵					s ɛ ³³	ɕ i ³³
948				v ɛ ³³	v e ³³				
6301	ɲ i ⁴⁴	j ĩ ⁴⁴	j ĩ ⁴⁴	j ĩ ⁴⁴		ɲ i ⁴⁴	n i ⁴⁴		ɲ i ⁴⁴
1365			v ɤ ⁵⁵		v ɤ ⁵⁵	ŋ ɤ ³⁵	ɛ ³⁵		v ɤ ³⁵
1192	v ɤ ²¹	v ɤ ²¹	v ɤ̃ ²¹	v ã ²¹		v ɤ ²¹			v ɤ ²¹
4029		j ɔ̃ ²¹	j õ ²¹				j ã ²¹		j o ³¹
6006			s w a ⁴⁴						s w a ⁴⁴
2452		p e ⁴⁴		p ẽ ⁴⁴		p e ⁴⁴		p e ⁴⁴	p e ⁴⁴
7033	n ɯ ⁵⁵	n ɯ ⁵⁵	n ɯ ⁵⁵	n ɯ ⁵⁵	n ɔ ⁵⁵	n ɯ ⁵⁵		n ɯ ⁵⁵	n ɯ ⁵⁵
4572	u ³¹		w a ⁴²	w a ⁴²				w u ³¹	
4729	x ɛ ⁴⁴				χ a ⁵⁵			x ɛ ⁴⁴	
4116				ts ɛ ³¹					ts ɿ ³¹
3211	tʰ i ⁵⁵	tʰ e ³⁵	tʰ i ⁵⁵			tʰ i ⁵⁵	tʰ e ⁵⁵	tʰ i ⁵⁵	tʰ ɯ ⁵⁵
5849	l e ⁵⁵	l ɛ ³⁵					l i ³⁵		l i ⁵⁵
5167	j u ³¹	j u ³¹	j u ³¹	j u ³¹		j ɔ ³¹	j u ²¹	j o ³¹	j ɔ ³¹
3410			pʰ j ɯ ⁴⁴	pʰ j ɯ ⁴⁴					
109					ʈʂ æ ⁵⁵		tɕ ɛ ⁴⁴		
3490					l a ⁴⁴	l ɔ ³⁵			l ɔ ³³
3405	kʲ i ³¹	tɕ i ³¹	ts ɿ ³³	ts ɿ ³³		tɕ i ³¹		dʑ i ³³	kʲ i ³¹
2248	k ɔ ²¹	k ɔ̃ ⁴²	k õ ⁴²	k ɔ̃ ²¹	k ao ⁴²		k ã ⁴²	k ao ⁴²	
2911		k ɛ ²¹	k ɛ ²¹	k ɛ ³¹					
6947	t ɔ ²¹	t ɔ̃ ²¹	t õ ²¹	t ɔ̃ ²¹	t ɔ̃ ³¹	t o ²¹	t ã ²¹		t o ²¹
5899	m i ⁴⁴					m i ⁴⁴	m i ⁴⁴	m i ⁴⁴	m i ⁴⁴
5243	k ɤ ⁴²	k w ɔ ⁴²	k ɤ ⁴²		k ɤ ⁴⁴	k ɤ ³²	k ɯ ⁴²	k ɤ ⁴²	k ɤ ³²
419			ts ɿ ³³						ts ɿ ³³
2969	ɤ ⁴⁴		ɤ ⁴⁴			v ɤ ⁴⁴	ɛ ⁴⁴	ʔ ɯ ⁴⁴	v ɤ ⁴⁴
923	ɕ ɔ ³¹					ɕ ɔ ³¹	c õ ⁴²	ɕ ɔ ³¹	ɕ o ³¹
2757							tsʰ u ⁵⁵	ts u ⁵⁵	
2638	ŋ ɛ ⁴²	ŋ ɛ ³¹	ŋ ɛ ⁴²	ŋ ɛ ⁴²		ŋ ɛ ³²		ŋ ɛ ⁴²	ŋ ɛ ³²
1483	ɲ i ⁴⁴	j ĩ ⁴⁴	j ĩ ⁴⁴	j ĩ ⁴⁴	ɲ i ³³	ɲ i ⁴⁴	n i ⁴⁴		ɲ i ⁴⁴
6618		ɣ ɔu ²¹	ɣ ou ²¹				ɣ ɔ ²¹		
721	tsʰ w ɛ ⁴⁴	tɕʰ w ɛ ⁴⁴	tsʰ w ɛ ⁴⁴	tɕʰ w ɛ ³³		tʃʰ w ɛ ⁴⁴	tɕʰ w ɛ ⁴⁴	tsʰ w ɛ ⁴⁴	tsʰ w ɛ ⁴⁴
2728	t a ⁴²		t a ⁴²	t a ⁴²	t a ⁵⁵	ts a ⁴²		t a ⁴²	t a ³²
2912				i ⁵⁵				i ⁴⁴	n ɯ ⁵⁵
3793	kʲ ɛ ⁴²	k ɛ̃ ⁴²	k ɛ ⁴²	k ɛ ⁴²		k ɛ ³²	kʲ ɛ̃ ⁴²	k ɛ ⁴²	kʲ ɛ ⁴²
2563	ʈʂ ɯ ⁴²		ts ɯ ⁴²	ts ɯ̃ ⁴²	tʰ ɯ̃ ⁴²			tsʰ ai ³¹	
4054	tɕ i ³³	tɕ ĩ ³³	tɕ ĩ ³³	tɕ ĩ ⁴⁴				tɕ i ³³	
6271	pʰ j a ⁴⁴	pʰ j a ⁴⁴	pʰ j a ⁴⁴	pʰ j a ⁴⁴		pʰ j a ⁴⁴	pʰ j ɛ ⁴⁴	pʰ j a ⁴⁴	pʰ j a ⁴⁴
3168	s e ³³	s e ³³	s ẽ ³³	s w ɛ̃ ⁵⁵		z ɯ ⁴⁴	z ɛ̃ ²¹	z ɿ ³³	s e ³³
5299	ɕ i ⁵⁵	ɕ i ⁵⁵	ɕ i ⁵⁵	ɕ ĩ ⁵⁵	ʑ u ⁵⁵	ɕ i ³⁵		s e ⁵⁵	ɕ i ³⁵
498		p i ⁵⁵	p i ⁵⁵	p i ⁴⁴				p e ³³	
3356	p ɔ ³¹					p ɔ ²¹		p ɔ ³¹	p o ³¹
3664	v ɤ ³³	f ɤ ³³	v ɤ ³³	v ɛ ⁴⁴		v ɤ ³³	ɤ ³³	v ɤ ³³	v ɤ ³³
2877		w ẽ ⁵⁵	w ẽ ⁵⁵			w e ³⁵	w ẽ ³⁵	w ɛ ³³	w ɛ ³⁵
6058	n a ⁵⁵	n a ⁵⁵	n a ⁵⁵				n a ⁵⁵	n a ⁵⁵	
1036	m a ³⁵							m a ³⁵	
5218						k ɤ ³⁵	k ɯ ³⁵		
532		m i ⁴²	m i ⁴²	m i ³³		m i ⁴⁴			
215	kʰ ɯ ³³		kʰ ɯ ³³	kʰ ɯ ⁴⁴		kʰ ɯ ³³	kʰ ou ³³		
5946	ŋ ɤ ⁴⁴							ŋ ɤ ⁴⁴	
2249		m ɯ ³¹	m ɯ ²¹		m ɯ̃ ³¹		m u ³¹	m ɯ ³¹	
496	ʈʂ ɤ ⁴⁴				tɕ o ⁵⁵	ts ɤ ⁴⁴	tɕ ɛ ⁴⁴	tsʰ o ³³	ts ɤ ⁴⁴
1462	x ɯ ⁴⁴					x ɯ ⁴⁴	x ou ⁴⁴	x ɯ ⁴⁴	x ɯ ⁴⁴
2575	ts ɿ ³³	ts ɿ ³³	ts ɿ ³³			ts ɿ ³³	ts ɿ ³³	ts ɿ ³³	ts ɿ ³³
1017					ʐ a ⁴²		z a ³¹		
5694		v ɤ ⁴²	v ɤ ⁴²			f ɤ ⁴²	ɤ ⁴²		v ɤ ⁴²
1666	ɯ ³³	ɯ ³³	ɯ̃ ³³		ɯ̃ ³³	ɯ ³³	ẽ ³³	ʔ ɯ ³³	
5149	j ɔ ²¹	j ɔ̃ ²¹	j õ ²¹	j ɔ ²¹		j o ²¹	j ã ²¹	j ɔ ²¹	j ɔ ²¹
1823						tɕ a ³⁵		tɕ ao ²¹	tɕ a ³⁵
5967	tʰ ɤ ⁵⁵	tʰ ɔ̃ ³⁵	t ɤ̃ ⁵⁵	tʰ ɔ̃ ⁵⁵		tʰ ɤ ⁵⁵	tʰ ɤ̃ ⁵⁵	tʰ ɯ ⁵⁵	tʰ ɤ ⁵⁵
1843		ɣ ɔu ⁴²	ɣ ou ⁴²			ɔ ⁴²			ɔ ⁴²
6577	ɕ ɛ ⁵⁵	ɕʰ ɛ̃ ⁵⁵	ɕ ɛ̃ ⁵⁵	ɕ j ɛ̃ ⁵⁵		ɕ ɛ ⁵⁵			ɕ ɛ ⁵⁵
4731			ɯ ⁴⁴	ɯ ⁴⁴		ɯ ⁴⁴	ou ⁴⁴		ɯ ⁴⁴
299			tɕ i ³¹	tɕ i ³¹					tɕʰ ɯ ⁵⁵
6066								ŋ w e ³³	w e ³³
3236					b ɯ ³³		p ɯ ³³		
6457	ʈʂ ɔ ³³	ts u ³³	ts õ ³³	ts õ ³³		ts o ³³		dz ɔ ³³	ts o ³³
5512	kʲ e ³⁵							k ɛ ³³	
108	ɲ ɯ ⁴²	j ɯ̃ ⁴²	j ɯ̃ ⁴²	j ɯ̃ ⁴²				ɲ ɯ ⁴²	ɲ ɯ ³²
3473	k ɤ ²¹								k ɤ ²¹
3684	t ɛ ⁴⁴	t ɛ ⁴⁴	t ɛ ⁴⁴	t ɛ ⁴⁴		t ɛ ⁴⁴	t ɛ̃ ⁴⁴	t ɛ ⁴⁴	t ɛ ⁴⁴
2404	tɕ i ⁴²		tɕ i ⁴²	tɕ ĩ ⁴²		tɕ i ³²		tɕ i ⁴²	
6379	ʂ ɯ ⁴⁴	s ɯ ⁴⁴	s ɯ ⁴⁴	s ɛ ⁴⁴	ɕ ĩ ⁵⁵	s ɯ ⁴⁴			s ɯ ³¹
4691		n a ⁵⁵				n a ⁴²			n a ³⁵
2669			k ɯ ⁴²	k ɯ ⁴²		tsʰ ɿ ²¹		tsʰ ɿ ³¹	
4924	p ɔ ³¹					p ɔ ²¹			p o ³¹
4530	ʈʂ ɯ ³¹	ts ɯ ³¹	ts ɯ ³¹	ts ɯ ²¹	ɖ ɯ ³¹			dz ɯ ³¹	ts ɯ ³¹
5511	ts ɿ ²¹	ts ɿ ³¹	ts ɿ ²¹	ts ɿ ³³		tɕ i ⁴²	ts ɿ ³¹	ts ɿ ²¹	ts ɿ ²¹
6678	ŋ a ⁵⁵	ŋ a ⁵⁵	j ã ⁵⁵	ŋ ã ⁵⁵		ŋ a ⁵⁵	ŋ a ⁵⁵	ɲ a ⁵⁵	ŋ a ⁵⁵
3486	s a ²¹	s ã ⁴²	s w ã ³¹	s w a ³³		ɕ ɔ ³³	s a ³³	s a ²¹	s ɔ ³³
2471			ɕ o ³¹	ɕ o ⁴²					
5829	ɲ i ⁴⁴	j ĩ ⁴⁴	j ĩ ⁴⁴	j ĩ ⁵⁵	ɲ i ⁵⁵		n i ⁴⁴	ɲ i ⁴⁴	
1441	tʰ j ɔ ⁵⁵					tʰ j ɔ ⁵⁵		tʰ j ɔ ⁵⁵	
3668				k a ⁴⁴					tɕ a ⁴⁴
2767	a ⁵⁵		a ⁵⁵	a ⁵⁵		a ⁵⁵	a ⁵⁵	a ⁵⁵	
4411	k w a ⁴²				q w a ⁴⁴				
3064	ʈʂ ɔ ⁴²	ts ɔu ⁴²	ts o ⁴²	ts u ³¹		ts o ⁴²	ts ou ⁴²	ts ao ³¹	ts o ⁴²
6029	ŋ ɤ ⁴²	ɤ̃ ⁴²	ɤ̃ ⁴²			ŋ ɤ ³²	ŋ ɯ ⁴²	n e ⁴⁴	
4158	n ɯ ³¹				n ɔ ³¹			n ɯ ³¹	n ɯ ³¹
3813	ts e ²¹	tɕʰ ẽ ³⁵	ts e ²¹	ts e ⁴²		tɕʰ e ⁵⁵	tɕʰ ĩ ⁵⁵	ts e ²¹	ts e ⁵⁵
1174	p e ⁴²		p e ⁴²	p e ³³		p e ³²			p e ⁴²
5591	k a ³⁵							k ɛ ³⁵	k a ³⁵
5879							ɣ ã ²¹	ɣ a ²¹	
3824	s w a ³⁵	s w ã ³⁵	s w ã ⁵⁵	s w ã ⁴⁴		ʃ w a ³⁵	s w ã ³⁵	s w a ³⁵	s a ³⁵
927				k a ⁵⁵	q a ⁵⁵				
1460	m j ɛ ⁴²	m j ɛ ⁴²	m j ɛ ⁴²	m j ɛ ⁴²		m j ɛ ³²			m j ɛ ⁴²
5673						ŋ a ³⁵	n j a ⁴²	ɲ a ⁴⁴	ɲ a ⁴⁴
2913					m e ³³	m ɯ ⁵⁵		m ɯ ⁴⁴	
663						j i ³¹			j i ³¹
2576		sʰ w e ⁴⁴	s w e ⁴⁴				s w a ⁴⁴		s w e ⁴⁴
6556	ʈʂ ɤ ⁴⁴	ts w ɔ ⁴⁴							
3301	p ɛ ⁴²	p ɛ ⁴²	p ɛ ⁴²		p a ⁴²	p ɛ ⁴²	p ɛ ⁴²	p ɛ ⁴²	
2529	l ɤ ⁴⁴	l w ɔ ⁴⁴	l u ⁴⁴	l ao ⁴⁴			l ɯ ⁴⁴	l ɤ ³³	l ɤ ⁴⁴
1335	ɕ i ⁵⁵							s e ⁵⁵	ɕ i ³⁵
2341	m ɛ ³⁵	m ɛ ³⁵	m ɛ ⁵⁵	m ɛ ⁵⁵		m ɛ ³⁵	m ɛ ³⁵		
6841	ɣ ɯ ³³	ɣ ɯ ³³	ɣ ɯ ³³	ɣ ɯ ³³		ɯ ³³	ɣ o ⁴²	ʔ ɯ ³³	ɣ ɯ ³³
6168	n ɯ ³¹							n ɯ ³¹	
2503			a ³¹			a ³¹	a ³¹		a ³¹
1443		t a ⁴²	t a ⁴²	t a ⁴²	t a ⁴⁴		t a ⁴²		
6030				w ɛ̃ ⁴²	w ẽ ⁵⁵				
4070						ts ɿ ³³	tɕ ɿ ³³		ts ɿ ³³
2830	ʂ e ⁴²	s ẽ ⁴²	s ẽ ⁴²	s ẽ ⁴²				s e ⁴²	s e ⁴²
3536			ɕ ĩ ²¹		ʂ æ ⁴²		z ẽ ³¹	z e ³¹	
2541		w ẽ ⁴²	w ẽ ⁴²	w ẽ ⁴²		w e ⁴²			w e ³²
6842		ts ɯ ³¹	ts ɯ ³¹					dz ɯ ³¹	
6148	m i ³³	m i ³³	m i ³³	m i ³³	m i ³³	m i ³³		m i ³³	m i ³³
4163				p ɛ ³¹	p ã ³¹				
6406		k u ³³				k u ³³			k u ³³
2482	a ⁵⁵	a ⁵⁵		a ⁴⁴	a ⁵⁵			a ⁴⁴	
3344				k ã ⁵⁵	q a ⁵⁵				
1800		p ɛ ²¹	p ɛ ²¹		p a ⁴²	p ɛ ²¹	p ɛ ²¹		
6300	m e ⁵⁵	m ɛ ³⁵	m e ⁵⁵	m ẽ ⁵⁵		m e ⁵⁵	m e ⁵⁵	m ɛ ⁵⁵	m e ⁵⁵
2293	ɕ i ⁵⁵	ɕ i ⁵⁵	ɕ i ⁵⁵	ɕ i ⁴⁴				ɕ i ⁵⁵	
5589	k u ²¹	k u ²¹	k ou ²¹	k u ³³	q u ⁵⁵				
1337		x w a ⁵⁵	x w a ⁵⁵	x w a ⁵⁵					
3408		k ɔu ⁵⁵				k ɤ ³⁵			
5138	tɕ ɛ ³¹	tɕ ɛ ³¹	tɕ ɛ ³¹	tɕ ɛ̃ ⁴²		tɕ ɛ ³¹		tɕ ɛ ³¹	tɕ ɛ ³¹
295	s e ⁴⁴					s e ⁴²			
2195	s ɔ ⁴⁴	ɕ i ⁴⁴	ɕ i ⁴⁴	ɕ i ⁴⁴			s ɤ ⁴⁴		
1946					x a ⁴⁴	x ɯ ⁵⁵			
1746			j ĩ ³³	j ɛ̃ ³³			j ɔ ³³		
3666		ts ɿ ³³					ts ɿ ³³		
4620	p ɯ ³³	p ɯ ³³	p ɯ ³³	p ɯ ³³	b ɯ ³³	p ɯ ³³			p ɯ ³³
3794	m i ⁴⁴	m i ⁴²	m i ⁴²	m i ³³		m i ³²		m i ⁴⁴	m i ⁴²
3575	k ɔ ²¹	k w ɔ ²¹	k ou ²¹	k o ²¹	k ao ³¹	k w ɔ ²¹		k ɔ ²¹	k ɔ ²¹
1242	j ɯ ³⁵							j ɯ ³⁵	j ɯ ³⁵
4160		l ɯ ²¹	l ɛ ²¹			l ɯ ³¹			
2929	ɕ u ³³	ɕ u ³³	ɕ u ³³	ɕ o ⁴⁴		ɕ o ³³	ɕ u ³³	ɕ u ³³	ɕ o ³³
6801		m a ⁴⁴		m ɯ̃ ⁵⁵					
4892	j i ³⁵	j ĩ ²¹							
3291		sʰ ɯ ⁴⁴	s ɯ ⁴⁴	s ɯ ⁴⁴		z ɯ ⁴⁴			s ɯ ⁴⁴
5286		kʰ w ã ⁵⁵	kʰ w ã ⁵⁵	kʰ w ã ⁴⁴		kʰ w a ³⁵		kʰ w a ⁴⁴	
1854	j ɯ ⁴⁴	j ɯ ⁴⁴	j ɯ ⁴⁴	j ɯ ⁴⁴	j i ⁴⁴		j ou ⁴⁴	j ɯ ⁴⁴	j ɯ ⁴⁴
440	p ɛ ³¹	p ɛ̃ ³¹	p ɛ̃ ³¹	p æ̃ ⁴²		p ɛ ³¹	p ɛ̃ ³¹	p ɛ ³¹	p ɛ ³¹
2574	p ɔ ⁴²			p o ³³				p o ⁴²	
2294		x ɑ ⁵⁵				x ɯ ⁵⁵	x ou ⁵⁵		x ɯ ⁵⁵
253	j ɯ ⁴⁴	j ɯ̃ ⁴⁴	j ɯ̃ ⁴⁴					j ɯ ⁴⁴	
6254				n ɛ ⁴⁴	n æ̃ ⁴²				
1776	ts a ²¹								ts a ²¹
6088	p a ⁵⁵	v a ⁵⁵			b i ⁵⁵	v a ⁵⁵	p a ⁵⁵	p a ⁵⁵	p a ⁵⁵
1243		ɣ ɯ ³⁵	ɣ ɯ ³⁵	ɣ ɯ ³⁵			ɣ ɯ ³⁵		
5744	p ɯ ³¹					p ɯ ³¹			
2266	kʰ ɤ ⁴⁴	k w ɔ ⁴⁴	kʰ ɤ ⁴⁴	kʰ w ɔ ⁴⁴		tsʰ ɛ ⁵⁵	kʰ ɛ ⁴⁴	kʰ ɤ ⁴⁴	kʰ ɤ ⁴⁴
5289						pʰ i ⁴²	pʰ i ⁵⁵		pʰ i ⁵⁵
6821	v ɤ ³³	f ɤ ³³	v ɤ ³³	v ɛ ³³		v ɤ ³³		v ɤ ³³	v ɤ ³³
6981	ŋ ɤ ²¹		ɤ̃ ²¹		ŋ o ³¹	ŋ ɤ ²¹	ŋ ɯ ²¹		ŋ ɤ ²¹
840		tsʰ ɛ̃ ⁴⁴	tsʰ ɛ̃ ⁴⁴						
3385	tsʰ ɛ ⁵⁵	tsʰ ɛ̃ ⁵⁵	tsʰ ɛ̃ ⁵⁵	tsʰ ɛ̃ ⁵⁵		tsʰ ɛ ⁵⁵	tsʰ ɛ̃ ⁵⁵	tsʰ ɛ ⁵⁵	tsʰ ɛ ⁵⁵
1256	ʐ ɤ ⁴²					s ɤ ⁴²		z ɤ ⁴²	z ɤ ⁴²
3098			j a ⁵⁵					j ao ²¹	
196	p ɔ ³⁵	p ɔu ³⁵	p o ⁵⁵	p u ⁵⁵	p ɤ ⁵⁵	p ɔ ³⁵			p ɔ ³⁵
2236	ʐ ɯ ²¹	z ɯ̃ ²¹	s ɯ̃ ²¹	ʐ ɯ ²¹		s ɯ ²¹	z ɯ̃ ²¹	z ɯ ²¹	z ɯ ²¹
2486			j i ⁴²	j ɛ ⁴²					
2768	t a ⁴⁴	t a ⁴⁴	t a ⁴⁴			t a ⁴⁴	t a ⁴⁴	t a ⁴⁴	
3874	t ɯ ²¹	t ɯ ²¹	t ɛ ²¹	t j ɯ ³¹	ts ɯ ³¹			t ɯ ²¹	
6355	ʈʂ ɯ ³¹	ts ɯ ³¹	ts ɯ ³¹	ts ɯ ²¹	ɖ ɯ ³¹	ts ɯ ³¹		dz ɯ ³¹	ts ɯ ³¹
6897	p e ²¹	pʰ ĩ ³¹		pʰ i ³³		p e ²¹			
1195							j ɛ̃ ²¹	ɥ ɛ ⁴⁴	
4507	ʈʂ e ³³	ts ẽ ³³	ts ẽ ³³	ts ẽ ⁴⁴	ɖ ẽ ³³	ts e ³³		t w e ³³	ts e ³³
4876		j a ⁴⁴	j a ⁴⁴	j a ⁴⁴		j a ⁴⁴	j a ²¹	j a ⁴⁴	
6800	t ɔ ²¹	t ɯ ²¹	t o ²¹		t ɔ ³¹		t ɔ ²¹		
6750	n e ³¹					n e ³¹			
2730			ɣ ɯ ⁴²	ɣ ɯ ⁴²	ɣ ɯ ⁴²			ɣ ɯ ⁴²	
2197					ɕ ʊ ³³	ʃ w ɔ ³³		s u ³³	
4277		f ɤ ³³	f ɤ ³³						
4560				k u ⁴⁴			kʲ ɛ ³⁵	k ɛ ³³	
6688	ɲ a ⁵⁵	j ã ⁵⁵	j ã ⁵⁵	j ã ⁵⁵		ɲ j a ⁵⁵	n j a ⁵⁵	ɲ a ⁵⁵	ɲ a ⁵⁵
3670						tʰ u ⁵⁵		tʰ u ⁵⁵	
4718	x a ⁵⁵	xʰ ã ⁵⁵	x ã ⁵⁵	x ã ⁵⁵		x a ⁵⁵	x ã ⁵⁵	x a ⁵⁵	x a ⁵⁵
2036	w e ⁴²	w e ⁴²	w ẽ ⁴²	w e ⁴²		w a ³²	w e ⁴²	w ɛ ⁴²	w e ⁴²
214	x ɔ ³¹		x u ³¹	x ɔ ³³	x ẽ ⁵⁵	x a ⁴²	x w e ³³		
6545			tɕʰ ɛ ⁴⁴		tɕʰ a ⁵⁵				
2340	ɔ ³¹	u ³¹	õ ²¹	ɔ̃ ²¹		o ²¹			ɔ ²¹
2951						ɕ i ³⁵			ɕ i ³⁵
4030		f ɤ ⁴⁴	f ɤ ⁴⁴		f ʊ ⁵⁵	f ɤ ⁴⁴	f ɤ ⁴⁴		f ɤ ⁴⁴
3375	kʲ e ³¹	k e ⁴²	k ẽ ³¹	k e ³³		k e ³¹	kʲ ẽ ²¹	k e ³¹	
5227		ts ɿ ³³			tɕ ĩ ³³				
6769	a ⁵⁵		a ⁵⁵	a ⁵⁵	a ⁵⁵	a ⁵⁵		a ⁵⁵	a ⁵⁵
5298	kʰ w a ⁵⁵	kʰ w ã ⁵⁵	kʰ w ã ⁵⁵	kʰ w ã ⁵⁵		kʰ w a ⁵⁵		kʰ w a ⁵⁵	kʰ w a ⁵⁵
4895						ɲ i ⁵⁵			ɲ i ⁵⁵
2016	kʲ ɛ ³⁵	k ɛ̃ ⁵⁵	k ɛ̃ ⁵⁵	k ɛ̃ ⁵⁵		k ɛ ³⁵	kʲ ɛ̃ ³⁵	k ɛ ³⁵	kʲ ɛ ³⁵
3246	n a ²¹	n a ²¹	n a ²¹	n a ³¹		n a ²¹	n a ²¹	n a ²¹	n a ²¹
5682	tsʰ u ³³	tsʰ u ³³	tsʰ u ³³	tsʰ u ³³		tʃʰ u ³³	tsʰ u ³³	tsʰ u ³³	tsʰ u ³³
5058	ŋ w a ⁴⁴	w ã ⁴⁴	w ã ⁴⁴	w ã ⁴⁴	ŋ w a ⁴⁴	w a ⁴⁴	w ã ⁴⁴		w a ⁴⁴
6062				t ã ⁵⁵	t ɔ ⁴⁴	t a ⁴⁴			t ɔ ⁵⁵
1998	a ⁵⁵			a ⁴⁴	a ⁵⁵			a ⁵⁵	a ³³
4246	a ³¹	a ³¹	a ³¹	a ³¹		a ³¹	a ³¹	a ³¹	a ³¹
6729	ɕ y ³³	ɕ y ³³	s o ⁵⁵	ɕ y ³³			ɕ y ³³	ɕ y ³³	ɕ y ³³
300				kʰ o ⁵⁵		kʰ ɔ ⁵⁵			
1874	p j a ⁴⁴	p j a ⁴⁴	p j a ⁴⁴	p j a ⁴⁴		p j a ⁴⁴	p j a ⁴⁴	p j a ⁴⁴	p j a ⁴⁴
4835		tsʰ ɛ ⁴⁴	tsʰ ɛ ⁴⁴	tsʰ ɛ ⁴⁴		tsʰ ɛ ⁴⁴	tsʰ ɛ ⁴⁴	tsʰ ɛ ³³	tsʰ ɛ ⁴⁴
3781		kʰ a ⁴⁴		kʰ a ⁴⁴					
497	ɕ i ⁴⁴	s ɿ ⁵⁵	s ɿ ⁵⁵	s ɛ ⁴⁴	ɕ i ⁵⁵	ɕ i ⁴⁴	ɕ i ⁴⁴		ɕ i ⁴⁴
349	l ɔ ⁵⁵		l ou ⁵⁵	l o ⁵⁵					
4943					ʈ õ ²¹		ts ɔ ⁴²		
5777			t w ẽ ⁵⁵	t w ẽ ⁴⁴					
4834	x ɔ ³⁵					x w ɔ ³⁵			
5404					pʰ a ⁵⁵			pʰ a ⁴⁴	
1363	u ⁵⁵			u ⁵⁵					
3537			ã ³³	ã ⁴⁴					
3182	ts ɯ ⁵⁵	ts ɿ ⁵⁵	ts u ⁵⁵	ts u ⁵⁵		ts ɿ ⁵⁵		ts ɿ ⁵⁵	ts ɿ ⁵⁵
6579					tɕʰ o ³¹		tɕ ɛ ²¹	tsʰ u ³¹	
6172				n ɔ ³¹	n ɔ ⁴⁴				
3212	k a ³⁵			k e ⁵⁵	q ẽ ⁵⁵			k ɛ ³⁵	k a ³⁵
3703	v ɤ ³³	v ɤ ³³	v ɤ ³³		v ʊ ³³	v ɤ ³³		v ɤ ³³	v ɤ ³¹
5855				j ɛ̃ ⁴⁴		j ɛ ³¹			j a ⁴²
5743	k u ³¹	k u ³¹	k u ³¹	k a ⁴²		k u ³¹	k u ²¹	g u ³¹	k u ³¹
1040		ts ɿ ³³	ts ɿ ³³	ts ɯ ⁴⁴	ts ɿ ⁴⁴	ts ɤ ³³	ts ɿ ³³		ts ɿ ³³
2577		w a ⁴²	w a ⁴²						
4606					qʰ o ⁵⁵			kʰ ao ⁵⁵	
4138		v ɤ ³¹	ɤ̃ ³¹			f ɤ ⁴⁴			f ɤ ⁴⁴
374	p j a ⁴²	p j a ⁴²	p j a ⁴²	p j a ⁴²		p j a ⁴²	p j a ⁴²	p j a ⁴²	
2502	n e ⁴⁴	n e ⁴⁴	n e ⁴⁴	n ɛ ⁴⁴		n e ⁴⁴	n e ⁴⁴		n e ⁴⁴
5852		k ɛ ⁴²				k e ⁵⁵	kʲ ɛ ⁴²		
4637		n a ⁵⁵					n a ²¹	n a ⁴²	
5402		s ɿ ³³	s ɿ ³³	s ɿ ³³					
1216		ts ɿ ³³					ts ɿ ³³		
530	ɣ ɯ ³³	ɣ ɯ ³³	ɣ ɯ ³³	ɣ ɯ ⁴⁴	x ɯ̃ ³³		ɣ ɯ ³³	x ɯ ⁵⁵	ɣ ɯ ³³
7035					m ɤ ⁵⁵		m ɯ ⁵⁵		
1175		k w ã ³⁵	k w ã ⁵⁵				k w ã ³⁵	kʰ ao ⁵⁵	
160	ts e ⁴⁴	ts e ⁵⁵	ts e ⁴⁴	ts e ⁴²		ts e ⁴⁴	ts e ⁴⁴	ts ɛ ⁴⁴	ts e ⁴⁴
5287				ɕ ĩ ⁴⁴		ɕ i ³⁵			
1582		l i ⁵⁵		l ɛ ³¹		l i ³¹			
1815	k ɛ ³⁵			k u ⁵⁵	q ɔ ⁵⁵		kʲ ɛ ³⁵	k ɛ ³⁵	
180	tɕʰ ɔ ⁵⁵	ts a ³⁵	ts a ³⁵	tɕʰ ɛ̃ ⁵⁵	d a ⁵⁵		tɕʰ w ɛ ⁵⁵	ts a ⁵⁵	
5488		ts ɿ ³³	ts ɿ ³³			ts ɿ ³³		ts ɿ ³³	
4678	m a ²¹	m a ²¹	m a ²¹	m a ²¹		m a ²¹	m a ²¹		m a ²¹
3549			tsʰ ɯ ⁵⁵		ʈʂʰ ʅ ³³	tsʰ ɿ ⁵⁵	ts ɿ ⁵⁵		tsʰ ɿ ⁵⁵
2573	ʈʂ ɔ ⁴²							ts o ⁴²	
141						t e ³³			t ɛ ³³
4026	z ɿ ⁴²			ʐ ɛ ³¹	ʐ a ⁴²	s ɿ ³¹		tɕʰ i ⁴²	
3825			ɣ ou ²¹	ɔ̃ ²¹	õ ³¹	o ⁴²			ɔ ²¹
5550						ŋ ɯ ²¹			ŋ ɯ ²¹
1708		p ɔu ³³	p o ³³		p ɔ ³³	p o ³³	p o ³³		p ɔ ³³
4692			tɕ i ⁵⁵	tɕ ĩ ⁵⁵			tɕ i ⁵⁵	tɕ o ⁵⁵	
6059	x a ²¹						x ou ³¹		
4875	t i ³⁵							t i ³⁵	
1657					l u ³¹				l ɤ ²¹
3085	kʲ ɛ ⁴⁴	tɕʰ ɛ ⁴⁴	tɕʰ ɛ ⁴⁴	tɕʰ ɛ ⁴⁴					tɕʰ ɛ ⁴⁴
1742	ɲ ɤ ³³					n ɤ ³³		ɲ ɤ ³³	ɲ ɤ ³³
3472	s ɔ ³³	s w ɔ ³³		s u ⁴⁴	s ɔ ³³	ʃ w ɔ ²¹		s w ɔ ³³	s w a ³³
3917			a ³¹			a ³¹	a ³¹		
6426	tsʰ ɔ ⁴⁴	s ou ⁴⁴	tsʰ ou ⁴⁴	tsʰ w ɔ ⁴⁴	tsʰ o ⁵⁵	tsʰ o ⁴⁴	tsʰ ɔ ³³		tsʰ o ⁴⁴
3585	p i ³³	p i ³³	p i ³³	p ĩ ⁴⁴		p i ³³	p i ³³	p i ³³	p i ³³
6993						s e ⁴⁴		ɕ ɛ ⁴⁴	s e ⁴⁴
5776		ts ɿ ⁵⁵					ts ɿ ³⁵		ts ɿ ³⁵
5775	m j ɔ ⁴²					m j ɔ ³²		m j ɔ ⁴²	
3625	u ⁵⁵					o ⁵⁵	u ⁵⁵	w u ⁵⁵	o ⁵⁵
33	t ɯ ²¹	t ɯ ²¹	t ɛ ²¹	t j ɯ ²¹	ʈ ɯ ³¹	t ɯ ²¹		t ɯ ²¹	t ɯ ²¹
3303	k ɯ ³³		k ɯ ³³			k ɯ ³³	k ɯ ³³	k ɯ ³³	
4874	p e ⁴⁴							p e ⁴⁴	p e ⁴⁴
2501	a ⁵⁵			a ⁴⁴	a ⁵⁵			a ⁵⁵	
6132			ɤ̃ ³³			ŋ ɤ ³³	ŋ ɛ ³³		
6606			ɣ ou ³³			ɣ u ³³	ɣ ã ³³		u ³³
5077					t ɯ ⁵⁵			t ɯ ³³	
6804						ɲ i ²¹		ɲ i ²¹	ɲ i ²¹
6595	p e ⁴⁴	p e ⁴⁴	p e ⁴⁴	p e ⁴⁴		p e ⁴⁴	p e ⁴⁴	p e ⁴⁴	p e ⁴⁴
1821				l u ⁵⁵			l i ³³		
4751	ts w a ⁴²	ts w a ⁴²	ts w a ⁴²	ts w a ⁴²					
5692	z ɿ ⁴²			ʐ ɛ ⁴²	s æ̃ ³³				
4004	ŋ ɯ ⁵⁵	ŋ ɯ ⁵⁵		ŋ ɯ ⁵⁵	ɴ ɔ ⁵⁵	ŋ ɯ ⁵⁵	ŋ ɯ ⁵⁵	ŋ ɯ ⁵⁵	ŋ ɯ ⁵⁵
1743	p i ²¹						p i ³¹		
2807	p ɯ ⁵⁵	v ɯ ⁵⁵			b ɔ ⁵⁵	v ɯ ⁵⁵	p ou ⁵⁵	p ɯ ⁵⁵	p ɯ ⁵⁵
4636		j ĩ ⁵⁵	j ĩ ⁵⁵	j ɛ̃ ⁵⁵					
3355	p i ³⁵	p i ⁵⁵	p i ⁵⁵	pʰ ao ⁴⁴		p i ³⁵	p i ³⁵	p i ³⁵	p i ³⁵
327	x e ⁴⁴	x e ³³	x e ⁴⁴	x e ⁴⁴		x e ⁴⁴	x ɛ ⁴⁴	x ɛ ³³	
139			s ẽ ³³	s w ẽ ³³					
3630			v ɤ ⁵⁵		v ɤ ⁵⁵				
2095	t ɯ ²¹	t ɯ ²¹	t ɯ ²¹	t i ⁵⁵	t ɯ ³¹		t ou ²¹	t ɯ ²¹	
4016	m j ɛ ³⁵	m j ɛ ³⁵	m j ɛ ⁵⁵	m j ɛ ⁵⁵		m j ɛ ³⁵	m j ɛ ³⁵	m j ɛ ³⁵	m j ɛ ³⁵
6646	v ɤ ⁴⁴		v ɤ ⁴⁴						
5786	ʂ e ⁴⁴			s e ³³		s e ⁴⁴		s ɛ ⁴⁴	
4027	ŋ ɤ ³³							ŋ w e ³³	
6896	ʈʂʰ ɛ ⁵⁵		tsʰ ɛ̃ ⁵⁵	tsʰ ɯ̃ ⁵⁵	tɕ i ³³				
2098					tɕ ɯ̃ ³¹	tɕ i ³³			ts ɿ ³³
1215		s u ⁵⁵	s ɤ ⁵⁵	s u ⁵⁵	ɕ u ³³	s ɤ ³⁵	ɕ ɛ ³⁵	ʃ ɤ ³⁵	s ɤ ³⁵
6950					ts o ³¹			dz ɿ ³¹	
2144	t ɯ ²¹	t ɯ ²¹	t ɯ ²¹	t j ɯ ²¹	t ɤ ³¹	t ɯ ²¹	t ou ³¹		
6770	n a ⁴⁴		n a ⁴⁴			n a ⁴⁴		n a ⁴⁴	
5898	k a ³⁵	k ã ⁵⁵	k ã ⁵⁵			k a ³⁵	k ã ³⁵	k a ³⁵	k a ³⁵
3761		sʰ a ⁵⁵		s ã ⁴⁴	s ao ⁵⁵				
