COGID	AntangWesternSandong	BanliangYangAn	DujiangEasternSandong	JiaoliPandong	JiarongSouthernSandong	JiuqianSouthernSandong	Pandong	RenliEasternSandong	SanjiangEasternSandong	ShuigenCentralSandong	ShuiweiSouthernSandong	ShuiyaoSouthernSandong	TangnianYangAn	TangzhouWesternSandong	TingpaiWesternSandong	ZhongheCentralSandong
6020		ŋ e ¹											ŋ e ¹			
493				f a n ¹												f a n ¹
8314					ˀd a p ¹		ⁿd a p ¹									
8731	t aː p ¹	t aː p ¹	t aː p ¹		t aː p ¹	t aː p ¹			t aː p ¹	t aː p ¹	t aː p ¹		t aː p ¹	t aː p ¹	t aː p ¹	t aː p ¹
7954	ʔ u k ¹	ʔ u k ¹	ʔ u k ¹	ʔ o k ¹	ʔ u k ¹	ʔ u k ¹	ʔ u k ¹	ʔ u k ¹	ʔ u k ¹	ʔ u k ¹	ʔ u k ¹	ʔ u k ¹	ʔ u k ¹	ʔ u k ¹	ʔ u k ¹	ʔ u k ¹
3159	f w ə ¹		f a ¹	f w ə ¹	f a ¹	f a ¹	h w ə ¹	f a ¹	f a ¹	f a ¹	f a ¹	f a ¹		f o ¹	f w a ¹	f a ¹
915	t ui ¹	t ui ¹	t ui ¹	t ui ¹	t ui ¹	t ui ¹	t ui ¹	t ui ¹	t ui ¹	t ui ¹	t ui ¹	t ui ¹	t ui ¹	t ui ¹	t ui ¹	t ui ¹
9097	l a m ¹	h a m ¹	l a m ¹	l a m ¹	ˀd a m ¹	ˀd a m ¹	l a m ¹	l a m ¹	l a m ¹	l a m ¹	ˀd a m ¹	ˀn a m ¹	h a m ¹	l a m ¹	l a m ¹	l a m ¹
4569	l u ŋ ¹	l u ŋ ¹	l u ŋ ¹	l u ŋ ¹	l u ŋ ¹	l u ŋ ¹	l u ŋ ¹	l u ŋ ¹	l u ŋ ¹	l u ŋ ¹	l u ŋ ¹	l u ŋ ¹	l u ŋ ¹	l u ŋ ¹	l u ŋ ¹	l u ŋ ¹
10353	ɣ a ¹	ɣ a ¹	ɣ a ¹	ɣ a ¹	ɣ a ¹	ɣ a ¹	ɣ a ¹	ɣ a ¹	ɣ a ¹	ɣ a ¹	ɣ a ¹	ɣ a ¹	ɣ a ¹	ɣ a ¹	ɣ a ¹	ɣ a ¹
2568	h i k ¹			h i ¹			h i ¹			h i k ¹			s i ¹			ɕ i k ¹
8467	s aːu ¹	s eu ¹	s aːu ¹	s aːu ¹			s aːu ¹	s aːu ¹	s aːu ¹	s aːu ¹			s ɛu ¹	s aːu ¹	s aːu ¹	s aːu ¹
7666	ɕ ə n ¹	f ə n ¹	h j ə n ¹	h j a n ¹	ɕ i n ¹	ɕ ə n ¹	h j a n ¹	h ə n ¹	h j ə n ¹	ɕ ə n ¹	ɕ ə n ¹	ɕ i n ¹	f ə n ¹	ɕ ə n ¹	ɕ a n ¹	ɕ ə n ¹
2499	ˀb j e k ¹	m j aː k ¹	ⁿb j aː k ¹	ⁿb j e k ¹	ˀb j aː k ¹	ˀb j aː k ¹	ⁿb j a k ¹	ⁿb j aː k ¹	ⁿb j aː k ¹	ˀb j aː k ¹	ˀb j aː k ¹	ˀb j aː k ¹	m j aː k ¹	ˀm j e k ¹	ˀb j a k ¹	ˀb j aː k ¹
6349	ʁ aː n ¹	q aː n ¹	ʁ aː n ¹	ʁ aː n ¹	ʁ aː n ¹	ʁ ɐː n ¹	ɣ aː n ¹	ʁ aː n ¹	ʁ aː n ¹	ʁ aː n ¹	ʁ aː n ¹	ʁ aː n ¹	q aː n ¹	ʁ aː n ¹	ʁ aː n ¹	ʁ aː n ¹
4255		ȶʰ a ¹			ts j a ¹	ts j a ¹					ts a ¹		ȶʰ a ¹			
2231	p aː t ¹	p e t ¹	p aː t ¹	p e t ¹	p aː t ¹	p aː t ¹	p e t ¹	p aː t ¹	p aː t ¹	p aː t ¹	p aː t ¹	p aː t ¹	p e t ¹	p aː t ¹	p aː t ¹	p aː t ¹
6810			ⁿb j aːi ¹		ˀb j aːi ¹	ˀb j aːi ¹		ⁿb j aːi ¹	ⁿb j aːi ¹	ˀb j aːi ¹	ˀb j aːi ¹	ˀb j aːi ¹		m j aːi ¹		ˀb j aːi ¹
8227	s a ¹	s a ¹	s a ¹	z a ¹		s a ¹		s a ¹	s a ¹	s a ¹	s a ¹	s a ¹	s a ¹	s a ¹	z a ¹	s a ¹
11084	s j au ¹	s aːu ¹	s aːu ¹	ɕ au ¹	s aːu ¹	s aːu ¹	ɕ j əu ¹	s aːu ¹	s aːu ¹	s aːu ¹	s aːu ¹	s aːu ¹	s aːu ¹	s aːu ¹	s j au ¹	s aːu ¹
8531	p aːi ¹	p aːi ¹	p aːi ¹	p aːi ¹	p aːi ¹	p aːi ¹	p aːi ¹	p aːi ¹	p aːi ¹	p aːi ¹	p aːi ¹	p aːi ¹	p aːi ¹	p aːi ¹	p aːi ¹	p aːi ¹
1037	ʁ aːi ¹		ʁ aːi ¹		ʁ aːi ¹	ʁ aːi ¹	ɣ aːi ¹	ʁ aːi ¹	ʁ aːi ¹	ʁ aːi ¹	ʁ aːi ¹	ʁ aːi ¹		ʁ aːi ¹	ʁ aːi ¹	ʁ aːi ¹
6652	ⁿb aː n ¹	p aː n ¹	ⁿb aː n ¹	ⁿb aː n ¹	ⁿb aː n ¹	ⁿb aː n ¹	ⁿb aː n ¹	ⁿb aː n ¹	ⁿb aː n ¹	ⁿb aː n ¹	ⁿb aː n ¹	ⁿb aː n ¹	ⁿb aː n ¹	ⁿb aː n ¹	ⁿb aː n ¹	ⁿb aː n ¹
106	k a m ¹		k a m ¹	k a m ¹		k a m ¹		k a m ¹	k a m ¹	k a m ¹	k a m ¹				k a m ¹	k a m ¹
9721	t ai ¹		t ai ¹	t ai ¹	t ai ¹	t ai ¹	t ai ¹	t ai ¹	t ai ¹	t ai ¹	t ai ¹	t ai ¹	t ai ¹	t əi ¹	t ai ¹	t ai ¹
7032											t a ŋ ¹	t a ŋ ¹				
2358				qʰ ui ¹			qʰ ui ¹									
8294	l i k ¹	l i k ¹	l i k ¹	l j e k ¹	l i k ¹	l i k ¹	l j i k ¹	l j i k ¹	l i k ¹	l i k ¹	l i k ¹	l j i k ¹	l i k ¹	l i k ¹	l i k ¹	l i k ¹
4124	f e ¹	f e ¹	f e ¹	f e ¹		f e ¹		f e ¹	f e ¹	f e ¹	f e ¹	f e ¹	f e ¹		v e ¹	f e ¹
9916	k u n ¹	k u n ¹	k u n ¹			k u n ¹		k u n ¹	k u n ¹	k u n ¹	k u n ¹		k u n ¹	k u n ¹	k u n ¹	k u n ¹
6276	l i n ¹													l i n ¹		l i n ¹
7503	ˀn e ¹	n e ¹		n e ¹			n e ¹						n e ¹	ˀn əi ¹	ˀn e ¹	ˀn e ¹
1628					l o k ¹							l o k ¹				
2413		k aːi ¹										q aːi ¹				
817	d ə n ¹	s ə n ¹	d ə n ¹	t ə n ¹	t ə n ¹	t ə n ¹	ⁿd ə n ¹	ⁿd ə n ¹	ⁿd ə n ¹	d ə n ¹	t ə n ¹	t ə n ¹	z ə n ¹	ⁿd ə n ¹	ⁿd ə n ¹	t ə n ¹
7245			ɣ aː k ¹		ˀɣ aː k ¹	ˀɣ aː k ¹		ɣ aː k ¹	ɣ aː k ¹	ˀɣ aː k ¹	ˀɣ aː k ¹	ˀɣ aː k ¹		ˀɣ eː k ¹	ˀɣ aː k ¹	ˀɣ aː k ¹
401	n̥ o ¹	n̥ o ¹	n̥ o ¹		n̥ o ¹	n̥ o ¹				n̥ o ¹	n̥ o ¹	n̥ o ¹	n̥ o ¹	n̥ o ¹	n̥ o ¹	n̥ o ¹
2285	pʰ j e ¹	pʰ j e ¹	pʰ j e ¹	pʰ j e ¹	pʰ e ¹	pʰ e ¹	pʰ e ¹	pʰ i ¹	pʰ i ¹	pʰ i ¹	pʰ e ¹	pʰ e ¹	pʰ j e ¹	pʰ j e ¹	pʰ e ¹	pʰ j e ¹
3109	ˀd j a m ¹	l j a m ¹	ⁿd j a m ¹	ⁿd j a m ¹	ˀd j a m ¹		ⁿd j a m ¹	l j a m ¹	ⁿd j a m ¹	t a m ¹	ˀd j a m ¹	ŋ a m ¹	ɕ a m ¹	ˀn j a m ¹	ˀd j a m ¹	t a m ¹
9368							ɕ j a ¹				s j e ¹					
10297				ⁿd aː ŋ ¹			ⁿd aː ŋ ¹									
9564	h ui ¹		h ui ¹	h ui ¹	h ui ¹	h ui ¹	h ui ¹	h ui ¹	h ui ¹	h ui ¹	h ui ¹	h ui ¹		h ui ¹	h ui ¹	h ui ¹
10108	ˀb j ə t ¹	m j ə t ¹	ⁿb j ə t ¹		ˀb i t ¹	ˀb j ə t ¹	ⁿb j a t ¹	ⁿb j ə t ¹	ⁿb j ə t ¹	ˀb j ə t ¹	ˀb j ə t ¹	ˀb j i t ¹	m j ə t ¹	ˀm j ə t ¹	ˀb j a t ¹	ˀb j ə t ¹
10276				l o ¹			l o ¹					l ə ¹				
2552		ȵ aː ŋ ¹											ȵ aː ŋ ¹			
7139				q u ŋ ¹			q u ŋ ¹									
2249		t j aːi ¹											t j aːi ¹			
10717				ⁿd w ə ¹			ⁿd w ə ¹									
8140	n̥ j a p ¹		n̥ j a p ¹		ˀn j a p ¹	n̥ j a p ¹	h j a p ¹		pʰ j a p ¹	n̥ j a p ¹	n̥ j a p ¹	n̥ j a p ¹		n̥ j a p ¹		n̥ j a p ¹
9367					s i ¹	s i ¹		ɕ i ¹	ɕ i ¹							
2839	t i n ¹	t i n ¹	t i n ¹	t i n ¹	t i n ¹	t i n ¹	t i n ¹	t i n ¹	t i n ¹	t i n ¹	t i n ¹	t i n ¹	t i n ¹	t i n ¹	t i n ¹	t i n ¹
7100								kʰ a ŋ ¹	kʰ a ŋ ¹							
1801					h u p ¹	h u p ¹					h u p ¹	h ə p ¹				
7122				n j a ¹			n j a ¹									
21	ȶ ə n ¹		ȶ ə n ¹		ȶ i n ¹	ȶ ə n ¹				ȶ i n ¹				ȶ ə n ¹	ȶ a n ¹	ȶ ə n ¹
9182		t j ə t ¹	t j ə t ¹							t j ə t ¹			t j ə t ¹			
169				m j u ¹		ˀm j u ¹					ˀm j u ¹	ˀm j u ¹	m j u ¹			
7031				ȵ o n ¹	ˀŋ o n ¹	ˀŋ o n ¹	ȵ w ə n ¹									
137		ɣ aː ŋ ¹			ɣ aː ŋ ¹	ɣ aː ŋ ¹					ɣ aː ŋ ¹	ɣ aː ŋ ¹	ɣ aː ŋ ¹			
1					ⁿd j eu ¹	d əu ¹	d j əu ¹	ⁿd j u ¹	ⁿd j u ¹	d j u ¹	d j u ¹	ⁿd j u ¹	ⁿd j u ¹	d j u ¹	d j au ¹	d j eu ¹
1627	kʰ u ŋ ¹	kʰ u ŋ ¹	kʰ u ŋ ¹	kʰ u ŋ ¹		ɣ o ŋ ¹	kʰ u ŋ ¹	kʰ u ŋ ¹	kʰ u ŋ ¹	kʰ u ŋ ¹	kʰ u ŋ ¹		kʰ u ŋ ¹	kʰ u ŋ ¹	kʰ u ŋ ¹	kʰ u ŋ ¹
9918					t aː k ¹							ⁿd aː k ¹				
3049	m aː ŋ ¹		m aː ŋ ¹	m aː ŋ ¹	m aː ŋ ¹	m aː ŋ ¹	m aː ŋ ¹	m aː ŋ ¹	m aː ŋ ¹	m aː ŋ ¹	m aː ŋ ¹	m aː ŋ ¹		m aː ŋ ¹	m aː ŋ ¹	m aː ŋ ¹
6545		j i ¹		j i ¹									j i ¹			
7834				t a n ¹			t a n ¹									
1852		ɕ a ¹			ɕ a ¹	ɕ a ¹				ɕ a ¹	ɕ a ¹	ɕ a ¹	ɕ a ¹	ɕ e ¹		ɕ a ¹
897	ˀb j e ¹	m j a ¹	ⁿb j a ¹	ⁿb j e ¹	ˀb j a ¹	ˀb j a ¹	ⁿb j a ¹	ⁿb j a ¹	ⁿb j a ¹	ˀb j a ¹	ˀb j a ¹	ˀb j a ¹	m j a ¹	ˀm j e ¹	ˀb j a ¹	ˀb j a ¹
1851	h j e ¹		h j a ¹					h j a ¹	h j a ¹							
9952		ɕ o ¹											ɕ o ¹			
9968	s aː m ¹	ȶʰ aː m ¹	s aː m ¹	s aː m ¹	s aː m ¹	s aː m ¹	s aː m ¹	s aː m ¹	s aː m ¹	s aː m ¹	s aː m ¹	s aː m ¹	ȶʰ aː m ¹	s aː m ¹	s aː m ¹	s aː m ¹
6651	l aː k ¹	l a k ¹	l aː k ¹	l a ¹	l aː k ¹	l aː k ¹	l aː k ¹	l aː k ¹	l aː k ¹	l aː k ¹	l aː k ¹	l aː k ¹	l aː k ¹	l aː k ¹	l aː k ¹	l aː k ¹
5185	ˀn a m ¹	n a m ¹	ˀn a m ¹		ˀn a m ¹	ˀn a m ¹	n au ¹	n a m ¹	n a m ¹	ˀn a m ¹	ˀn a m ¹	ˀn a m ¹	n a m ¹	ˀn a m ¹	ˀn a m ¹	ˀn a m ¹
7971	ʔ w e n ¹		ʔ w e n ¹			ʔ w e n ¹				ʔ w e n ¹		ʔ w eː n ¹		ʔ w i n ¹	ʔ w e n ¹	ʔ w e n ¹
8514	h aːi ¹	h aːi ¹	h aːi ¹	h aːi ¹	h aːi ¹	h aːi ¹	h aːi ¹	h aːi ¹	h aːi ¹	h aːi ¹	h aːi ¹	h aːi ¹	h aːi ¹	h aːi ¹	h aːi ¹	h aːi ¹
4965					ʁ e p ¹	ʁ e p ¹					ɣ e p ¹	ʁ e p ¹				
10168	kʰ u ŋ ¹	kʰ u ŋ ¹	kʰ u ŋ ¹	kʰ u ŋ ¹					kʰ u ŋ ¹	kʰ u ŋ ¹			kʰ u ŋ ¹	kʰ u ŋ ¹	kʰ u ŋ ¹	kʰ u ŋ ¹
7280	ts j e ¹	ts e ¹	ȶ a ¹	ȶ j e ¹	ts j a ¹	ts j a ¹	ȶ j a ¹	ȶ a ¹	ȶ a ¹	ȶ a ¹	ts a ¹	ts j a ¹	s e ¹	ts j e ¹	ts j a ¹	ts j a ¹
4357	ts aː p ¹			ts a ¹	ˀd a ¹											
8006	ɕ u ŋ ¹	t u ŋ ¹	h j u ŋ ¹							ɕ u ŋ ¹			t u ŋ ¹	ɕ u ŋ ¹	ɕ u ŋ ¹	ɕ u ŋ ¹
9650						s ə n ¹					pʰ ə n ¹				s j a n ¹	
3032	f j e n ¹	f j aː n ¹	f j aː n ¹	v i n ¹	f j aː n ¹	f j aː n ¹	v j e n ¹	h j aː n ¹	h j aː n ¹	ɕ j aː n ¹	f j aː n ¹	ɕ aː n ¹	f j aː n ¹	f j i n ¹	v j a n ¹	ɕ aː n ¹
3603		n u ¹			n o ¹		n u ¹	n u ¹					n u ¹	n u ¹	n u ¹	
9494	t i p ¹	t i p ¹	t i p ¹	t i p ¹	t i p ¹	t i p ¹	t i p ¹	t i p ¹	t i p ¹	t i p ¹	t i p ¹	t i p ¹	t i p ¹	t i p ¹	t i p ¹	t i p ¹
11181		ʔ j u ¹			ʔ j u ¹	ʔ j u ¹			ʔ j u ¹	j u ¹		j u ¹		ʔ j e ¹		
2910					q ə ¹	k u ¹										
10686	u ¹		u ¹												u ¹	
6211					t i ¹			t i ¹	t i ¹		t i ¹	t i ¹				
9460	l aːi ¹	l aːi ¹	l aːi ¹	l aːi ¹	l aːi ¹	l aːi ¹	l aːi ¹	l aːi ¹	l aːi ¹	l aːi ¹	l aːi ¹	l aːi ¹	l aːi ¹	l aːi ¹	l aːi ¹	l aːi ¹
7029	ʔ u n ¹		ʔ u n ¹					ʔ u n ¹	ʔ u n ¹	ʔ u n ¹				ʔ u n ¹	ʔ u n ¹	ʔ u n ¹
10503	f aː ŋ ¹	p a ŋ ¹	f aː ŋ ¹	f a ŋ ¹	f aː ŋ ¹	v a ŋ ¹	h w aː n ¹			ɣ aː n ¹	f aː ŋ ¹		p a ŋ ¹	f aː ŋ ¹	f aː ŋ ¹	f aː ŋ ¹
9632	m̥ a ¹		m̥ a ¹	m a ¹	m̥ a ¹	m̥ a ¹	m a ¹			m̥ a ¹	m̥ a ¹	m̥ a ¹		m̥ a ¹	m a ¹	m̥ a ¹
2654	v i ¹		v i ¹	v i ¹	v i ¹	v i ¹	v i ¹	v i ¹	v i ¹	v i ¹	v i ¹	v i ¹	v i ¹	v i ¹	v i ¹	v i ¹
2414					h aː n ¹	h aː n ¹					h aː n ¹					
6088	t j a ŋ ¹	t j a ŋ ¹	t j a ŋ ¹	t j a ŋ ¹	t j a ŋ ¹	t j a ŋ ¹	t j a ŋ ¹	t j a ŋ ¹	t j a ŋ ¹	t j a ŋ ¹	t j a ŋ ¹	t j a ŋ ¹	t j a ŋ ¹	t j a ŋ ¹	t j a ŋ ¹	t j a ŋ ¹
4218	ˀd j e ¹		ⁿd j a ¹	ⁿd j e ¹		ȶ a ¹	ⁿd j a ¹	ⁿd j a ¹	ⁿd j a ¹	ˀd j a ¹	ȶ a ¹		l j a ¹	ˀd j e ¹	ˀd j a ¹	ˀd j a ¹
1592	s o k ¹	ts o k ¹	s o k ¹	s o k ¹	s o k ¹	s o k ¹	s o k ¹	s o k ¹	s o k ¹	s o k ¹	s o k ¹	s o k ¹	s o k ¹	s o k ¹	s o k ¹	s o k ¹
6934	ɕ ə n ¹	h ə n ¹	h j ə n ¹	ɕ a n ¹				h ə n ¹	h j ə n ¹	ɕ ə n ¹			h ə n ¹	ɕ ə n ¹	ɕ a n ¹	ɕ ə n ¹
1381	ˀd j u p ¹													ˀd j u p ¹		ˀd j u p ¹
9634								pʰ w a ¹	pʰ w a ¹				pʰ w a ¹			
9855	l i n ¹		l i n ¹	l i n ¹	ˀd i n ¹	ˀd i n ¹		l i n ¹	l i n ¹	l i n ¹	ˀd i n ¹	ˀd i n ¹	l i n ¹		l i n ¹	l j ə n ¹
4041								ts u m ¹	ts u m ¹							
9765	s o t ¹	s o t ¹	s o t ¹	s o t ¹	s o t ¹	s o t ¹	s o t ¹	s w aː t ¹	s o t ¹	s o t ¹	s o t ¹	s o t ¹		s o t ¹	s o t ¹	s o t ¹
3645	ɣ aː n ¹	ɣ aː n ¹	ɣ aː n ¹	ɣ aː n ¹	ɣ aː n ¹	ɣ aː n ¹	ɣ aː n ¹	ɣ aː n ¹	ɣ aː n ¹	ɣ aː n ¹	ɣ aː n ¹	ɣ aː n ¹	ɣ aː n ¹	ɣ aː n ¹	ɣ aː n ¹	ɣ aː n ¹
4536		kʰ aːu ¹											x aːu ¹			
7568	s aːi ¹	ts aːi ¹	s aːi ¹	s aːi ¹	s aːi ¹	s aːi ¹	s aːi ¹	s aːi ¹	s aːi ¹	s aːi ¹	s aːi ¹	s aːi ¹	ts aːi ¹	s aːi ¹	s aːi ¹	s aːi ¹
4273				v a ¹	v a ¹	v a ¹	v a ¹				v a ¹	v a ¹				
3052										k ə ¹			k ə ¹			
9324					v ə n ¹							v ə n ¹				
2000					ts j e n ¹	ts j e n ¹	t e ŋ ¹		ts e n ¹							
9286	k o ŋ ¹	k w aː ŋ ¹	k w aː ŋ ¹	kʰ u n ¹	k w aː ŋ ¹	k w aː ŋ ¹	k w ə ŋ ¹	k w ɔ ŋ ¹	k o ŋ ¹	k w aː ŋ ¹	k w aː ŋ ¹	k w aː ŋ ¹	k w aː ŋ ¹	k o ŋ ¹	k w a ŋ ¹	k w aː ŋ ¹
5285					ˀd aːu ¹	ˀd aːu ¹					ˀd aːu ¹	ˀd aːu ¹				
4964	ˀn j a p ¹	n j a p ¹	ˀn j a p ¹	n j a p ¹			n j a p ¹	n j a p ¹	n j a p ¹	ˀn j a p ¹			n j a p ¹	ˀn j a p ¹	ˀn j a p ¹	ˀn j a p ¹
3177		t a ¹					t a ¹						t a ¹			
880	l e ¹	l e ¹	l e ¹	l e ¹	l e ¹	l e ¹	l e ¹	l e ¹	l e ¹	l e ¹	l e ¹	l e ¹	l e ¹	l əi ¹	l e ¹	l e ¹
2724			ȵ u ¹							ȵ̥ u ¹				ȵ̥ u ¹	ȵ̥ u ¹	
7013		n j a n ¹			ˀȵ i n ¹	ˀȵ ə n ¹					ˀȵ ə n ¹	ˀȵ i n ¹	ȵ ə n ¹			
5334	p o ¹	p o ¹	p o ¹	p o ¹			p o ¹	p o ¹	p o ¹	p o ¹			p o ¹	p o ¹	p o ¹	p o ¹
7243	h ui ¹			h ui ¹												
10765	ˀb j e k ¹	m j aː k ¹	ⁿb j aː k ¹			ˀb j aː k ¹		ⁿb j aː k ¹	ⁿb j aː k ¹	ˀb j aː k ¹	ˀb j aː k ¹	ˀb j aː k ¹	m j aː k ¹	ˀm j e k ¹	ˀb j a k ¹	ˀb j aː k ¹
5981	l u ¹	l u ¹	l u ¹			l o ¹			l u ¹	l u ¹	l u ¹		l u ¹	l u ¹	l u ¹	l u ¹
3713	z u ŋ ¹	ȶʰ u ŋ ¹	z u ŋ ¹		z u ŋ ¹	z u ŋ ¹		z u ŋ ¹	z u ŋ ¹	ʔ ũ ¹	z u ŋ ¹	ʔ u ŋ ¹		z u ŋ ¹	z u ŋ ¹	z u ŋ ¹
5910	t i n ¹		t i n ¹		t i n ¹	t i n ¹		t i n ¹	t i n ¹	t i n ¹	t i n ¹	t i n ¹		t i n ¹	t i n ¹	t i n ¹
6398	l j e m ¹		l j e m ¹	l j i m ¹	l j e m ¹	l j e m ¹	l j ə m ¹	l j e m ¹	l j e m ¹	l j e m ¹	l j e m ¹	l j e m ¹		l j i m ¹	l j a m ¹	l j e m ¹
10256	v j ə n ¹	p j a n ¹	v j a n ¹	v j a n ¹			v j ə n ¹	v j a n ¹	v j a n ¹	v j a n ¹			v j ə n ¹	v j ə n ¹	v j aː n ¹	v j a n ¹
7158	ˀd a ¹	t a ¹			ⁿd a ¹	ˀd a ¹		ⁿd ə ¹		ˀd a ¹	ˀd a ¹	ˀd a ¹		ˀd a ¹	ˀd a ¹	
3297							h au ¹		h au ¹							
10257					ɕ j u ¹	ɕ j u ¹					h j u ¹	ɕ j u ¹				
6468	ȶ o ŋ ¹		ȶ o ŋ ¹													ȶ o ŋ ¹
4359			m ai ¹				m ai ¹	m ai ¹		m ai ¹	m ai ¹					
1571	l o ¹				l o ¹						l o ¹	l o ¹				
6036	ˀd w ə ¹		ⁿd w a ¹	ⁿd w ə ¹	k w a ¹	k w a ¹	ⁿd w ə ¹	ⁿd w a ¹	ⁿd w a ¹	ˀd w a ¹	k w a ¹	k w a ¹		ˀd o ¹	ˀd w a ¹	ˀd w a ¹
7012	ȵ̥ u ¹		ȵ̥ u ¹							ȵ̥ ũ ¹				ȵ̥ u ¹	ȵ̥ u ¹	ȵ̥ u ¹
8468					kʰ aː ŋ ¹	kʰ aː ŋ ¹					kʰ aː ŋ ¹	kʰ aː ŋ ¹				
89	k a ¹	k a ¹	k a ¹	k a ¹	k a ¹	k a ¹	k a ¹	k a ¹	k a ¹	k a ¹	k a ¹		k a ¹	k a ¹	k a ¹	k a ¹
6546	ʔ i ¹						ʔ i ¹								ʔ i ¹	
8414	f j e m ¹	f j aː m ¹	f j aː m ¹		f j aː m ¹	f j aː m ¹				f j aː m ¹	ⁿb j aː m ¹	v j aː m ¹	p j aː m ¹	f j aː m ¹	f j a m ¹	f j aː m ¹
3824		q aːu ¹											q aːu ¹			
2958	h i ¹	h i ¹	h i ¹	h i ¹	ɕ i ¹	ɕ i ¹	h i ¹	h i ¹	h i ¹	h i ¹	h i ¹	ɕ i ¹	h i ¹	ɕ i ¹	h i ¹	ɕ i ¹
4881		v a ŋ ¹	l aː n ¹	l aː n ¹			l aː n ¹						v a ŋ ¹			
10542	l u ¹		l u ¹	l u ¹			l u ¹	l u ¹	l u ¹	l u ¹			l aːu ¹	l u ¹		l u ¹
10830		kʰ aː ŋ ¹			kʰ aː ŋ ¹	kʰ aː ŋ ¹		kʰ aː ŋ ¹	kʰ aː ŋ ¹	kʰ aː ŋ ¹	kʰ aː ŋ ¹	kʰ aː ŋ ¹			kʰ aː ŋ ¹	kʰ aː ŋ ¹
2392	t a ¹													t a ¹		
3194	ˀd aːi ¹		ⁿd aːi ¹	ⁿd aːi ¹	ˀd aːi ¹	ˀd aːi ¹	ⁿd aːi ¹	ⁿd aːi ¹	ⁿd aːi ¹	ˀd aːi ¹	ˀd aːi ¹	ˀd aːi ¹		ˀd aːi ¹	ˀd aːi ¹	ˀd aːi ¹
173								p aː ŋ ¹	p aː ŋ ¹							
7063	ˀb i n ¹	m i n ¹	ⁿb i n ¹		ˀb i n ¹	ˀb i n ¹		ⁿb i n ¹	ⁿb i n ¹	ˀb i n ¹	ˀb i n ¹	ˀb i n ¹	m i n ¹	ˀm i n ¹	ˀb i n ¹	ˀb i n ¹
5168	p u ŋ ¹	p u ŋ ¹	p u ŋ ¹	p u ŋ ¹	p o ŋ ¹	p o ŋ ¹	p u ŋ ¹	p u ŋ ¹	p u ŋ ¹	p u ŋ ¹	p o ŋ ¹	p o ŋ ¹	p u ŋ ¹	p u ŋ ¹	p u ŋ ¹	p u ŋ ¹
4056	h ə n ¹	h ə n ¹	h ə n ¹		x ə n ¹	x ə n ¹			h ə n ¹	h ə n ¹	x ə n ¹	h ə n ¹	h ə n ¹	x ə n ¹	h ə n ¹	h ə n ¹
495								ⁿb i n ¹								ˀb i n ¹
174										j aːu ¹	j aːu ¹		j aːu ¹	j aːu ¹		
9339		kʰ au ¹					kʰ au ¹									
9899	ts i ¹	ȶ i ¹	ȶ i ¹	ts ai ¹	ts i ¹	ts i ¹	ȶ i ¹	ȶ i ¹	ȶ i ¹	ts i ¹	ȶ i ¹	ts i ¹	ȶ i ¹	ts i ¹	ts i ¹	ts i ¹
10295	ȵ j e ŋ ¹		ȵ aː ŋ ¹		ȵ aː ŋ ¹	ȵ aː ŋ ¹		pʰ j aː ŋ ¹	pʰ j aː ŋ ¹	ȵ aː ŋ ¹	ȵ aː ŋ ¹	ȵ aː ŋ ¹	ȵ̊ aː ŋ ¹	ȵ j ə ŋ ¹	ȵ j a ŋ ¹	ȵ aː ŋ ¹
10396	ˀn j u ¹	n j u ¹	ˀn j u ¹	n j u ¹	ˀn j u ¹	ˀn j u ¹	n j u ¹	n j u ¹	n j u ¹	ˀn j u ¹	ˀn j u ¹	ˀn j u ¹	n j u ¹	ˀn j u ¹	ˀn j u ¹	ˀn j u ¹
512	l j e k ¹	l j e k ¹	l j aː k ¹	l j e k ¹	l j aː k ¹	l j aː k ¹		l j aː k ¹	l j aː k ¹	l j aː k ¹	l j aː k ¹	l j aː k ¹	ⁿb j aː k ¹	l j e k ¹	l j a k ¹	l j aː k ¹
7734		j aː m ¹	ʔ j aː m ¹		ʔ j aː m ¹	ʔ j aː m ¹		j aː m ¹	ʔ j aː m ¹	ʔ j aː m ¹	ʔ j aː m ¹	ʔ j aː m ¹		ʔ j aː m ¹	ʔ j a m ¹	ʔ j aː m ¹
9365	ˀm ui ¹	m oi ¹	ˀm ui ¹							ˀm ui ¹			m oi ¹	ˀm ui ¹		ˀm ui ¹
5317	ˀn u k ¹	n u k ¹	ˀn u k ¹	n o k ¹	ˀn u k ¹	ˀn u k ¹		n u k ¹	n u k ¹	ˀn u k ¹	ˀn u k ¹	ˀn u k ¹	n u k ¹	ˀn u k ¹	ˀn u k ¹	ˀn u k ¹
7638	ȵ o n ¹	ȵ o n ¹		ȵ w ə n ¹		ȵ o n ¹	ȵ w ə n ¹			ȵ o n ¹		ȵ o n ¹	ȵ o n ¹	ȵ o n ¹	ȵ w a n ¹	ȵ o n ¹
3909	l a ŋ ¹	l a ŋ ¹								l a ŋ ¹				l a ŋ ¹		
6158	ˀd j e ¹		ⁿd j a ¹	ⁿd j e ¹		ȶ a ¹	ⁿd j a ¹	ⁿd j a ¹	ⁿd j a ¹	ˀd j a ¹	ȶ a ¹		l j a ¹	ˀd j e ¹	ˀd j a ¹	ˀd j a ¹
258				tʰ əː t ¹					tʰ j e t ¹							
7099	l j ə k ¹	l ə k ¹	l j ə k ¹	l j əː k ¹	l j i k ¹	l j ə k ¹	l j ə k ¹	l j ə k ¹	l j ə k ¹	l ɪ k ¹	l j ə k ¹	l j i k ¹	l j ə k ¹	l j ə k ¹	l j ə k ¹	l j ə k ¹
8192			t o m ¹		t o m ¹	t o m ¹	t o m ¹		t o m ¹	t o m ¹	t o m ¹	t o m ¹		t o m ¹	t o m ¹	t o m ¹
7850	t aː p ¹	t aː p ¹	t aː p ¹	t aː p ¹	t aː p ¹	t aː p ¹	t aː p ¹	t aː p ¹	t aː p ¹	t aː p ¹	t aː p ¹	t aː p ¹	t aː p ¹	t aː p ¹	t aː p ¹	t aː p ¹
10635	ˀɣ a k ¹	ɣ a k ¹	ɣ a k ¹	ɣ a k ¹	ˀɣ a k ¹	ˀɣ a k ¹		ɣ a k ¹	ɣ a k ¹	ˀɣ a k ¹	ˀɣ a k ¹	ˀɣ a k ¹	ɣ a k ¹	ˀɣ a k ¹	ˀɣ a k ¹	ˀɣ a k ¹
7242	ȶ e ¹			ȶ e ¹												
2268		m j aː k ¹											m j aː k ¹			
6418		ȶ aːi ¹												ȶ aːi ¹		
6684	l aː k ¹	l a k ¹	l aː k ¹	l a ¹		l aː k ¹	l aː k ¹	l aː k ¹	l aː k ¹	l aː k ¹	l aː k ¹		l aː k ¹	l aː k ¹	l aː k ¹	l aː k ¹
1417					ˀn a m ¹	ˀn a m ¹					ˀn a m ¹					
6774	l aːi ¹	l aːi ¹	l aːi ¹	l a ¹	l aːi ¹	l aːi ¹		l aːi ¹	l aːi ¹	l aːi ¹	l aːi ¹	l aːi ¹	l aːi ¹	l aːi ¹	l aːi ¹	
9181	t i ŋ ¹				t i ŋ ¹	t i ŋ ¹	t i ŋ ¹	t i ŋ ¹	t i ŋ ¹	t i ŋ ¹	t i ŋ ¹			t i ŋ ¹	t i ŋ ¹	t i ŋ ¹
2569		n u n ¹	n u n ¹		n u n ¹			n u n ¹	n u n ¹	n u n ¹	n u n ¹			n u n ¹	n u n ¹	
5283	l aːu ¹		l aːu ¹	l aːu ¹			l aːu ¹	l aːu ¹	l aːu ¹	l aːu ¹				l aːu ¹		l aːu ¹
9703	l ui ¹		l ui ¹					l ui ¹	l ui ¹	l ui ¹				l ui ¹	l ui ¹	l ui ¹
6139	v a n ¹	p a n ¹			v a n ¹	v a n ¹		v a n ¹	v a n ¹	v a n ¹	v a n ¹	v a n ¹	v a n ¹	v a n ¹	v a n ¹	v a n ¹
7030		p u n ¹											p u n ¹			
3126	t u k ¹	t u k ¹								t u k ¹			t u k ¹	t u k ¹	t u k ¹	t u k ¹
4142	h ə t ¹		h ə t ¹	h a t ¹	kʰ ə t ¹	qʰ ə t ¹	h ə t ¹	h a t ¹	h a t ¹	h ə t ¹	qʰ a t ¹	kʰ ə t ¹		x ə t ¹	h ə t ¹	h ə t ¹
5116	ȶ u ¹	ȶ u ¹	ȶ u ¹	ȶ u ¹	ȶ u ¹	ȶ u ¹	ȶ u ¹	ȶ u ¹	ȶ u ¹	ȶ u ¹	ȶ u ¹	ȶ u ¹	ȶ u ¹	ȶ u ¹	ȶ u ¹	ȶ u ¹
633	j i ŋ ¹		j i ŋ ¹		j i ŋ ¹		j i ŋ ¹		j i ŋ ¹	j i ŋ ¹	j i ŋ ¹	j i ŋ ¹		j i ŋ ¹		j i ŋ ¹
1344	ɣ aː ŋ ¹	k aː ŋ ¹	ɣ aː ŋ ¹		l aː ŋ ¹	ɣ aː ŋ ¹	ɣ a ŋ ¹	ɣ aː ŋ ¹	ɣ aː ŋ ¹	ɣ aː ŋ ¹	ɣ aː ŋ ¹	l aː ŋ ¹	ɣ aː ŋ ¹	ɣ aː ŋ ¹		ɣ aː ŋ ¹
8748	h a ¹	h a ¹	h a ¹	h a ¹	h a ¹	h a ¹	h a ¹	h a ¹	h a ¹	h a ¹	h a ¹	h a ¹	h a ¹	h a ¹	h a ¹	h a ¹
1678	k aː m ¹		k aː m ¹	k aː m ¹				k aː m ¹	k aː m ¹	k aː m ¹				k aː m ¹	k aː m ¹	k aː m ¹
1467	ˀd u k ¹	q u k ¹	ⁿd u k ¹	ⁿd o k ¹	k u k ¹	q u k ¹	ⁿd u k ¹	ⁿd u k ¹	ⁿd u k ¹	ˀd u k ¹	q u k ¹	k u k ¹	l u k ¹	ˀd u k ¹	ˀd u k ¹	ˀd u k ¹
7902	h aː t ¹	h aː t ¹	h aː t ¹		h aː t ¹	h aː t ¹				h aː t ¹	h aː t ¹	h aː t ¹	h aː t ¹	h aː t ¹	h aː t ¹	h aː t ¹
10274		v a t ¹														v a t ¹
10091	s ə k ¹	ts u k ¹	s u k ¹	s o k ¹	s j i k ¹	s j ə k ¹	s ə k ¹	s ə k ¹	s ə k ¹	s ə k ¹	s j ə k ¹	s i k ¹	s ə k ¹	s ə k ¹	s ə k ¹	s u k ¹
5982				t u n ¹			t w ə n ¹									
6733		kʰ j u ¹	ɕ j u ¹		ȶʰ j u ¹								kʰ j u ¹		ȶʰ j u ¹	
3876		l aːi ¹											l aːi ¹			
10485				m j aːu ¹			m j aːu ¹								m j aːu ¹	
4915	q aː t ¹	q aː t ¹	q aː t ¹	q aː t ¹	q aː t ¹	q aː t ¹		q aː t ¹	q aː t ¹	q aː t ¹	q aː t ¹	q aː t ¹	q aː t ¹	q aː t ¹	q aː t ¹	q aː t ¹
6735				tsʰ aːi ¹		tsʰ aːi ¹	s ai ¹	tsʰ aːi ¹	tsʰ aːi ¹	tsʰ aːi ¹		tsʰ aːi ¹		tsʰ aːi ¹		tsʰ aːi ¹
4235	p a ¹		p a ¹	p a ¹	ʁ a ¹		p a ¹	p a ¹	p a ¹	p a ¹			p a ¹	p a ¹	p a ¹	p a ¹
5082	m̥ ai ¹		m̥ ai ¹		m̥ ai ¹	m̥ ai ¹				m̥ ai ¹	m̥ ai ¹	m̥ ai ¹		m̥ əi ¹	m̥ ai ¹	m̥ ai ¹
7418	q u m ¹		q a m ¹		q a m ¹	q u m ¹		q u m ¹	q u m ¹	q u m ¹	q u m ¹	k ə m ¹		q u m ¹	q u m ¹	q a m ¹
5259	ʔ j ə t ¹	ɣ ə t ¹	ʔ j ə t ¹	j a t ¹	ʔ j i t ¹	ʔ j ə t ¹	j a t ¹	j ə t ¹	ʔ j ə t ¹	ʔ j ə t ¹	ʔ j ə t ¹	ʔ i t ¹	ɣ ə t ¹	ʔ j ə t ¹	ʔ j a t ¹	ʔ j ə t ¹
8680	ˀŋ a m ¹	ŋ a m ¹	ˀŋ a m ¹	ŋ a m ¹	ˀŋ a m ¹	ˀŋ a m ¹	ŋ a m ¹	ŋ a m ¹	ŋ a m ¹	ˀŋ a m ¹	ˀŋ a m ¹	ˀŋ a m ¹	ŋ a m ¹	ˀŋ a m ¹	ˀŋ a m ¹	ˀŋ a m ¹
1520				ȵ i t ¹						ˀȵ i t ¹		ˀȵ i t ¹				
4537					x o ¹						x o ¹	h o ¹				
1572		q a m ¹											q a m ¹			
7919	t a ŋ ¹	t a ŋ ¹	t a ŋ ¹	t a ŋ ¹	t a ŋ ¹	t a ŋ ¹		t a ŋ ¹	t a ŋ ¹	t a ŋ ¹	t a ŋ ¹	t a ŋ ¹	t a ŋ ¹	t a ŋ ¹	t a ŋ ¹	t a ŋ ¹
8091	t ai ¹	t ai ¹	t ai ¹	t ai ¹	t ai ¹	t ai ¹	t ai ¹	t ai ¹	t ai ¹	t ai ¹	t ai ¹	t ai ¹	t ai ¹	t əi ¹	t ai ¹	t ai ¹
172								k a ¹	k a ¹							
11002	ʔ i t ¹	j i t ¹	ʔ i t ¹	j i t ¹	ʔ j i t ¹	ʔ i t ¹	ʔ i t ¹	j i t ¹	ʔ i t ¹	ʔ i t ¹	ʔ i t ¹	ʔ i t ¹	j ə t ¹	ʔ i t ¹	ʔ i t ¹	ʔ i t ¹
2053					q au ¹	q au ¹					q au ¹	q au ¹				
1610		k aː ŋ ¹	ɣ aː ŋ ¹		ɣ aː ŋ ¹	ɣ aː ŋ ¹	ɣ aː ŋ ¹	ɣ aː ŋ ¹	ɣ aː ŋ ¹	ɣ aː ŋ ¹	ɣ aː ŋ ¹	l aː ŋ ¹	ɣ aː ŋ ¹	ɣ aː ŋ ¹	ɣ aː ŋ ¹	ɣ aː ŋ ¹
6123		m j u ¹		m j u ¹			m j u ¹						m j u ¹		m j u ¹	
5584	h o ¹	h o ¹	h o ¹	h o ¹	h o ¹	h o ¹	h o ¹	h o ¹	h o ¹	h o ¹	h o ¹	h o ¹	h o ¹	h o ¹	h o ¹	h o ¹
1933	ȵ i ¹		ȵ i ¹	ȵ i ¹	ȵ e ¹	ȵ e ¹	n i ¹	ȵ i ¹	ȵ i ¹	ȵ i ¹	ȵ e ¹	ȵ e ¹		ȵ i ¹	ȵ i ¹	ȵ i ¹
565	t o ¹	t o ¹	t o ¹		t o ¹	t o ¹		t o ¹	t o ¹	t o ¹	t o ¹	t o ¹	t o ¹	t o ¹	t o ¹	t o ¹
8157	l i ¹					l i ¹				l i ¹					l i ¹	l i ¹
8550					ɣ aː ŋ ¹	ɣ aː ŋ ¹						ɣ aː ŋ ¹				
8209	l j e m ¹								l j aː m ¹		l j aː m ¹	l j aː m ¹		l j aː m ¹		
4008	q u ¹	q u ŋ ¹	q u ¹	q u ¹	q ə ¹	k u ¹	q u ¹	q u ¹	q u ¹	q u ¹			q u ¹	q u ¹	q u ¹	q u ¹
2622	m j e ¹	m j a ¹	m j a ¹	m j e ¹	m j a ¹	m j a ¹	m j a ¹	m j a ¹	m j a ¹				m j a ¹	m j e ¹		m j a ¹
6856					j j u ¹	j j u ¹					j j u ¹	j u ¹				
1818	ˀb j e k ¹	m j aː k ¹	ⁿb j aː k ¹	ⁿb j e k ¹	ˀb j aː k ¹	ˀb j aː k ¹	ⁿb j a k ¹	ⁿb j aː k ¹	ⁿb j aː k ¹	ˀb j aː k ¹	ˀb j aː k ¹	ˀb j aː k ¹	m j aː k ¹	ˀm j e k ¹	ˀb j a k ¹	ˀb j aː k ¹
10736		n̥ u ¹			n̥ au ¹	n̥ au ¹				n̥ u ¹	n̥ au ¹	n̥ au ¹		n̥ u ¹		n̥ u ¹
9529		ȵ a p ¹		j a p ¹	kʰ a p ¹		ⁿd a p ¹					qʰ a p ¹	ȵ a p ¹			
6070	ⁿd e ¹	ⁿd e ¹	ⁿd e ¹	ⁿd e ¹	ⁿd e ¹	ⁿd e ¹		ⁿd e ¹	ⁿd e ¹	ⁿd e ¹			ⁿd e ¹	ⁿd əi ¹	ⁿd e ¹	ⁿd e ¹
6854	ȶʰ j u ¹	kʰ j u ¹	ɕ j u ¹	s j u ¹			ɕ j u ¹	ɕ j u ¹	ɕ j u ¹	ȶʰ j u ¹			h j u ¹			
9200		t j ə t ¹											t j ə t ¹			
10688				ts ə m ¹							ts j ə m ¹					
8714	ȶ i t ¹	k i t ¹	ȶ i t ¹	ȶ i t ¹	ȶ i t ¹	ȶ i t ¹		ȶ i t ¹	ȶ i t ¹	ȶ ə t ¹	ȶ i t ¹	ȶ i t ¹	k i t ¹	ȶ i t ¹	ȶ i t ¹	ȶ i t ¹
10172								q e ¹	q e ¹		q e ¹					
7466		ɣ a t ¹	ɣ a t ¹	ɣ a t ¹	ɣ ə t ¹		ɣ a t ¹		ɣ a t ¹	ɣ a t ¹			ɣ ə t ¹	ɣ ə t ¹		ɣ ɜ t ¹
2996							t au ¹	ts au ¹	ts au ¹							
4304	h aːu ¹		h aːu ¹	h aːu ¹			h aːu ¹	h aːu ¹	h aːu ¹	h aːu ¹			h aːu ¹	h aːu ¹	h aːu ¹	h aːu ¹
7419	ˀȵ a ¹		ˀȵ a ¹	n i ¹	ˀȵ a ¹	ˀȵ a ¹		ȵ a ¹	ȵ a ¹	ˀȵ a ¹	ˀȵ a ¹	ˀȵ a ¹		ˀȵ a ¹	ˀȵ a ¹	ˀȵ a ¹
10447	n a ŋ ¹		n a ŋ ¹							n a ŋ ¹						n a ŋ ¹
8732				t e k ¹			t e k ¹					t e k ¹				
9165	ˀd aː k ¹	l aː k ¹	ⁿd aː k ¹	ⁿd aː k ¹	q aː k ¹	q aː k ¹	ⁿd aː k ¹	ⁿd aː k ¹	ⁿd aː k ¹	ˀd aː k ¹	q aː k ¹	q aː k ¹		ˀd aː k ¹	ˀd aː k ¹	ˀd aː k ¹
6634	ˀm a ¹	m a ¹	ˀm a ¹	m a ¹	ˀm a ¹	ˀm a ¹	m a ¹	m a ¹	m a ¹	ˀm a ¹	ˀm a ¹	ˀm a ¹	m a ¹	ˀm a ¹	ˀm a ¹	ˀm a ¹
9402		ⁿd j a n ¹			ⁿd j a n ¹	ⁿd j a n ¹					ⁿd j a n ¹					ⁿd j a n ¹
4358			p aːi ¹				p ai ¹	p aːi ¹	p aːi ¹	p aːi ¹	p aːi ¹		p aːi ¹			
8922		q au ¹	q au ¹		q au ¹	q au ¹		q au ¹	q au ¹	q au ¹	q au ¹	q au ¹	q au ¹	q au ¹	q au ¹	q au ¹
8565	h u ŋ ¹	h u ŋ ¹	h u ŋ ¹		f u ŋ ¹	h u ŋ ¹	h u ŋ ¹	h u ŋ ¹	h u ŋ ¹	h u ŋ ¹	h u ŋ ¹	h u ŋ ¹	h u ŋ ¹	h u ŋ ¹	h u ŋ ¹	h u ŋ ¹
3912				ts u m ¹		s u m ¹		s u m ¹	s u m ¹			s ə m ¹				
7504			f e ¹		v e ¹	v e ¹		f e ¹	f e ¹	f e ¹	v e ¹	v e ¹				
8124	pʰ j aː m ¹	pʰ j aː m ¹	pʰ j aː m ¹	pʰ j aː m ¹	pʰ j aː m ¹	pʰ j aː m ¹		pʰ j aː m ¹	pʰ j aː m ¹	pʰ j aː m ¹	pʰ j aː m ¹	pʰ aː m ¹	pʰ j aː m ¹	pʰ j aː m ¹	pʰ j aː m ¹	pʰ j aː m ¹
3916		t j au ¹											ȶʰ a ¹		ȶʰ a ¹	
224	t i ¹	t i ¹	t i ¹	t i ¹	t ə ¹	t ə ¹	t i ¹	t i ¹	t i ¹	t i ¹	t i ¹	ⁿd j eu ¹	t i ¹	t i ¹		t i ¹
8329	ˀŋ w a ¹		ˀŋ w a ¹							ˀŋ w a ¹				ˀŋ w a ¹	ˀŋ w a ¹	ˀŋ w a ¹
10849				k ai ¹			k ai ¹									
2322													p j aːi ¹	p j aːi ¹		
3482		ȵ o n ¹	ȵ o n ¹		ȵ o n ¹	ȵ o n ¹		ȵ w a n ¹	ȵ o n ¹	ȵ o n ¹	ȵ o n ¹		ȵ u n ¹		ȵ o n ¹	
616	k i ŋ ¹	k i ŋ ¹	k i ŋ ¹	k aː ŋ ¹	qʰ a n ¹	qʰ a n ¹	k i ŋ ¹	k i ŋ ¹	k i ŋ ¹	k i ŋ ¹	qʰ a n ¹	qʰ a n ¹	k i ŋ ¹	k i ŋ ¹	k i ŋ ¹	k i ŋ ¹
532	p i ¹	p ai ¹	p i ¹	p i ¹			p i ¹	p i ¹	p i ¹	p i ¹			p i ¹	p i ¹	p i ¹	p i ¹
2319	j ə n ¹	j ə n ¹	j ə n ¹	j a n ¹		j ə n ¹	j a n ¹	j ə n ¹		j ə n ¹	j ə n ¹		j ə n ¹		j a n ¹	
9784					qʰ eu ¹	qʰ eu ¹	qʰ au ¹				qʰ eu ¹	qʰ eu ¹				
10448		l j eu ¹			ɬ o ¹										l j o ¹	
6260		t au ¹	t au ¹		t au ¹	t au ¹		t au ¹	t au ¹	t au ¹	t au ¹	t au ¹		t au ¹	t au ¹	t au ¹
434	pʰ a ¹		pʰ a ¹	pʰ a ¹	pʰ a ¹	pʰ a ¹		pʰ a ¹	pʰ a ¹	pʰ a ¹	pʰ a ¹	pʰ a ¹				pʰ a ¹
3951	m ai ¹	m ai ¹	m ai ¹	m ai ¹		m ai ¹	m ai ¹	m ai ¹	m ai ¹	m ai ¹	m ai ¹		m ai ¹	m əi ¹	m ai ¹	m ai ¹
1264	ts u ¹	ts o ¹	ts u ¹	ts u ¹	ts j o ¹	ts j u ¹	ȶ u ¹	ts u ¹	ts u ¹	ts u ¹	ȶ o ¹	ts u ¹	s o ¹	ts u ¹	ts u ¹	ts u ¹
5224	q aːu ¹	q aːu ¹	q aːu ¹	q aːu ¹	q aːu ¹	q aːu ¹	q aːu ¹	q aːu ¹	q aːu ¹	q aːu ¹	q aːu ¹	q aːu ¹	q aːu ¹	q aːu ¹	q aːu ¹	q aːu ¹
6242	ˀd j ai ¹		ⁿd j ai ¹	ⁿd j ai ¹	ˀd j ai ¹	ˀd j ai ¹	ⁿd j ai ¹	ⁿd j ai ¹	ⁿd j ai ¹	ˀd j ai ¹	ˀd j ai ¹	ˀd j ai ¹		ˀd j əi ¹	ˀd j ai ¹	ˀd j ai ¹
7585	kʰ au ¹	kʰ au ¹	kʰ au ¹	kʰ au ¹	kʰ au ¹	kʰ au ¹	kʰ au ¹	kʰ au ¹	kʰ au ¹	kʰ au ¹	kʰ au ¹	kʰ au ¹	kʰ au ¹	kʰ au ¹	kʰ au ¹	kʰ au ¹
11052	n u ¹	n u ¹	n u ¹	n u ¹	n u ¹	n u ¹	n u ¹	n u ¹	n u ¹	n u ¹	n u ¹	n u ¹	n u ¹	n u ¹	n u ¹	n u ¹
2939	ˀd o ŋ ¹		ⁿd o ŋ ¹	ⁿd o ŋ ¹	ˀd o ŋ ¹	ˀd o ŋ ¹	ⁿd o ŋ ¹	ⁿd o ŋ ¹	ⁿd o ŋ ¹	ˀd o ŋ ¹	ˀd o ŋ ¹	ˀd o ŋ ¹		ˀd o ŋ ¹	ˀd o ŋ ¹	ˀd o ŋ ¹
10142	t o ŋ ¹	t o ŋ ¹	t o ŋ ¹	ts u ŋ ¹	t o ŋ ¹	t o ŋ ¹	ȶ u ŋ ¹	t o ŋ ¹	t o ŋ ¹	t o ŋ ¹	t o ŋ ¹	t o ŋ ¹	t o ŋ ¹	t o ŋ ¹	t o ŋ ¹	t o ŋ ¹
5602				p u ¹				p u ¹								
10171							t i ŋ ¹	t i ŋ ¹								
5689				pʰ o ¹			pʰ o ¹	pʰ o ¹								
765	j i k ¹	s i k ¹	j i k ¹	j j e k ¹	ʔ i k ¹	ʔ i k ¹	j i k ¹	j i k ¹	j i k ¹	j i k ¹	ʔ i k ¹	j i k ¹	s i k ¹	j i k ¹	j i k ¹	j i k ¹
1383			h j ai ¹	h j ai ¹				h j ai ¹	h j ai ¹							
4236		ȶ au ¹		t a ¹												
7888	p ai ¹	p ai ¹	p ai ¹	p ai ¹		p aːi ¹			p ai ¹	p ai ¹	p aːi ¹			p əi ¹	p ai ¹	p ai ¹
8635										ɕ aː n ¹						ɕ aː n ¹
5723		kʰ a ¹											x a ¹			
6259	ts a n ¹			ts a n ¹			ȶ a n ¹						s a n ¹			
8634									f j e n ¹				p j aː n ¹		f j a n ¹	
3127	m j e ¹	m j a ¹	m j a ¹	m j e ¹	m j a ¹	m j a ¹	m j a ¹	m j a ¹	m j a ¹	m j a ¹	m j a ¹	m j a ¹	m j a ¹	m j e ¹	m j a ¹	m j a ¹
3766		ʔ ai ¹		ʔ ai ¹		ʔ ai ¹	ʔ ai ¹	ʔ ai ¹	ʔ ai ¹				ʔ ai ¹			ʔ ai ¹
8109			q o k ¹	k o k ¹												
1382		q e n ¹			k i ŋ ¹	k i ŋ ¹					k i ŋ ¹		q e n ¹		k i n ¹	
1915	ʔ j a m ¹	j a m ¹	ʔ j a m ¹	j a m ¹	ʔ j a m ¹	ʔ j a m ¹	ɣ a m ¹	j a m ¹	ʔ j a m ¹	ʔ j a m ¹	ʔ j a m ¹	ʔ j a m ¹	j a m ¹	ʔ j a m ¹	ʔ j a m ¹	ʔ j a m ¹
3765	ˀɣ e ¹	ɣ e ¹	ɣ e ¹		ˀɣ e ¹	ˀɣ e ¹				ˀɣ e ¹	ˀɣ e ¹	ˀɣ e ¹	ɣ e ¹	ˀɣ e ¹	ˀɣ e ¹	ˀɣ e ¹
1316	ʔ o ¹	ʔ o ¹	ʔ o ¹		ʔ o ¹	ʔ o ¹				ʔ o ¹	ʔ o ¹		ʔ o ¹	ʔ o ¹		ʔ o ¹
862							q au ¹					q a ¹				
6811					p e n ¹	p j ə ŋ ¹					p j ə ŋ ¹					
662	l ə n ¹	l ə n ¹	l ə n ¹	l ə n ¹	l ə n ¹	l ə n ¹	l ə n ¹	l ə n ¹	l ə n ¹	l ə n ¹	l ə n ¹	l ə n ¹	l ə n ¹	l ə n ¹	l ə n ¹	l ə n ¹
800					ɕ o n ¹		s w ə n ¹									
3351	t a ¹	t ə ¹	t e ¹	t e ¹		t e ¹		t e ¹	t e ¹		t e ¹		t ə ¹	t a ¹	t a ¹	t a ¹
4321	t a p ¹	t a p ¹	t a p ¹	t a p ¹	t a p ¹	t a p ¹	t a p ¹	t a p ¹	t a p ¹	t a p ¹	t a p ¹	t a p ¹		t a p ¹	t a p ¹	t a p ¹
5688	n̥ o ¹	n̥ õ ¹	n̥ o ¹		n̥ o ¹	n̥ o ¹				n̥ o ¹	n̥ o ¹	n̥ o ¹	n̥ o ¹	n̥ o ¹	n̥ o ¹	n̥ o ¹
3053	k w a n ¹					k w a n ¹										
7988	f o n ¹													f o n ¹		f o n ¹
10766		h a ¹		ʔ ai ¹									h a ¹			
1536	l j eu ¹	l j u ¹	l j eu ¹	l j u ¹	l j u ¹	l j u ¹	l j əu ¹	l j u ¹	l j u ¹	l j u ¹	l j u ¹	l j u ¹		l j u ¹	l j eu ¹	l j eu ¹
10543	ⁿd i n ¹	ⁿd i n ¹								ⁿd i n ¹			ⁿd i n ¹		ⁿd i n ¹	
1519	ŋ̊ aːu ¹	ŋ̊ aː n ¹	ŋ̊ aː n ¹		ŋ̊ aː ŋ ¹	ŋ̊ aː n ¹					ŋ̊ aː n ¹		ŋ̊ aː n ¹	ŋ̊ aː n ¹	ŋ̊ aː n ¹	ŋ̊ aː n ¹
1450	t a ¹	t a ¹	t a ¹	t a ¹	t a ¹	t a ¹		t a ¹	t a ¹	t a ¹	t a ¹	t a ¹	t a ¹	t a ¹	t a ¹	t a ¹
435		ȶʰ o t ¹											ȶʰ o t ¹	ȶʰ o t ¹	ȶʰ o t ¹	
3875	h aːi ¹		h aːi ¹	h aːi ¹	h aːi ¹	h aːi ¹	h aːi ¹	h aːi ¹	h aːi ¹	h aːi ¹	h aːi ¹	h aːi ¹		h aːi ¹	h aːi ¹	h aːi ¹
6021			ʁ e ¹		ʁ e ¹	ʁ e ¹		ʁ e ¹	ʁ e ¹	ʁ e ¹	ʁ e ¹	ʁ e ¹				ʁ e ¹
10797	l aːi ¹	l aːi ¹	l aːi ¹	l aːi ¹			l aːi ¹	l aːi ¹	l aːi ¹	l aːi ¹			l aːi ¹	l aːi ¹	l aːi ¹	l aːi ¹
7551	tʰ au ¹	tʰ au ¹	tʰ au ¹		tʰ au ¹	tʰ au ¹		tʰ au ¹	tʰ au ¹	tʰ au ¹	tʰ au ¹	tʰ au ¹	tʰ au ¹	tʰ au ¹	tʰ au ¹	tʰ au ¹
8663	ʔ u m ¹	ʔ u m ¹	ʔ u m ¹	ʔ u m ¹	ʔ u m ¹	ʔ u m ¹	ʔ u m ¹	ʔ u m ¹	ʔ u m ¹	ʔ u m ¹	ʔ u m ¹	ˀŋ u m ¹	ʔ u m ¹	ʔ u m ¹	ʔ u m ¹	ʔ u m ¹
8023	q u m ¹	q u m ¹	q u m ¹	q u m ¹	k u p ¹	q u m ¹	q u m ¹	q u m ¹	q u m ¹	q u m ¹	q u m ¹	k ə m ¹	q u m ¹	q u m ¹	k u m ¹	q o m ¹
10451						ɕ o ¹		h j o ¹	h j o ¹		h o ¹		ɕ o ¹	ɕ o ¹		
2909			ˀn a ¹	n a ¹			n a ¹	n a ¹	n a ¹							ˀn a ¹
1318				ɣ aː ŋ ¹				ɣ aː ŋ ¹	ɣ aː ŋ ¹			l aː ŋ ¹			ɣ aː ŋ ¹	
6617	m aː t ¹	m aː t ¹		m aː t ¹			m aː t ¹					m aː t ¹	m aː t ¹	m aː t ¹	m aː t ¹	m aː t ¹
3628					ts ai ¹	ts ai ¹		ts ai ¹		ts ai ¹	ts ai ¹	ts ai ¹				
1975								l j aː n ¹	l j aː n ¹							
2267		t j aːi ¹											t j aːi ¹			
3988											ˀd o n ¹		t o ŋ ¹			
7619	t j u ¹	t j u ¹								t j u ¹				t j u ¹		t j u ¹
4274										ˀb a ¹			p j a ¹			ˀb a ¹
8968	ʔ a n ¹	ʔ a n ¹	ʔ a n ¹			ʔ a n ¹		ʔ a n ¹	ʔ a n ¹	ʔ a n ¹	ʔ a n ¹		ʔ a n ¹	ʔ a n ¹	ʔ a n ¹	ʔ a n ¹
5841	f a ¹	f a ¹	f a ¹	v a ¹	f a ¹	f a ¹	v a ¹	f a ¹	f a ¹	f a ¹	f a ¹	f a ¹	f a ¹	f a ¹	f a ¹	f a ¹
3825				ʔ aːu ¹	h aːu ¹	ʔ aːu ¹	ʔ aːu ¹					ʔ aːu ¹				
7699	ȶ i t ¹	k i t ¹	ȶ i t ¹	ȶ i t ¹	ȶ i t ¹	ȶ i t ¹	ȶ i t ¹	ȶ i t ¹	ȶ i t ¹	ȶ ə t ¹	ȶ i t ¹	ȶ i t ¹	k i t ¹	ȶ i t ¹	ȶ i t ¹	ȶ ə t ¹
7990			f a ¹							f a ¹					f a ¹	
3533		t aːu ¹											t aːu ¹			
6140			p ə n ¹	p ə n ¹			p ə n ¹	p ə n ¹	p ə n ¹							
1345		k au ¹		ɣ o ¹			ɣ au ¹						ɣ au ¹	ɣ au ¹	q u ¹	ɣ au ¹
5706		s e ŋ ¹											s e ŋ ¹			
8074	q a t ¹	q a t ¹	q a t ¹	q a t ¹	q a t ¹	q a t ¹	q a t ¹	q aː t ¹	q a t ¹	q a t ¹	q a t ¹	q a t ¹	q a t ¹	q a t ¹	q a t ¹	q a t ¹
4011					ts o ŋ ¹	ts o ŋ ¹					ts o ŋ ¹	ȶ o ŋ ¹				
1367	l i ŋ ¹	m i ŋ ¹	l i ŋ ¹	m i ŋ ¹	l i ŋ ¹	l i ŋ ¹	m i ŋ ¹		l i ŋ ¹	l i ŋ ¹		l i ŋ ¹	m i ŋ ¹	l i ŋ ¹	l i ŋ ¹	
3129				k u ŋ ¹			kʰ o ŋ ¹									
3662	p aːu ¹	p aːu ¹	p aːu ¹	p aːu ¹			p aːu ¹	p aːu ¹	p aːu ¹	p aːu ¹			p aːu ¹	p aːu ¹	p aːu ¹	p aːu ¹
3793					t u ¹	t u ¹					t u ¹					
7800		k u ¹											k u ¹			
384	ȵ aːu ¹	ȵ aːu ¹	ȵ aːu ¹	ȵ aːu ¹	ȵ aːu ¹	ȵ aːu ¹	ȵ aːu ¹	ȵ aːu ¹	ȵ aːu ¹	ȵ aːu ¹	ȵ aːu ¹	ȵ aːu ¹	ȵ aːu ¹	ȵ aːu ¹	ȵ aːu ¹	ȵ aːu ¹
7816	ʔ a m ¹	ʔ a m ¹	ʔ a m ¹	ʔ a m ¹	ʔ a m ¹	ʔ a m ¹	ʔ a m ¹	ʔ a m ¹	ʔ a m ¹	ʔ a m ¹	ʔ a m ¹	ʔ a m ¹	ʔ a m ¹	ʔ a m ¹	ʔ a m ¹	ʔ a m ¹
534					ʁ a ¹	ʁ a ¹					ʁ a ¹	ʁ a ¹				
4499					z aːi ¹							z aːi ¹				
9073	ʔ u k ¹							ʔ u k ¹							ʔ u k ¹	
9321	ʔ u n ¹		ʔ u n ¹							ʔ u n ¹	ɣ u n ¹					ʔ u n ¹
10953		pʰ w aː n ¹						pʰ w aː n ¹	pʰ w a n ¹				pʰ w aː n ¹			
4828	n u ¹	n u ¹	n u ¹	n u ¹						n u ¹			n u ¹	n u ¹	n u ¹	n u ¹
7208	h i ¹	h i ¹	h i ¹	h i ¹		ɕ i ¹	h i ¹	h i ¹	h i ¹	h i ¹				ɕ i ¹	h i ¹	h i ¹
4237					q a ¹	q a ¹					q a ¹	q a ¹				
4177	m i ŋ ¹	m i ŋ ¹		m i ŋ ¹			m i ŋ ¹						m i ŋ ¹	m i ŋ ¹	m i ŋ ¹	m i ŋ ¹
10602	ˀb ə n ¹	m ə n ¹	ⁿb ə n ¹	ⁿb ə n ¹	ˀb ə n ¹	ˀb ə n ¹	ⁿb ə n ¹	ⁿb ə n ¹	ⁿb ə n ¹	ˀb ə n ¹	ˀb ə n ¹	ˀb ə n ¹	m ə n ¹	ˀm ə n ¹	ˀb ə n ¹	ˀb ə n ¹
8331								m j aː ŋ ¹	m j aː ŋ ¹							
1974					ts j u p ¹				s u p ¹		s u p ¹					
136	l j eu ¹		l j eu ¹	l j u ¹			l j əu ¹	l j eu ¹	l j eu ¹	l j eu ¹				l j eu ¹	l j eu ¹	l j eu ¹
3568	z a n ¹	ȶʰ a n ¹	z a n ¹	z a n ¹	ts a n ¹	ts a n ¹	j a n ¹	z a n ¹	z a n ¹	z a n ¹	ts a n ¹	z a n ¹	ȶʰ ə n ¹	z a n ¹	z a n ¹	z a n ¹
6400		kʷ aː ŋ ¹											kʷ aː ŋ ¹			
4794	n i ¹	n ai ¹	n i ¹	n i ¹	n i ¹	n i ¹	n i ¹	n i ¹	n i ¹	n i ¹	n i ¹	n i ¹	n ai ¹	n i ¹	n i ¹	n i ¹
10800					ˀd aːi ¹	ˀd aːi ¹					ˀd aːi ¹	ˀd aːi ¹				
1997			t j e p ¹					t j e p ¹		t j e p ¹	t j e p ¹		t j e ¹			
3985	m o n ¹	m u n ¹		m u n ¹			m w ə n ¹					m u n ¹			m w a n ¹	
4445	p u t ¹	p uː t ¹	p uː t ¹	p w ə t ¹	p o t ¹	p u t ¹	p w ə t ¹	p u t ¹	p u t ¹	p u t ¹	p u t ¹	p u t ¹	p u t ¹	p u t ¹	p uː t ¹	p uː t ¹
5824	f u ¹	f u ¹	f u ¹		f u ¹			f u ¹	f u ¹	f u ¹		f u ¹	f u ¹	f u ¹	f u ¹	f u ¹
7989		ʔ a n ¹		t w ə n ¹			h w ə n ¹	ʔ a n ¹					h a ŋ ¹			
2856	ɣ ui ¹	ɣ ui ¹	ɣ ui ¹		ɣ i ¹	ɣ i ¹			ɣ ui ¹	ɣ ui ¹	ɣ i ¹		ɣ ui ¹	ɣ ui ¹		ɣ ui ¹
2321				ts a p ¹			ȶ a p ¹	ts a p ¹	ts a p ¹			ts a p ¹				
5876	qʰ ui ¹		qʰ ui ¹	kʰ ui ¹	kʰ ui ¹	qʰ ui ¹	kʰ ui ¹	qʰ ui ¹	qʰ ui ¹	qʰ ui ¹	qʰ ui ¹	kʰ ui ¹		qʰ ui ¹	qʰ ui ¹	qʰ ui ¹
782	pʰ j aː t ¹	pʰ j aː t ¹	pʰ j aː t ¹	pʰ j aː t ¹	pʰ j aː t ¹	pʰ aː t ¹	pʰ j aː t ¹	pʰ j aː t ¹	pʰ j aː t ¹	pʰ j aː t ¹	pʰ aː t ¹	pʰ aː t ¹	pʰ j aː t ¹	pʰ j aː t ¹	pʰ j aː t ¹	pʰ j aː t ¹
2033	t o ¹	t o ¹	t o ¹	t o ¹	t o ¹	t o ¹	t o ¹	t o ¹	t o ¹	t o ¹	t o ¹	t o ¹	t o ¹	t o ¹	t o ¹	t o ¹
7799	j u ¹		j u ¹	j u ¹	j u ¹	j u ¹		j u ¹	j u ¹	j u ¹	j u ¹	j u ¹		j u ¹	j u ¹	j u ¹
3602	ˀm au ¹	m au ¹								ˀm au ¹						ˀm au ¹
10798		pʰ u ¹		pʰ u ¹				pʰ u ¹	pʰ u ¹				pʰ u ¹			
2266	f e ¹		f e ¹	f e ¹	f e ¹	f e ¹		f e ¹	f e ¹	f e ¹	f e ¹	f e ¹		f əi ¹	f e ¹	f e ¹
1973					l u ¹			l u ¹			l u ¹	l u ¹			l u ¹	
3532	t u ¹		t u ¹	t u ¹	t u ¹	t u ¹	t u ¹	t u ¹	t u ¹	t u ¹	t u ¹	t u ¹	t u ¹	t u ¹	t u ¹	t u ¹
3625	k w aː k ¹		k w aː k ¹	k o k ¹			k w ə k ¹		k w aː k ¹	k w aː k ¹				k w aː k ¹	k w a k ¹	k w aː k ¹
10371		t i ¹		t a ¹		t i ¹	t ai ¹	t i ¹	t i ¹		t i ¹		t i ¹		t i ¹	
4947	ˀd aː n ¹		ⁿd aː n ¹	ⁿd aː n ¹	ˀd aː n ¹	ˀd aː n ¹	ⁿd aː n ¹	ⁿd aː n ¹	ⁿd aː n ¹	ˀd aː n ¹	ˀd aː n ¹	ˀd aː n ¹	l aː n ¹	ˀd aː n ¹	ˀd aː n ¹	ˀd aː n ¹
10207	ˀm u ¹	m u ¹	ˀm u ¹	m u ¹		ˀm u ¹	m u ¹	m u ¹	m u ¹	ˀm u ¹	ˀm u ¹	ˀm u ¹	m u ¹	ˀm u ¹	ˀm u ¹	ˀm u ¹
3263	h aː n ¹	h aː n ¹	h aː n ¹	h aː n ¹			h aː n ¹	h aː n ¹	h aː n ¹	h aː n ¹			h aː n ¹	h aː n ¹	h aː n ¹	h aː n ¹
3790	l aːu ¹		l aːu ¹	l aːu ¹			l aːu ¹	l aːu ¹	l aːu ¹	l aːu ¹				l aːu ¹		l aːu ¹
11132		m õ ¹											m o ¹			
3792		h aːu ¹											h aːu ¹			
3160		l j e ¹											l j e ¹			
3398	ȶ o t ¹	ȶ o t ¹	ȶ o t ¹	ȶ o t ¹	ȶ o t ¹	ȶ o t ¹		ȶ o t ¹	ȶ o t ¹	ȶ o t ¹	ȶ o t ¹		ȶ o t ¹	ȶ o t ¹	ȶ o t ¹	ȶ o t ¹
3051	ˀd j u p ¹	l j u p ¹				ˀd j u p ¹				ˀd j u p ¹			l j ʊ p ¹			
10884	ts e ŋ ¹		ts e ŋ ¹		ts e ŋ ¹	ts e ŋ ¹		ts e ŋ ¹	ts e ŋ ¹	ts e ŋ ¹	ts e ŋ ¹	ts e ŋ ¹		ts i ŋ ¹	ts i ŋ ¹	ts e ŋ ¹
6812						ʔ aː m ¹				ʔ aː m ¹						ʔ aː m ¹
8398		pʰ j a ¹											pʰ j a ¹			
6855				t au ¹			t au ¹									
2089			s aː n ¹			s aː n ¹	s a n ¹	s aː n ¹	s aː n ¹		s aː n ¹					
8784			h j au ¹	h j au ¹				h j au ¹	h j au ¹							
1971	ts i m ¹	ts i m ¹	ȶ i m ¹	ts ə m ¹		ts j u m ¹	ȶ i m ¹						ts i m ¹	ts i m ¹	ts i m ¹	
3380	h e k ¹	qʰ e k ¹	h e k ¹	h e k ¹	h e k ¹	h e k ¹	h e k ¹	h e k ¹	h e k ¹	h e k ¹	h e k ¹	h e k ¹	qʰ e k ¹	h i k ¹	h e k ¹	h e k ¹
9649	pʰ u t ¹	pʰ uː t ¹	pʰ uː t ¹	pʰ w ə t ¹	pʰ ə t ¹	pʰ u t ¹	pʰ w ə t ¹	pʰ u t ¹	pʰ u t ¹	pʰ u t ¹	pʰ u t ¹	pʰ u t ¹	pʰ u t ¹	pʰ u t ¹	pʰ u t ¹	pʰ uː t ¹
3415							h̃ w aː t ¹						h̃ w aː t ¹			
3840	ŋ aː n ¹	ŋ aː n ¹	ŋ aː n ¹	ŋ aː n ¹	ŋ aː n ¹	ŋ aː n ¹		ŋ aː n ¹	ŋ aː n ¹	ŋ aː n ¹	ŋ aː n ¹	ŋ aː n ¹	ŋ aː n ¹	ŋ aː n ¹	ŋ aː n ¹	ŋ aː n ¹
4845	j a ¹		j a ¹	j a ¹	j a ¹	j a ¹	j a ¹	j a ¹	j a ¹	j a ¹	j a ¹	j a ¹	j a ¹	j a ¹	j a ¹	j a ¹
2088	v j ə n ¹	p j a n ¹	v j a n ¹	v j a n ¹	v j a n ¹	v j a n ¹	v j ə n ¹	v j a n ¹	v j a n ¹	v j aː n ¹	v j a n ¹	v j a n ¹	v j ə n ¹	v j ə n ¹	v j a n ¹	v j e n ¹
8633					q eu ¹	q eu ¹		q eu ¹			q eu ¹	q eu ¹		q eu ¹		
8208		l j o ¹											l j o ¹			
680	l o ŋ ¹	l o ŋ ¹	l o ŋ ¹	l o ŋ ¹	l o ŋ ¹	l o ŋ ¹	l o ŋ ¹	l o ŋ ¹	l o ŋ ¹	l o ŋ ¹	l o ŋ ¹	l o ŋ ¹	l o ŋ ¹	l o ŋ ¹	l o ŋ ¹	l o ŋ ¹
9020				k aː ŋ ¹	ts j aː ŋ ¹	ts j aː ŋ ¹	k aː ŋ ¹					ts j e ŋ ¹				
10170					l aːu ¹	l aːu ¹					l aːu ¹	l aːu ¹				
10273	v u ¹	v u ¹	v u ¹		v u ¹	v u ¹		v u ¹	v u ¹	v u ¹	v u ¹		v u ¹	v u ¹	v u ¹	v u ¹
5570										ɕ a ¹			ɕ a ¹	ɕ e ¹		ɕ a ¹
10036	s u k ¹	ts u k ¹	s u k ¹	z o k ¹	s u k ¹	s u k ¹	j u k ¹	s u k ¹	s u k ¹	s u k ¹	s u k ¹	s u k ¹	z u k ¹	s u k ¹	z u k ¹	s u k ¹
5418	ȶ i ¹	ȶ ə ¹	ȶ ə ¹	ȶ i ¹	ȶ i ¹	ȶ i ¹		ȶ i ¹	ȶ i ¹	ȶ i ¹	ȶ i ¹	ȶ i ¹	ȶ e ¹	ȶ i ¹	ȶ ɪ t ¹	ȶ i ¹
9036	ȶ a ¹	ȶ a ¹	ȶ a ¹	ȶ a ¹	ȶ a ¹	ȶ a ¹		ȶ a ¹	ȶ a ¹	ȶ a ¹	ȶ a ¹	ȶ a ¹		ȶ a ¹	ȶ a ¹	ȶ a ¹
2725				h̃ j u ¹			h̃ j u ¹									
9382	k oi ¹	k oi ¹	k oi ¹	k oi ¹		q o t ¹	k oi ¹		k oi ¹	k oi ¹			k oi ¹	k oi ¹	k oi ¹	k oi ¹
983	ȵ aː n ¹	ȵ aː n ¹	ȵ aː n ¹	ȵ aː n ¹	ȵ aː n ¹	ȵ aː n ¹	ȵ aː n ¹	ȵ aː n ¹	ȵ aː n ¹	ȵ aː n ¹	ȵ aː n ¹	ȵ aː n ¹	ȵ aː n ¹	ȵ aː n ¹	ȵ aː n ¹	ȵ aː n ¹
8938	tʰ a ¹	tʰ a ¹	tʰ a ¹		tʰ a ¹				tʰ a ¹	tʰ a ¹	tʰ a ¹		tʰ a ¹		tʰ a ¹	tʰ a ¹
5722	h aː n ¹		h aː n ¹	h aː n ¹	h aː n ¹	h aː n ¹	h aː n ¹	h aː n ¹	h aː n ¹	h aː n ¹	h aː n ¹	h aː n ¹		h aː n ¹	h aː n ¹	h aː n ¹
4708			ɕ i ¹	ɕ i ¹			ɕ i ¹						ȶʰ i ¹			
8954					ɣ ai ¹	ɣ ai ¹					ɣ ai ¹	ɣ ai ¹				
4587				t i ¹			t i ¹	t i ¹								
2590		n̥ aː ŋ ¹	n̥ aː ŋ ¹			n̥ aː ŋ ¹		h aː ŋ ¹	h aː ŋ ¹	n̥ aː ŋ ¹	n̥ aː ŋ ¹	n̥ o n ¹			n̥ aː ŋ ¹	
8191	t o k ¹	s o p ¹		t o k ¹									s o k ¹			
7120				v a ¹	ˀb a ¹			v a ¹	v a ¹		ˀb a ¹					
9870	ŋ a p ¹	ŋ a p ¹	ŋ a p ¹	ŋ a p ¹	ŋ a p ¹	ŋ a p ¹	ŋ a p ¹	ŋ a p ¹	ŋ a p ¹	ŋ a p ¹	ŋ a p ¹	ŋ a p ¹	ŋ a p ¹	ŋ a p ¹	ŋ a p ¹	ŋ a p ¹
8141		ŋ u k ¹											ŋ̊ u k ¹			
6857														l aː k ¹	l aː k ¹	l aː k ¹
9834	s j e t ¹		s j ə t ¹		s j e t ¹	s j e t ¹		s j e t ¹	s j e t ¹	s j e t ¹	s j e t ¹	s j i t ¹		s j e t ¹		s j e t ¹
6599	ˀn ui ¹	n ui ¹	ˀn ui ¹	n ui ¹	ˀn i ¹	ˀn i ¹	n ui ¹	n ui ¹	n ui ¹	ˀn ui ¹	ˀn i ¹		n ui ¹	ˀn ui ¹	ˀn ui ¹	ˀn ui ¹
3181										s j e ¹	s j e ¹					
1399	t o ¹	t u ¹	t o ¹	t o ¹	t o ¹	t o ¹	t o ¹	t o ¹	t o ¹	t o ¹	t o ¹	t o ¹	t u ¹	t o ¹	t o ¹	t o ¹
8884						h e ¹										h e ¹
2429	h oi ¹	h oi ¹	h oi ¹	h oi ¹	h oi ¹	h oi ¹	h oi ¹	h oi ¹	h oi ¹	h oi ¹	h oi ¹	h oi ¹	h oi ¹	h oi ¹	h oi ¹	h oi ¹
8951	m j ə t ¹			m j a t ¹										m j ə t ¹	m j a t ¹	
10073	t a m ¹	t a m ¹	t a m ¹		t a m ¹	t a m ¹	t a m ¹	t a m ¹	t a m ¹	t a m ¹	t a m ¹	t a m ¹	t a m ¹	t a m ¹	t a m ¹	t a m ¹
6618			j o ¹		j o ¹	j o ¹		j o ¹	j o ¹	j o ¹	j o ¹					
10054		h aː n ¹		h aː n ¹	h aː n ¹	h aː n ¹	h aː n ¹					h aː n ¹	h aː n ¹		h aː n ¹	
6243		l i n ¹											l i n ¹			
2						ȶ ə n ¹				ȶ i n ¹	ȶ ə n ¹			ȶ ə n ¹	ȶ a n ¹	ȶ ə n ¹
2571												t i ¹	t i ¹	t i ¹		
9669	l j a k ¹	l j a k ¹	l j a k ¹	l j a k ¹	l j a k ¹	l j a k ¹	l j a k ¹	l j a k ¹	l j a k ¹	l j a k ¹	l j a k ¹	l j a k ¹	l j a k ¹	l j a k ¹	l j a k ¹	l j a k ¹
7537	ʔ ĩ ¹		ʔ ĩ ¹					ʔ ĩ ¹	ʔ ĩ ¹	ʔ ĩ ¹			ʔ ĩ ¹	ʔ ĩ ¹	ʔ ĩ ¹	
9511	p a n ¹	p a n ¹	p a n ¹	p a n ¹	p a n ¹	p a n ¹	p a n ¹	p a n ¹	p a n ¹	p a n ¹	p a n ¹	p a n ¹	p a n ¹	p a n ¹	p a n ¹	p a n ¹
3179					ɕ o n ¹	ɕ o n ¹		h ɥ a n ¹	h j o n ¹			ɕ o n ¹			ɕ w a n ¹	
1712	ɕ a m ¹	kʰ a m ¹														
7782	ⁿd j ai ¹	t j ai ¹	ⁿd j ai ¹	ⁿd j ai ¹	t j ai ¹	t j ai ¹	ⁿd j ai ¹	ⁿd j ai ¹	ⁿd j ai ¹	ⁿd j ai ¹	t j ai ¹	ⁿd j ai ¹	ⁿd j ai ¹	ⁿd j əi ¹	ⁿd j ai ¹	ⁿd j ai ¹
11180	ʔ ai ¹		ʔ i ¹	ʔ ai ¹			ʔ ai ¹	ʔ j au ¹			ʔ i ¹		ʔ ai ¹			ʔ ai ¹
1934		m e ¹											m e ¹			
8497	ts ə n ¹	ȶ ə n ¹	ts ə n ¹	ts ə n ¹	ts i n ¹	ts j ə n ¹	ȶ ə n ¹	ts ə n ¹	ts ə n ¹	ts ə n ¹	ȶ ə n ¹	ts ə n ¹	ȶ ə n ¹	ts ə n ¹	ts ə n ¹	ts ə n ¹
6544	q u p ¹		q u p ¹		k u p ¹	q u p ¹		q u p ¹	q u p ¹	q u p ¹	q u p ¹	k u ¹		q u p ¹		q u p ¹
367	v u k ¹	pʰ u k ¹	v u k ¹	v w ə k ¹	ɣ u k ¹	v u k ¹	v u k ¹	v u k ¹	v u k ¹	v u k ¹	v u k ¹	ɣ u k ¹		v u k ¹	v u k ¹	v u k ¹
8380	h o ¹		h o ¹					h o ¹	h o ¹	h o ¹				h o ¹	h o ¹	h o ¹
4397				pʰ j a ¹			pʰ j a ¹	pʰ a ¹	pʰ a ¹							
2320					t aː ŋ ¹	t aː ŋ ¹										
7331	ˀn a ¹	n a ¹	ˀn a ¹	n a ¹	ˀn a ¹	ˀn a ¹	n a ¹	n a ¹	n a ¹	ˀn a ¹	ˀn a ¹	ˀn a ¹	n a ¹	ˀn a ¹	ˀn a ¹	ˀn a ¹
9233	s ai ¹	ts ai ¹								s ai ¹			z ai ¹	s əi ¹	z ai ¹	s ai ¹
1157		p a ŋ ¹											p aː n ¹			
6419				v w ə ŋ ¹			ⁿb w ə ŋ ¹	v aː ŋ ¹	v aː ŋ ¹							
7209					t j e m ¹						t j e m ¹	t j e m ¹				
4480	ⁿb aː n ¹	p aː n ¹	ⁿb aː n ¹	ⁿb aː n ¹	ⁿb aː n ¹	ⁿb aː n ¹	ⁿb aː n ¹	ⁿb aː n ¹	ⁿb aː n ¹	ⁿb aː n ¹	ⁿb aː n ¹	ⁿb aː n ¹	ⁿb aː n ¹	ⁿb aː n ¹	ⁿb aː n ¹	ⁿb aː n ¹
2750		q u ¹														k u ŋ ¹
4501							p o ŋ ¹						p o ŋ ¹			
4538						f u ¹				f u ¹				f u ¹	f u ¹	
3748	ʔ j e k ¹	j aː k ¹	ʔ j aː k ¹		ʔ j aː k ¹	ʔ j aː k ¹	j j a k ¹	j aː k ¹	ʔ j aː k ¹	ʔ j aː k ¹	ʔ j aː k ¹	ʔ j aː k ¹	j aː k ¹	ʔ j e k ¹	ʔ j a k ¹	ʔ j aː k ¹
10901	k w e ŋ ¹	k w e ŋ ¹	k w e ŋ ¹	k i ŋ ¹	k w e ŋ ¹	k w e ŋ ¹	k j ə ŋ ¹	k w e ŋ ¹	k w e ŋ ¹	k w e ŋ ¹	k w e ŋ ¹	k w e ŋ ¹	k i ŋ ¹	k w e ŋ ¹	k w e ŋ ¹	k w e ŋ ¹
8417								k o ¹	k o ¹							
8108	ts ə t ¹	ȶ ə t ¹				ts ə t ¹	ȶ j a t ¹			ts ə t ¹	ts ə t ¹	ts ə t ¹	ȶ ə t ¹	ts ə t ¹	ts ə t ¹	ts ə t ¹
5825				p j a ¹			p j a ¹									
8800	ˀm e ¹	m e ¹	ˀm e ¹	m e ¹	ˀm e ¹	ˀm e ¹	m e ¹	m e ¹	m e ¹	ˀm e ¹	ˀm e ¹	ˀm e ¹	m e ¹	ˀm əi ¹	ˀm e ¹	ˀm e ¹
10484			l aː k ¹						l aː k ¹		l aː k ¹					
9478					q e ¹	q e ¹					q e ¹	q e ¹				
4518	k u ŋ ¹	k u ŋ ¹	k u ŋ ¹	k u ŋ ¹	k u ŋ ¹	k u ŋ ¹	k u ŋ ¹	k u ŋ ¹	k u ŋ ¹	k u ŋ ¹	k u ŋ ¹	k u ŋ ¹	k u ŋ ¹	k u ŋ ¹	k u ŋ ¹	k u ŋ ¹
9444					l a ¹							l a ¹				
697	l aːu ¹	l aːu ¹	l aːu ¹	l aːu ¹	l aːu ¹	l aːu ¹		l aːu ¹	l aːu ¹	l aːu ¹	l aːu ¹	l aːu ¹	l aːu ¹	l aːu ¹	l aːu ¹	l aːu ¹
4254	z a ¹		z a ¹	z a ¹				z a ¹	z a ¹	z a ¹		z a ¹		z a ¹	z a ¹	z a ¹
10653	m aː ŋ ¹	m aː ŋ ¹	m aː ŋ ¹		m aː ŋ ¹	m aː ŋ ¹		m aː ŋ ¹	m aː ŋ ¹	m aː ŋ ¹	m a ŋ ¹	m aː ŋ ¹	m aː ŋ ¹	m aː ŋ ¹	m aː ŋ ¹	m aː ŋ ¹
10510										ⁿd aː n ¹	t aː n ¹					ⁿd aː ŋ ¹
1898	ˀd a k ¹	l a k ¹	ⁿd a k ¹	ⁿd a k ¹	ˀd a k ¹	ˀd a k ¹	ⁿd a k ¹	ⁿd a k ¹	ⁿd a k ¹	ˀd a k ¹	ˀd a k ¹	ˀd a k ¹	l a k ¹	ˀd a k ¹	ˀd a k ¹	ˀd a k ¹
10829	l u m ¹		l u m ¹	l u m ¹			l u m ¹						l u m ¹	l u m ¹	l u m ¹	l u m ¹
1521							pʰ j aː n ¹	pʰ j aː n ¹	h j aː n ¹							
9323				l j u ¹			l j u ¹	l j u ¹	l j u ¹						l j u ¹	
3627		ȶ aː k ¹											ȶ aː k ¹			
8382				h j u ¹			h j u ¹									
4535	kʰ u ¹		kʰ u ¹	kʰ u ¹				kʰ u ¹	kʰ u ¹							kʰ u ¹
11163	m a n ¹		m a n ¹	m a n ¹	m a n ¹	m a n ¹	m a n ¹	m a n ¹	m a n ¹	m a n ¹	m a n ¹	m a n ¹		m a n ¹	m a n ¹	m a n ¹
9304	ts i ¹	ȶ i ¹	ȶ i ¹	ts ai ¹	ts i ¹	ts i ¹	ȶ i ¹	ȶ i ¹	ȶ i ¹	ȶ i ¹	ȶ e ¹	ts i ¹	ȶ i ¹	ts i ¹	ȶ i ¹	ts i ¹
6773	l aː k ¹	l aː k ¹	l aː k ¹	l aːi ¹	ˀd aː k ¹	ˀd aː k ¹	l aː k ¹	l aː k ¹	l aː k ¹	l aː k ¹	ˀd aː k ¹	ˀd aː k ¹	l aː k ¹	l aː k ¹	l aː k ¹	l aː k ¹
2087	s ɿ ¹															s ɿ ¹
3918		ɣ ə t ¹													ɣ ə t ¹	
9528	h u p ¹		h u p ¹			qʰ u p ¹		h u p ¹	h u p ¹	h u p ¹	qʰ u p ¹			h u p ¹	h u p ¹	h u p ¹
1180	t e ¹	t e ¹	t e ¹		t e ¹	t e ¹		t e ¹	t e ¹	t e ¹	t e ¹	t e ¹	t e ¹	t e ¹	t e ¹	t e ¹
3176	n aːu ¹			n aːu ¹										n aːu ¹		n aːu ¹
966	ˀd aː ŋ ¹		ⁿd aː ŋ ¹	ⁿd aː ŋ ¹			ⁿd aː ŋ ¹	ⁿd aː ŋ ¹	ⁿd aː ŋ ¹	ˀd aː ŋ ¹			l aː ŋ ¹	ˀd aː ŋ ¹	ˀd aː ŋ ¹	ˀd aː ŋ ¹
3935			f j a ¹	f j e ¹	f a ¹	f j a ¹		f j a ¹	f j a ¹		f j a ¹	f a ¹				
4178			ⁿb i ¹		ⁿb i ¹	ⁿb i ¹		ⁿb i ¹	ⁿb i ¹	ⁿb i ¹	ⁿb i ¹	ⁿb i ¹				
226			h j a ŋ ¹											ɕ a ŋ ¹		ɕ a ŋ ¹
6983	ʔ j u t ¹	j uː t ¹	ʔ j uː t ¹	j w ə t ¹	ʔ j o t ¹	ʔ j u t ¹	j w ə t ¹	j u t ¹	ʔ j u t ¹	ʔ j u t ¹	ʔ j u t ¹	ʔ j u t ¹	j u t ¹	ʔ j u t ¹	ʔ j uː t ¹	ʔ j uː t ¹
8849	s e ŋ ¹	s e ŋ ¹	s e ŋ ¹	s e ŋ ¹	s e ŋ ¹	s e ŋ ¹	ɕ j ə ŋ ¹	s e ŋ ¹	s e ŋ ¹	s e ŋ ¹	s e ŋ ¹	s e ŋ ¹	s e ŋ ¹	s i ŋ ¹	s i ŋ ¹	s e ŋ ¹
50	ʔ j aːi ¹	j aːi ¹	ʔ j aːi ¹	j aːi ¹		ʔ j aːi ¹	j aːi ¹	j aːi ¹	ʔ j aːi ¹	ʔ j aːi ¹	ʔ j aːi ¹	ʔ j aːi ¹	j aːi ¹	ʔ j aːi ¹	ʔ j aːi ¹	ʔ j aːi ¹
9074	l j u k ¹		l j u k ¹					l j u k ¹	l j u k ¹	l j u k ¹				l j u k ¹	l j u k ¹	l j u k ¹
7683	ts a m ¹	ȶ a m ¹	ts a m ¹		ts a m ¹	ts a m ¹	ȶ a m ¹	ts a m ¹	ts a m ¹	ts a m ¹	ts a m ¹	ts a m ¹	ȶ a m ¹		ts a m ¹	ts a m ¹
7833	tʰ j a k ¹	tʰ j a k ¹	tʰ j a k ¹		tʰ j a k ¹	tʰ j a k ¹		tʰ j a k ¹	tʰ j a k ¹	tʰ j a k ¹	tʰ j a k ¹	tʰ j a k ¹	ⁿd j a k ¹	tʰ j a k ¹	tʰ j a k ¹	tʰ j a k ¹
1749				m o m ¹							m u m ¹					
3697		l aːu ¹											l aːu ¹			
6313														ts u t ¹	pʰ u t ¹	
3464	kʰ a k ¹	kʰ a k ¹	kʰ a k ¹	kʰ j a k ¹	x a k ¹	x a k ¹	h j a k ¹	kʰ j a k ¹	kʰ a k ¹	kʰ a k ¹	x j a k ¹	x j a k ¹	x j a k ¹	kʰ a k ¹	kʰ a k ¹	kʰ a k ¹
2589	m o n ¹						m w ə n ¹						m u n ¹	m u n ¹		m o n ¹
10330	f j ə t ¹													f ə t ¹	f i t ¹	
2821	l j e n ¹		l j aː n ¹		l j aː n ¹	l j aː n ¹	l j e n ¹	l j aː n ¹	l j aː n ¹	l j aː n ¹	l j aː n ¹	l j aː n ¹		l j aː n ¹	l j a n ¹	l j aː n ¹
8484			m aː ŋ ¹		m j aː ŋ ¹	m j aː ŋ ¹		m aː ŋ ¹	m aː ŋ ¹	m aː ŋ ¹	m j aː ŋ ¹	m j e ŋ ¹			m w a ŋ ¹	m aː ŋ ¹
9615	j ə n ¹	j a n ¹	j a n ¹	j a n ¹	ʔ j a n ¹	ʔ j a n ¹	j a n ¹	j a n ¹	j a n ¹	j a n ¹	ʔ j a n ¹	ʔ j a n ¹	j ə n ¹	j e n ¹	j a n ¹	j e n ¹
9148	ʔ j au ¹	j au ¹	ʔ j au ¹	j au ¹		ʔ j au ¹		j au ¹	ʔ j au ¹	ʔ j au ¹	ʔ j au ¹	ʔ j au ¹	j au ¹	ʔ j au ¹	ʔ j au ¹	ʔ j au ¹
7487		ŋ w a ¹			ŋ w ã ¹		ŋ w a ¹					ŋ w a ¹	ŋ w a ¹		ŋ w a ¹	
5980	q u ¹	q u ¹	q u ¹		q u n ¹	q o ¹		q o ¹	q o ¹	q u ¹	q o ¹	q o n ¹	q u ¹	q u ¹	q o ¹	q o ¹
5521					ts j u m ¹		ȶ u m ¹					ts ə m ¹				
5961	l aː k ¹	l e ¹	l aː k ¹	l a ¹	l aː k ¹	l aː k ¹		l aː k ¹	l aː k ¹	l aː k ¹	l aː k ¹	l aː k ¹	l e ¹	l aː k ¹	l aː k ¹	l aː k ¹
1713			n̥ a ¹		n̥ a ¹	n̥ a ¹				n̥ a ¹	n̥ a ¹	n̥ a ¹		n̥ a ¹	n̥ a ¹	
5083		h̃ w ai ¹		h̃ j ai ¹			h̃ w ai ¹	h̃ w ai ¹	h̃ w ai ¹				h̃ w ai ¹			
2112	s j u ¹	kʰ j u ¹	ɕ j u ¹	kʰ j u ¹	s j u ¹	s j u ¹	kʰ j u ¹	ɕ j u ¹	ɕ j u ¹	s j u ¹	s j u ¹	s j u ¹	kʰ j u ¹	s j u ¹	kʰ j u ¹	s j u ¹
7620			t j aː ŋ ¹	t j ə ŋ ¹			t j ə ŋ ¹	t j aː ŋ ¹	t j aː ŋ ¹							
5258	t i ¹			t a ¹			t ai ¹	t i ¹	t i ¹				t i ¹		t i ¹	
69					ȶ u ¹		ȶ u ¹				ȶ u ¹	ȶ u ¹			ȶ u ¹	
1817	l aː k ¹	l a k ¹	l aː k ¹	l a ¹	l aː k ¹	l aː k ¹	l aː k ¹	l aː k ¹	l aː k ¹	l aː k ¹	l aː k ¹	l aː k ¹	l aː k ¹	l aː k ¹	l aː k ¹	l aː k ¹
7420		p j a ¹					p j a ¹						p j a ¹			
5705	ˀd j u p ¹		ⁿd j u p ¹	ⁿd j u p ¹	ˀd j u p ¹	ˀd j u p ¹	ⁿd j u p ¹	ⁿd j u p ¹	ⁿd j u p ¹	ˀd j u p ¹	ˀd j ə p ¹	ˀd i p ¹		ˀd j u p ¹	ˀd j u p ¹	ˀd j u p ¹
9401				ȵ w ə t ¹		ȵ u t ¹	ȵ w ə t ¹	n j u t ¹	n j u t ¹	ȵ u t ¹	ȵ u t ¹	ⁿj u t ¹		ȵ u t ¹	ȵ u t ¹	
5099	s aː n ¹		s aː n ¹		s aː n ¹	s aː n ¹		s aː n ¹	s aː n ¹	s aː n ¹	s aː n ¹	s aː n ¹		s aː n ¹	s aː n ¹	s aː n ¹
8261		ȶ i n ¹											ȶ i n ¹			
7751			v j aː t ¹			v j aː t ¹		v j aː t ¹	v j aː t ¹	v j aː t ¹	v j aː t ¹	v j aː t ¹				
1932	n a m ¹	n a m ¹		n a m ¹			n a m ¹						n a m ¹			
566				t au ¹			t au ¹									
4271	ˀb ə ¹	m ə n ¹	p ə ¹					p ə ¹	p ə ¹					ˀm ə ¹	ˀb ə ¹	
6105	ˀd j ə n ¹	l j a n ¹	ⁿd j ə n ¹			ȶ ə n ¹		ⁿd j ə n ¹	ⁿd j ə n ¹	ˀd j ə n ¹			l j ə n ¹	ˀd j ə n ¹	ˀd j a n ¹	ˀd j e n ¹
6107					k ə n ¹						k ə n ¹	k ə n ¹				
6452					ʁ a ¹	ʁ a ¹					ʁ a ¹	ʁ a ¹				
731	q a m ¹	q a m ¹	q a m ¹	q a m ¹	q a m ¹	q a m ¹	q a m ¹	q a m ¹	q a m ¹	q a m ¹	q a m ¹	q a m ¹	q a m ¹	q a m ¹	q a m ¹	q a m ¹
9021							pʰ j ai ¹	pʰ j ai ¹	pʰ j ai ¹							
7552				h i ¹			h i ¹									
7868		t a t ¹	t a t ¹			t a t ¹				t a t ¹	t a t ¹				t a t ¹	
9477	p e ¹	p e ¹	p e ¹	p e ¹			p e ¹	p e ¹	p e ¹	p e ¹			p e ¹	p əi ¹	p e ¹	p e ¹
6527	t i ¹	t i ¹	t i ¹	t i ¹	t i ¹	t i ¹	t i ¹	t i ¹	t i ¹	t i ¹	t i ¹	t i ¹	t i ¹	t i ¹	t i ¹	t i ¹
801						ˀd a ¹						ˀd a ¹				
3334	pʰ a ¹	pʰ a ¹	pʰ a ¹	pʰ a ¹	pʰ a ¹	pʰ a ¹	pʰ a ¹	pʰ a ¹		pʰ a ¹	pʰ a ¹	pʰ a ¹	pʰ a ¹	pʰ a ¹	pʰ a ¹	pʰ a ¹
4176	s i ¹	s ɿ ¹		ɕ i ŋ ¹									s i ¹	s ɿ ¹	s ɿ ¹	s ɿ ¹
6685	h aːu ¹	h aːu ¹	h aːu ¹	h aːu ¹		h aːu ¹	h aːu ¹	h aːu ¹	h aːu ¹	h aːu ¹	h aːu ¹	h aːu ¹	h aːu ¹	h aːu ¹	h aːu ¹	h aːu ¹
1955			n aː n ¹	n aː n ¹				n aː n ¹	n aː n ¹							
8617								ⁿd ai ¹	ⁿd ai ¹							
10685	ⁿd j o ŋ ¹	t j o ŋ ¹	ⁿd j o ŋ ¹					ⁿd j o ŋ ¹	ⁿd j o ŋ ¹	ⁿd j o ŋ ¹				ⁿd j o ŋ ¹	ⁿd j o ŋ ¹	ⁿd j o ŋ ¹
8953			ⁿb j u m ¹					ⁿb j u m ¹	ⁿb j u m ¹	ⁿb j u m ¹						ⁿb j u m ¹
4829					p j a ¹	p j a ¹					p j a ¹	p j a ¹				
1088	t u ¹	t u ¹	t j u ¹					t u ¹	t u ¹						t o ¹	t u ¹
9565		l ui ¹											l ui ¹			
2016	m̥ a ¹		m̥ a ¹		m̥ a ¹	m̥ a ¹				m̥ a ¹	m̥ a ¹	m̥ a ¹		m̥ a ¹	m̥ a ¹	m̥ a ¹
1570	k ə ¹		q e ŋ ¹		q e ŋ ¹	q e ŋ ¹		q e ŋ ¹	q e ŋ ¹	q e ŋ ¹	q e ŋ ¹	q e ŋ ¹		q e ŋ ¹		q e ŋ ¹
6037		p aːu ¹											p aːu ¹			
10885		t aːu ¹		t aːu ¹			t aːu ¹						t aːu ¹			
9836	ˀd j e ŋ ¹		ˀd j aː ŋ ¹	ⁿd j ə ŋ ¹			ⁿd j ə ŋ ¹	ⁿd j aː ŋ ¹		ˀd j aː ŋ ¹						ˀd j aː ŋ ¹
3731	p e k ¹	p e k ¹	p e k ¹	p e k ¹	p e k ¹	p e k ¹	p e k ¹	p e k ¹	p e k ¹	p e k ¹	p e k ¹	p e k ¹	p e k ¹	p i k ¹	p e k ¹	p e k ¹
8057	ˀȵ e ¹	n ẽ ¹	ˀȵ e ¹	ȵ e ¹	ˀŋ e ¹	ˀŋ e ¹	ŋ e ¹	ȵ e ¹	ŋ e ¹	ˀȵ e ¹	ˀŋ e ¹	ˀŋ e ¹	n e ¹	ˀȵ e ¹	ˀȵ e ¹	ˀȵ e ¹
6814													tsʰ ɿ ¹		tsʰ ɿ ¹	
10687		n̥ u ¹		n au ¹			n au ¹			n̥ u ¹	n au ¹	n au ¹		n̥ u ¹		n̥ u ¹
1319				ɣ au ¹				ɣ au ¹	ɣ au ¹						ɣ au ¹	
2722	j u ¹	j u ¹	j u ¹	j u ¹	j o ¹	j u ¹	j u ¹	j u ¹	j u ¹	j u ¹	j o ¹	j u ¹	j u ¹	j u ¹	j u ¹	j u ¹
8312				h a ¹		h a ¹					h a ¹	h a ¹				
5928		tʰ j aːu ¹											tʰ j aːu ¹			
9782	v ə t ¹	v ə t ¹	v ə t ¹	v ə t ¹		v ə t ¹	v ə t ¹	v ə t ¹		v ə t ¹		v ə t ¹	v ə t ¹	v ə t ¹	v ə t ¹	v ə t ¹
6488					ʔ u ¹		ʔ u ¹		ʔ u ¹		ʔ u ¹					ʔ u ¹
6809		k ə n ¹			k ə n ¹		k ə n ¹						k ə n ¹		k ə n ¹	
6916	ȶʰ ə n ¹		ɕ ə n ¹	ɕ a n ¹	ȶʰ i n ¹	ȶʰ ə n ¹		ɕ ə n ¹	ɕ ə n ¹	ȶʰ ə n ¹	ȶʰ ə n ¹	ȶʰ i n ¹		ȶʰ e n ¹	ȶʰ a n ¹	ȶʰ ə n ¹
5984			l o m ¹		l o m ¹	l o m ¹		l o m ¹	l o m ¹							
7192				qʰ a n ¹			qʰ a n ¹									
2248	f aːi ¹		f aːi ¹	f aːi ¹	f aːi ¹	f aːi ¹		f aːi ¹	f aːi ¹	f aːi ¹	f aːi ¹	f aːi ¹		f aːi ¹	f aːi ¹	f aːi ¹
9001	ˀŋ w a t ¹	ŋ w a t ¹	ˀŋ w a t ¹	ȵ o k ¹	ˀŋ w a t ¹	ˀŋ w a t ¹	ŋ w a k ¹	ŋ w a t ¹	ŋ w a t ¹	ˀŋ w a t ¹	ˀŋ w a t ¹	ˀŋ w a t ¹	ŋ w a k ¹	ˀŋ w a t ¹	ˀŋ w a t ¹	ˀŋ w a t ¹
2889	l j aːu ¹	l j eu ¹	l j aːu ¹		l j au ¹	l j eu ¹			l j eu ¹	l j aːu ¹	l j eu ¹	l j aːu ¹	l j eu ¹	l j eu ¹	l j eu ¹	l j aːu ¹
3952	f u ŋ ¹	f u ŋ ¹	f u ŋ ¹	l u ŋ ¹						f u ŋ ¹			f u ŋ ¹	f u ŋ ¹	f u ŋ ¹	f u ŋ ¹
9077					ʔ a ŋ ¹	ʔ a ŋ ¹					ʔ a ŋ ¹	ʔ a ŋ ¹				
204							ⁿd ai ¹							ˀd aːi ¹		ˀd aːi ¹
5962				j i ¹												j i ¹
7488						k w aː ŋ ¹					k w aː ŋ ¹					
492	t j e m ¹	t i m ¹	t j e m ¹	t j i m ¹	t j e m ¹	t j e n ¹	t j ə m ¹		t j e m ¹	t j e m ¹	t j e m ¹	t j e m ¹	t i m ¹	t i m ¹	t j a m ¹	
153	s ui ¹	s ui ¹	s ui ¹	s ui ¹		s ui ¹	s ui ¹	s ui ¹	s ui ¹	s ui ¹	s ui ¹	s ui ¹	s ui ¹	s ui ¹	s ui ¹	s ui ¹
9075		t u n ¹		t w ə n ¹	f ə n ¹		t w ə n ¹						t u n ¹			
8174	ɣ u m ¹	ɣ u m ¹	ɣ u m ¹	ɣ u m ¹	ɣ u m ¹	ɣ u m ¹	ɣ u m ¹	ɣ u m ¹	ɣ u m ¹	ɣ u m ¹	ɣ u m ¹	ɣ u m ¹	ɣ u m ¹	ɣ u m ¹	ɣ u m ¹	ɣ u m ¹
4623	h a ¹	h a ¹	h a ¹	h a ¹	h a ¹	h a ¹	h a ¹	h a ¹	h a ¹	h a ¹	h a ¹	h a ¹	h a ¹	h a ¹	h a ¹	h a ¹
310	t e ¹	t e ¹	t e ¹	t e ¹	t e ¹	t e ¹	t e ¹	t e ¹	t e ¹	t e ¹	t e ¹		t e ¹	t e ¹	t e ¹	t e ¹
9751		p e k ¹	p j aː k ¹		p j aː k ¹	p j aː k ¹	p e k ¹	p j aː k ¹	p j aː k ¹	p j aː k ¹		p j aː k ¹	p e k ¹	p i k ¹	p e k ¹	p j aː k ¹
10331	f j e ¹													f j e ¹	f j a ¹	
451	f a n ¹	p a n ¹	f a n ¹	f a n ¹	f a n ¹	v a n ¹		f a n ¹	f a n ¹	f a n ¹	v a n ¹	v a n ¹	p a n ¹	f a n ¹	f a n ¹	f a n ¹
2180	h a m ¹	h a m ¹	h a m ¹	h a m ¹	h a m ¹	h a m ¹	h a m ¹	h a m ¹	h a m ¹	h a m ¹	h a m ¹	h a m ¹	h a m ¹	h a m ¹	h a m ¹	h a m ¹
1956					ˀȵ aː m ¹	ˀȵ aː m ¹				ˀȵ aː m ¹	ˀȵ aː m ¹	ˀȵ aː m ¹			ˀȵ aː m ¹	ˀȵ aː m ¹
2447		p ui ¹											p ui ¹			
4726	h j e n ¹	h i n ¹	h j e n ¹	h i n ¹	ɕ e n ¹	ɕ e n ¹	h j e n ¹	h j e n ¹	h j e n ¹	ɕ e n ¹	ɕ e n ¹	ɕ eː n ¹	h i n ¹	ɕ i n ¹	ɕ j a n ¹	ɕ e n ¹
5001		p aːu ¹											p j a ¹			
9427		s o ŋ ¹											s o ŋ ¹			
8207	s j e ŋ ¹		ɕ aː ŋ ¹	ɕ i ŋ ¹	s j aː ŋ ¹	s j aː ŋ ¹	ɕ j ə ŋ ¹	s j aː ŋ ¹		s j aː ŋ ¹					s j a ŋ ¹	s j aː ŋ ¹
1018									ⁿb u ¹			ˀb i ¹				
9835		qʰ ai ¹											qʰ ai ¹			
5858	ˀn j e ¹	n j a ¹	ˀn j a ¹		ˀn j a ¹	ˀn j a ¹	n j a ¹	n a ¹	n j a ¹	ˀn j a ¹	ˀn j a ¹	ˀn j a ¹	n j a ¹	ˀn j e ¹	ˀn j a ¹	ˀn j a ¹
4606	n aː n ¹	n aː n ¹	n aː n ¹	n aː n ¹	n aː n ¹	n aː n ¹	n aː n ¹	n aː n ¹	n aː n ¹	n aː n ¹	n aː n ¹	n aː n ¹	n aː n ¹	n aː n ¹	n aː n ¹	n aː n ¹
10509								kʰ aːi ¹	kʰ aːi ¹		kʰ aːi ¹	kʰ aːi ¹				
10450					k u ŋ ¹							k u ŋ ¹				
8986				pʰ j ai ¹			pʰ j ai ¹	pʰ ai ¹	pʰ ai ¹							
7365	n aːi ¹	n aːi ¹	n aːi ¹	n aːi ¹	n aːi ¹	n aːi ¹	n aːi ¹	n aːi ¹	n aːi ¹	n aːi ¹	n aːi ¹	n aːi ¹	n aːi ¹	n aːi ¹	n aːi ¹	n aːi ¹
9805	l u p ¹		l u p ¹						l u p ¹							
5486		pʰ u ¹		pʰ u ¹				pʰ u ¹	pʰ u ¹				pʰ u ¹			
1954	ʔ j a m ¹	j aː m ¹											j aː m ¹	ʔ j a m ¹		
1646	z ui ¹	z ui ¹	z ui ¹		z ui ¹		z ui ¹	z ui ¹	z ui ¹	z ui ¹	z ui ¹	z ui ¹	z ui ¹	z ui ¹	z ui ¹	z ui ¹
3791	h j e ŋ ¹	h i ŋ ¹	h j e ŋ ¹	h j ə ŋ ¹			h j ə ŋ ¹	h j e ŋ ¹	h j e ŋ ¹	ɕ e ŋ ¹			h i ŋ ¹	ɕ j ə ŋ ¹	ɕ j a ŋ ¹	ɕ ɪ ŋ ¹
5944	h aː ŋ ¹	h aː ŋ ¹	h aː ŋ ¹		h aː ŋ ¹	h aː ŋ ¹	h aː ŋ ¹	h aː ŋ ¹	h aː ŋ ¹	h aː ŋ ¹	h aː ŋ ¹	h aː ŋ ¹	h aː ŋ ¹	h aː ŋ ¹	h aː ŋ ¹	h aː ŋ ¹
3448		q a ¹			q a ¹	q a ¹					q a ¹	q a ¹				
67		ŋ a m ¹	ŋ a m ¹	ŋ a m ¹		ŋ a m ¹		ŋ a m ¹	ŋ a m ¹	ŋ a m ¹			ŋ a m ¹	ŋ a m ¹		ŋ a m ¹
10465	ˀb aː n ¹	m aː n ¹	ⁿb aː n ¹	v aː n ¹	ˀb aː n ¹	ˀb aː n ¹	ⁿb aː n ¹	ⁿb aː n ¹	ⁿb aː n ¹	ˀb aː n ¹	ˀb aː n ¹	ˀb aː n ¹	m aː n ¹	ˀm aː n ¹	ˀb aː n ¹	ˀb aː n ¹
6310	ⁿd j ə n ¹				ⁿd i ŋ ¹	ⁿd j ə ŋ ¹					ⁿd j ə ŋ ¹	ⁿd i ŋ ¹				ⁿd j ə n ¹
6122	j j u ¹		j j u ¹		j j u ¹	j j u ¹		j j u ¹	j j u ¹	j j u ¹	j j u ¹	j j u ¹		j j u ¹		j j u ¹
748	ˀn a m ¹	n a m ¹	ˀn a m ¹	n a m ¹	q a m ¹	ˀn a m ¹	n a m ¹	n a m ¹	n a m ¹	ˀn a m ¹	q a m ¹	q a m ¹	n a m ¹	ˀn a m ¹	ˀn a m ¹	ˀn a m ¹
9053	ɣ u t ¹	ɣ u t ¹	ɣ uː t ¹	ɣ w ə t ¹	v u t ¹	v u t ¹	h w ə t ¹	ɣ u t ¹	ɣ u t ¹	kʰ u t ¹	ɣ u t ¹	v u t ¹	ɣ u t ¹	ɣ u t ¹	h uː t ¹	ɣ uː t ¹
9114	l i ¹		l i ¹	l i ¹			l i ¹									l i ¹
2941		m ai ¹											m ai ¹			
1299	z i m ¹	ȶ i m ¹	ɕ i m ¹		s i m ¹	s i m ¹		ɕ i m ¹	ɕ i m ¹	s i m ¹	s i m ¹	s i m ¹	ȶ i m ¹	ts i m ¹	z i m ¹	s i m ¹
4552	p a ¹	p a ¹	p a ¹	p a ¹	p a ¹	p a ¹	p a ¹	p a ¹	p a ¹	p a ¹	p a ¹	p a ¹	p a ¹	p a ¹	p a ¹	p a ¹
9934	k a ¹	k a ¹	k a ¹	k a ¹	k a ¹	k a ¹	k a ¹	k a ¹	k a ¹	k a ¹	k a ¹	k a ¹	k a ¹	k a ¹	k a ¹	k a ¹
4640	t a ¹	t a ¹	t a ¹	t a ¹	t a ¹	t a ¹	t a ¹	t a ¹	t a ¹	t a ¹	t a ¹	t a ¹	t a ¹	t a ¹	t a ¹	t a ¹
6434	l j o k ¹	l j o k ¹	l j o k ¹	l j o k ¹	l j o k ¹	l j o k ¹	l j o k ¹	l j o k ¹	l j o k ¹	l j o k ¹	l j o k ¹	l j o k ¹	l j o k ¹	l j o k ¹	l j o k ¹	l j o k ¹
7191	l j ə n ¹	l j ə n ¹	l j a n ¹						l j a n ¹	l j e n ¹			l j ə n ¹	l j ə n ¹	l j a n ¹	l j a n ¹
8449		k ə ¹													q ə ¹	
9355	l j u m ¹	l j u m ¹	l j u m ¹	l j u m ¹				l j u m ¹	l j u m ¹		l j u m ¹		l j u m ¹		l j u m ¹	
10507						s j aː ŋ ¹				s j aː ŋ ¹		s i ŋ ¹				
2516	s j aːu ¹	s j eu ¹	ɕ eːu ¹	ɕ j u ¹	s j eu ¹	s j eu ¹	ɕ j əu ¹	s j eu ¹	ɕ eu ¹	s j eu ¹	s j eu ¹	s j eu ¹	s j eu ¹	s j eu ¹	s j au ¹	s j eu ¹
513				v a ¹				v a ¹								
1853				l j e ¹			l j a ¹								l j a ¹	
5808					ⁿd au ¹	ˀd au ¹					ˀd au ¹	ˀd au ¹				
5568		kʰ a ¹			kʰ a ¹							kʰ a ¹				
8281					ˀd a ¹			ȶ a ¹	ȶ a ¹		t a ¹	ˀd a ¹		ȶ a ¹	ȶ a ¹	ȶ a ¹
7465	h a k ¹					h a k ¹		h a k ¹			h a k ¹	h a k ¹				
8904	m a ŋ ¹	m a ŋ ¹	m a ŋ ¹		m a ŋ ¹	m a ŋ ¹		m a ŋ ¹	m a ŋ ¹	m a ŋ ¹	m a ŋ ¹	m a ŋ ¹	m a ŋ ¹	m a ŋ ¹	m a ŋ ¹	m a ŋ ¹
2412	ˀd i ¹		ⁿd i ¹	ⁿd i ¹			ⁿd i ¹	ⁿd i ¹	ⁿd i ¹	ˀd i ¹				ˀd i ¹	ˀd i ¹	ˀd i ¹
108													t u ŋ ¹	t u ŋ ¹		
9545	h i p ¹	h i p ¹	h i p ¹		ɕ ɪ p ¹	ɕ i p ¹		h i p ¹	h i p ¹	ɕ i p ¹	h i p ¹	ɕ i p ¹	h i p ¹	ɕ i p ¹	h i p ¹	ɕ i p ¹
9806	t i n ¹	t i n ¹		t i n ¹			t i n ¹	t i n ¹	t i n ¹		t i n ¹		t i n ¹		t i n ¹	t i n ¹
6022				l i ¹			l i ¹									
8362	t ə t ¹	t ə t ¹	t ə t ¹	t ə t ¹	t ə t ¹	t ə t ¹	t ə t ¹	t ə t ¹	t ə t ¹	t ə t ¹	t ə t ¹	t ə t ¹	t ə t ¹	t ə t ¹	t ə t ¹	t ə t ¹
4039	m i t ¹	m i t ¹	m i t ¹		m i t ¹	m i t ¹	m i t ¹			m i t ¹	m i t ¹	m i t ¹	m i t ¹	m i t ¹	m i t ¹	m i t ¹
9131	h aː k ¹	h aː k ¹	h aː k ¹		f u k ¹	h u k ¹	h aː k ¹	h aː k ¹	h aː k ¹	h aː k ¹	h u k ¹	h u k ¹	h aː k ¹	h aː k ¹	h aː k ¹	h aː k ¹
6277		l j u p ¹	ⁿd j u p ¹		ˀd j u p ¹	ˀd j u p ¹		ⁿd j u p ¹	ⁿd j u p ¹		ˀd j ə p ¹		l j ʊ p ¹		ˀd j u p ¹	
9267	l w ə ¹	l a ¹	l w a ¹	l w ə ¹	l a ¹	l a ¹	l w ə ¹	l a ¹	l w a ¹	l w a ¹	l a ¹	l a ¹	l a ¹	l o ¹	l w a ¹	l w a ¹
10056										f aːi ¹				f aːi ¹		
9953					ˀd j o ¹						ˀd j o ¹	ˀd j o ¹				
6420					ˀb j aː ŋ ¹	ˀb j aː ŋ ¹					ˀb j aː ŋ ¹	ˀm j e ŋ ¹	m aː ŋ ¹			
10734	u ¹		u ¹												u ¹	
7870					ts e k ¹							ts e k ¹				
5877		l au ¹											l au ¹			
3293	ŋ w aː ŋ ¹	ŋ w aː ŋ ¹	ŋ w aː ŋ ¹	n j a n ¹	ŋ w aː ŋ ¹	ŋ w aː ŋ ¹				ŋ w aː ŋ ¹	ŋ w aː ŋ ¹	ŋ w aː ŋ ¹	ŋ w aː ŋ ¹	ŋ w a ŋ ¹	ŋ w aː ŋ ¹	ŋ w aː ŋ ¹
10619	ɕ ai ¹	ɕ ai ¹			ɕ ai ¹	ɕ ai ¹				ɕ ai ¹	ɕ ai ¹	ɕ ai ¹	ɕ ai ¹	ɕ əi ¹	ɕ ai ¹	ɕ ai ¹
11133			q a ¹	q o ¹		k o ¹	k o ¹	q a ¹	q a ¹			ɣ o ¹	q ə ¹			
2340	ȶ e ¹			ȶ e ¹										ȶ e ¹	ȶ e ¹	
203	ˀm ai ¹	m i ¹	ˀm ai ¹	m ai ¹	ˀm ai ¹	ˀm ai ¹	m ai ¹	m ai ¹	m ai ¹	ˀm ai ¹	ˀm ai ¹	ˀm ai ¹	m i ¹	ˀm əi ¹	ˀm ai ¹	ˀm ai ¹
4497	ʔ ẽ ¹	ʔ ẽ ¹	ʔ ẽ ¹	ʔ ẽ ¹		ʔ e ¹		ʔ ẽ ¹	ʔ ẽ ¹	ʔ ẽ ¹	ʔ ẽ ¹			ʔ ẽ ¹	ʔ ẽ ¹	ʔ ẽ ¹
6714	h u m ¹	h u m ¹	h u m ¹	h u m ¹	x u m ¹	h u m ¹	h u m ¹	h u m ¹	h u m ¹	h u m ¹	h u m ¹	h ə m ¹	h u m ¹	h u m ¹	h u m ¹	h u m ¹
4880	ˀb o ŋ ¹				ˀb o ŋ ¹	ˀb o ŋ ¹		ⁿb o ŋ ¹	ⁿb o ŋ ¹	ˀb o ŋ ¹	ˀb o ŋ ¹	ˀb u ŋ ¹		ⁿb o ŋ ¹	ˀb o ŋ ¹	ˀb o ŋ ¹
5485	m̥ u ¹		m̥ u ¹			m̥ u ¹				m̥ u ¹	m̥ u ¹	m̥ u ¹		m̥ u ¹	m̥ u ¹	m̥ u ¹
3823	ʁ aːu ¹		ʁ aːu ¹					ʁ aːu ¹	ʁ aːu ¹	ʁ aːu ¹	ʁ aːu ¹			ʁ aːu ¹	ʁ aːu ¹	ʁ aːu ¹
5654	m j e n ¹	m i n ¹	m j e n ¹	m i n ¹	m j e n ¹	m j e n ¹	ⁿb j e n ¹	m j e n ¹	m j e n ¹	m j e n ¹	m j e n ¹	m j eː n ¹	m i n ¹	m i n ¹	m j a n ¹	m j e n ¹
5189					k a m ¹	k a m ¹										k a m ¹
8799	ɣ o ¹	ɣ o ¹	ɣ o ¹	ɣ o ¹	ɣ o ¹	ɣ o ¹	ɣ o ¹	ɣ o ¹	ɣ o ¹	ɣ o ¹	ɣ o ¹	ɣ o ¹	ɣ o ¹	ɣ o ¹		ɣ o ¹
10716	p aː k ¹	p a k ¹	p aː k ¹		p aː k ¹	p aː k ¹		p aː k ¹	p aː k ¹	p aː k ¹	p aː k ¹	p aː k ¹	p aː k ¹	p aː k ¹	p aː k ¹	p aː k ¹
2623										t o ŋ ¹	t o ŋ ¹	t o ŋ ¹			t o ŋ ¹	
3696	ⁿd u ¹		ⁿd u ¹	ⁿd u ¹	t u ¹	t u ¹	ⁿd u ¹	ⁿd u ¹	ⁿd u ¹	ⁿd u ¹	t u ¹	ⁿd u ¹		ⁿd u ¹	ⁿd u ¹	ⁿd u ¹
10002	pʰ j aːu ¹	pʰ j aːu ¹	pʰ j aːu ¹	pʰ j aːu ¹	pʰ j aːu ¹	pʰ j aːu ¹	pʰ j aːu ¹	pʰ j aːu ¹	pʰ j aːu ¹	pʰ j aːu ¹	pʰ j aːu ¹	pʰ j aːu ¹	pʰ j aːu ¹	pʰ j aːu ¹	pʰ j aːu ¹	pʰ j aːu ¹
816	ʔ u ¹	ʔ u ¹	ʔ u ¹	ʔ u ¹	ʔ u ¹	ʔ u ¹				ʔ u ¹		ʔ u ¹	ʔ u ¹			ʔ u ¹
9234			h aː ŋ ¹	h aː ŋ ¹	h aː ŋ ¹	h aː ŋ ¹	h aː ŋ ¹	h aː ŋ ¹	h aː ŋ ¹		h aː ŋ ¹	h aː ŋ ¹				
470	t u ŋ ¹	t u ŋ ¹						t u ŋ ¹			t u ŋ ¹				t u ŋ ¹	t u ŋ ¹
7486	j eu ¹		j eːu ¹	j j u ¹					j j u ¹	j j u ¹				j j u ¹		j j eu ¹
8582	m j e ¹	m j a ¹	ⁿb j a ¹	m j e ¹	ⁿb j a ¹	ⁿb j a ¹	m j a ¹	ⁿb j a ¹	ⁿb j a ¹	ⁿb j a ¹	ⁿb j a ¹	ⁿb j a ¹	m j a ¹	m j e ¹	m j a ¹	ⁿb j a ¹
4586	ts u ¹	ȶ u ¹	ts u ¹	ts u ¹	ts j u ¹	ts u ¹	ȶ u ¹	ts u ¹	ts u ¹	ts u ¹	ȶ u ¹	ts u ¹	ȶ u ¹	ts u ¹	ts u ¹	ts u ¹
7401	h aː m ¹	h aː m ¹	h aː m ¹	h aː m ¹	h aː m ¹	h aː m ¹	h aː m ¹	h aː m ¹	h aː m ¹	h aː m ¹	h aː m ¹	h aː m ¹	h aː m ¹	h aː m ¹	h aː m ¹	h aː m ¹
7750	l o t ¹	l o t ¹											l o t ¹	l u t ¹		l w aː t ¹
2688	k o n ¹	q u n ¹	k o n ¹	k w ə n ¹	k o n ¹	k o n ¹	k w ə ¹	k o n ¹	k o n ¹	k o n ¹	k o n ¹	k o n ¹	q u n ¹	k u n ¹	k w a n ¹	k o n ¹
10738								pʰ u ¹	pʰ u ¹							
11130	m a n ¹		m a n ¹	m a n ¹	m a n ¹	m a n ¹	m a n ¹	m a n ¹	m a n ¹	m a n ¹	m a n ¹	m a n ¹		m a n ¹	m a n ¹	m a n ¹
7046	ɕ a ŋ ¹	h a ŋ ¹	h j a ŋ ¹	h j a ŋ ¹	ɕ a ŋ ¹	ɕ a ŋ ¹	h j a ŋ ¹	h j a ŋ ¹	h j a ŋ ¹	ɕ a ŋ ¹	ɕ a ŋ ¹	ɕ a ŋ ¹	h a ŋ ¹	ɕ a ŋ ¹	ɕ a ŋ ¹	ɕ a ŋ ¹
4356	l w ə ¹			l w ə ¹											l w a ¹	
5101				ȵ a m ¹			ȵ a m ¹									
9704		f aːi ¹		f aːi ¹									f aːi ¹			
7538					ˀȵ i ¹	ˀȵ i ¹					ˀȵ i ¹					ˀȵ i ¹
5100		t j aː n ¹											t j aː n ¹			
9807		q o p ¹			q o p ¹	q o p ¹	q o p ¹			q o p ¹		q o p ¹	q o p ¹	q o p ¹	q o p ¹	q o p ¹
3984	f a ŋ ¹			f a ŋ ¹			h w a ŋ ¹					v a ŋ ¹		f a ŋ ¹	f a ŋ ¹	
2907	t a ¹	t a ¹								t a ¹				t a ¹	t a ¹	
9383					ts u t ¹	ts u t ¹					ts u t ¹					
5893	kʰ u n ¹	qʰ u n ¹	kʰ w ə n ¹	kʰ u n ¹	kʰ u n ¹	kʰ w ə n ¹	kʰ w ə n ¹	kʰ u n ¹	kʰ w ə n ¹	kʰ w ə n ¹	kʰ w ə n ¹	kʰ w ə n ¹	kʰ u n ¹	qʰ u n ¹	kʰ w ə n ¹	kʰ u n ¹
10952	m̥ aː n ¹		m̥ aː n ¹							m̥ aː n ¹				m̥ aː n ¹	m̥ aː n ¹	m̥ aː n ¹
5637	qʰ aː t ¹	qʰ aː t ¹	qʰ aː t ¹	kʰ a ¹	qʰ aː t ¹	qʰ aː t ¹	qʰ aː t ¹	qʰ aː t ¹	qʰ aː t ¹	qʰ aː t ¹	qʰ aː t ¹	qʰ aː t ¹	qʰ aː t ¹	qʰ aː t ¹	qʰ aː t ¹	qʰ aː t ¹
8399			s a ¹	s a ¹	s a ¹	s a ¹	s a ¹	s a ¹	s a ¹	s a ¹	s a ¹	s a ¹		s a ¹	s a ¹	s a ¹
5807	ʔ au ¹	ʔ au ¹	ʔ au ¹	ʔ au ¹			ʔ au ¹	ʔ au ¹	ʔ au ¹	ʔ au ¹			ʔ au ¹	ʔ au ¹	ʔ au ¹	ʔ au ¹
10545				t j ui ¹	ˀd u ¹	ˀd u ¹	t j ui ¹				ˀd u ¹	ˀd u ¹				
3015	t i k ¹	t i k ¹	t i k ¹		t i k ¹	t i k ¹	t i k ¹	t i k ¹	t i k ¹	t i k ¹	t i k ¹	t i k ¹	t i k ¹	t i k ¹	t i k ¹	t i k ¹
3228	q o ŋ ¹	q o ŋ ¹	q o ŋ ¹	q o ŋ ¹	q o ŋ ¹	q o ŋ ¹	q o ŋ ¹	q o ŋ ¹	q o ŋ ¹	q o ŋ ¹	q o ŋ ¹	q o ŋ ¹	q o ŋ ¹	q o ŋ ¹	q o ŋ ¹	q o ŋ ¹
10055					ⁿb j a ¹	ⁿb j a ¹					ⁿb j a ¹					
3128			f j a ¹		f a ¹	f j a ¹					f j a ¹	f a ¹				
5739	l aː k ¹	l aː k ¹	l aː k ¹	l a ¹	ˀd aː k ¹	ˀd aː k ¹	l aː k ¹	l aː k ¹	l aː k ¹	l aː k ¹	ˀd aː k ¹	ˀd aː k ¹	l aː k ¹	l aː k ¹	l ə ¹	l aː k ¹
2770	ŋ o ¹	ŋ o ¹	ŋ o ¹	ŋ o ¹	ŋ o ¹	ŋ o ¹	ŋ o ¹	ŋ o ¹	ŋ o ¹	ŋ o ¹	ŋ o ¹	ŋ o ¹	ŋ o ¹	ŋ o ¹	ŋ o ¹	ŋ o ¹
4396		n̥ a ¹	n̥ a ¹							n̥ a ¹	n̥ a ¹	n̥ a ¹	n̥ a ¹	n̥ a ¹	n̥ a ¹	n̥ a ¹
10570	k ui ¹	q ui ¹	k ui ¹	k ui ¹	k ui ¹	k ui ¹	k ui ¹	k ui ¹	k ui ¹	k ui ¹		k ui ¹	q ui ¹	q ui ¹	k ui ¹	k ui ¹
7621					t u m ¹	t u m ¹		ⁿd u m ¹	ⁿd u m ¹	ⁿd u m ¹	t u m ¹	t ə m ¹			ⁿd u m ¹	
6469		ɣ u m ¹		ɣ u m ¹	ˀɣ u m ¹	ʔ u m ¹	ɣ u m ¹	ɣ u m ¹	ɣ u m ¹	ˀɣ u m ¹	ʔ u m ¹	ˀɣ ə m ¹	ɣ u m ¹	ˀɣ u m ¹	ˀɣ u m ¹	
7936	ⁿd a m ¹	t a m ¹	ⁿd a m ¹	ⁿd u m ¹	ⁿd a m ¹	ⁿd a m ¹		ⁿd a m ¹	ⁿd a m ¹	ⁿd a m ¹	ⁿd a m ¹		ⁿd a m ¹		ⁿd a m ¹	ⁿd a m ¹
5003							l o ŋ ¹						l u ŋ ¹			
22	d aːu ¹	t aːu ¹	d aːu ¹	t au ¹	t aːu ¹	t aːu ¹	d aːu ¹	ⁿd aːu ¹	ⁿd aːu ¹	d aːu ¹	t au ¹	ⁿd aːu ¹	d aːu ¹	d aːu ¹	d aːu ¹	d aːu ¹
1996	p o n ¹	p o n ¹								pʰ o n ¹			pʰ o n ¹	p o n ¹	pʰ w a n ¹	pʰ o n ¹
3447	ˀd a ¹		ⁿd a ¹	ⁿd a ¹			ⁿd a ¹	ⁿd a ¹	ⁿd a ¹	ˀd a ¹				ˀd a ¹	ˀd a ¹	ˀd a ¹
6853	t o ¹	t o ¹	t o ¹			t o ¹		t o ¹	t o ¹		t o ¹			t o ¹	t o ¹	t o ¹
9738	s i t ¹		ɕ i t ¹	s ə t ¹	s j i t ¹	s i t ¹	ɕ i k ¹	ɕ i t ¹	s i t ¹		s i t ¹	s i t ¹	s i t ¹			s i t ¹
3953					h ai ¹							h ai ¹				
7118	ɕ a ŋ ¹	h a ŋ ¹	h j a ŋ ¹				h j a ŋ ¹			ɕ a ŋ ¹			h a ŋ ¹	ɕ a ŋ ¹	ɕ a ŋ ¹	ɕ a ŋ ¹
5284		h aːu ¹											h aːu ¹			
5402					m̥ a ¹	m̥ a ¹					m̥ a ¹	m̥ a ¹				
10189	h j e n ¹	h i n ¹	h j e n ¹	h i n ¹	ɕ e n ¹	ɕ e n ¹	h j e n ¹	h j e n ¹	h j e n ¹	ɕ e n ¹	ɕ e n ¹	ɕ eː n ¹	h i n ¹	ɕ i n ¹	ɕ j a n ¹	ɕ e n ¹
5468	z ə n ¹	z ə n ¹	z ə n ¹	z ə n ¹	z ə n ¹	z ə n ¹		z ə n ¹	z ə n ¹	z ə n ¹	z ə n ¹	z ə n ¹	z ə n ¹	z ə n ¹	z ə n ¹	z ə n ¹
6053	ˀn a ŋ ¹	n a ŋ ¹	ˀn a ŋ ¹			ˀn a ŋ ¹	n a ŋ ¹	n a ŋ ¹	n a ŋ ¹	ˀn a ŋ ¹	ˀn a ŋ ¹		n a ŋ ¹	ˀn a ŋ ¹	f aː n ¹	ˀn a ŋ ¹
4411	ts u p ¹	ȶ u p ¹	ts u p ¹		ts j u p ¹	ts j u p ¹		ts u p ¹	ts u p ¹	ts u p ¹	ts j ə p ¹	ts ə p ¹	ȶ ʊ p ¹	ts u p ¹	ts u p ¹	ts u p ¹
5567	h j e ¹		h j a ¹	h j e ¹			h j a ¹	h j a ¹	h j a ¹						ɕ j a ¹	
2890				t i ¹			t i ¹									
7121						ʔ w a ¹						ʔ w a ¹				
1695	kʰ i m ¹	kʰ i m ¹	kʰ i m ¹	kʰ i m ¹	x i m ¹	x i m ¹	h i m ¹	kʰ i m ¹	kʰ i m ¹	kʰ i m ¹	x i m ¹	x i m ¹	h i m ¹	kʰ i m ¹	h i m ¹	kʰ i m ¹
4007	q a m ¹						q a m ¹	q a m ¹	q a m ¹	q a m ¹	q a m ¹			q a m ¹		q a m ¹
4378	ˀɣ aːi ¹	ɣ aːi ¹	ɣ aːi ¹	ɣ aːi ¹	ˀɣ aːi ¹	ˀɣ aːi ¹	ɣ aːi ¹	ɣ aːi ¹	ɣ aːi ¹	ˀɣ aːi ¹	ˀɣ aːi ¹	ˀɣ aːi ¹	ɣ aːi ¹	ˀɣ aːi ¹	ˀɣ aːi ¹	ˀɣ aːi ¹
3934	ˀm aː n ¹	m aː n ¹								ˀm aː n ¹			m aː n ¹	ˀm aː n ¹	ˀm aː n ¹	ˀm aː n ¹
2017		pʰ w a ¹		pʰ w a ¹			pʰ w a ¹	pʰ w a ¹	h w a ¹				pʰ w a ¹			
9887	pʰ j a ¹	pʰ j a ¹	pʰ j a ¹			pʰ j a ¹	pʰ j a ¹	pʰ j a ¹	pʰ j a ¹	pʰ j a ¹			pʰ j a ¹	pʰ j a ¹	pʰ j a ¹	
2822		ȵ u ŋ ¹											ȵ u ŋ ¹			
7991					n̥ i ¹	n̥ i ¹				n̥ i ¹	n̥ i ¹	n̥ i ¹				
8985	n̥ ai ¹		n̥ ai ¹		ŋ̊ ai ¹	ŋ̊ ai ¹				ŋ̊ ai ¹	n̥ ai ¹	ŋ̊ ai ¹	n̥ ai ¹	ŋ̊ əi ¹	n̥ ai ¹	n̥ ai ¹
6451	p i ¹	p ai ¹	p i ¹	p i ¹			p i ¹	p i ¹	p i ¹	p i ¹			p i ¹	p i ¹	p i ¹	p i ¹
4009		kʷ aːu ¹										q a ¹	kʷ aːu ¹			
1715							h j ã ¹	h a ¹								
5335					m o ¹	m o ¹					m o ¹	m o ¹				
6106				t i p ¹			ⁿd i p ¹									
2975	ⁿd aː ŋ ¹	ⁿd aː ŋ ¹	ⁿd aː ŋ ¹	ⁿd aː ŋ ¹	ⁿd aː ŋ ¹	ⁿd aː ŋ ¹	d aː ŋ ¹	ⁿd aː ŋ ¹	ⁿd aː ŋ ¹	ⁿd aː ŋ ¹	ⁿd aː ŋ ¹	ⁿd aː ŋ ¹	ⁿd aː ŋ ¹	ⁿd aː ŋ ¹	ⁿd aː ŋ ¹	ⁿd aː ŋ ¹
9783					p a n ¹			p a n ¹	p a n ¹		p a n ¹					
5569						ȶʰ a ¹					ȶʰ a ¹					
2051	p au ¹	p au ¹	p au ¹	p au ¹				p au ¹	p au ¹	p au ¹			p au ¹	p au ¹	p au ¹	p au ¹
8697	ȶ i t ¹	k i t ¹	ȶ i t ¹	ȶ i t ¹	ȶ i t ¹	ȶ i t ¹	ȶ i t ¹	ȶ i t ¹	ȶ i t ¹	ȶ i t ¹	ȶ i t ¹	ȶ i t ¹	k i t ¹	ȶ i t ¹	ȶ i t ¹	ȶ i t ¹
8260	ts j e ¹		ȶ e ¹	ȶ j e ¹	ts j e ¹	ts j e ¹	ȶ j a ¹	ȶ e ¹	ȶ e ¹	ts j e ¹	ts e ¹	ts j e n ¹		ts j e ¹	ts j a ¹	ts j e ¹
259								l ə t ¹			l ə t ¹					
348							h j ã ¹	h j aː ŋ ¹	h a ¹							
402				h̃ o ¹				h o ¹	h õ ¹							
5207	m a n ¹	m a n ¹	m a n ¹	m a n ¹	m a n ¹	m a n ¹	m a n ¹	m a n ¹	m a n ¹	m a n ¹	m a n ¹	m a n ¹	m a n ¹	m a n ¹	m a n ¹	m a n ¹
1787						m j au ¹					m j au ¹					
4999	ˀd w ə ¹		d w a ¹	t j o ¹	ˀd a ¹	ˀd a ¹		d w a ¹	d w a ¹	ˀd w a ¹	ˀd a ¹	ˀd a ¹		ˀd o ¹	ˀd w a ¹	ˀd w a ¹
3498	k u ¹			k u ¹			k u ¹									
5368	f a ¹	p aː n ¹	f aː n ¹	f aː n ¹	f aː n ¹	v a ¹		f aː n ¹	f aː n ¹	f aː n ¹	v a ¹	v a ¹	p aː n ¹	f a ¹	f aː n ¹	f a ¹
5300	ˀb j e n ¹	m j aː n ¹	ⁿb j aː n ¹		ˀb j aː n ¹	ˀb j aː n ¹	ⁿb j e n ¹	ⁿb j aː n ¹	ⁿb j aː n ¹	ˀb j aː n ¹	ˀb j aː n ¹	ˀb j aː n ¹	m j aː n ¹	ˀm j aː n ¹	ˀb j a n ¹	ˀb j aː n ¹
1433	ʔ j e ¹	j a ¹	ʔ j a ¹	j j e ¹	ʔ j a ¹	ʔ j a ¹	j j a ¹	j a ¹	ʔ j a ¹	ʔ j a ¹	ʔ j a ¹	ʔ j a ¹	j a ¹	ʔ j e ¹	ʔ j a ¹	ʔ j a ¹
3318		f u ¹											f u ¹			
6071				kʰ i n ¹			kʰ i n ¹				kʰ i n ¹					
8007				pʰ j u ¹			pʰ j o ŋ ¹	pʰ j u ŋ ¹	pʰ j o ŋ ¹		l j o ŋ ¹					
68					q a ¹							q a ¹				
9366				h a ¹								h au ¹				
3663					q aːu ¹	q aːu ¹					q aːu ¹	q aːu ¹				
227				ɕ i ¹			ɕ i ¹									
861	l aː k ¹	l aː k ¹	l aː k ¹	l aː k ¹	ˀd aː k ¹	ˀd aː k ¹	l aː k ¹	l aː k ¹	l aː k ¹	l aː k ¹	ˀd aː k ¹	ˀd aː k ¹	l aː k ¹	l aː k ¹	l aː k ¹	l aː k ¹
9598	t j a k ¹	t a k ¹	t a k ¹	t j a k ¹	t a k ¹	t a k ¹	t j a k ¹	t a k ¹	t a k ¹	t a k ¹	t a k ¹	t a k ¹	t a k ¹	t j a k ¹	t j a k ¹	t a k ¹
120	m j u ¹	m j u ¹	m j u ¹	m j u ¹		ˀm j u ¹	m j u ¹	m j u ¹	m j u ¹	m j u ¹	ˀm j u ¹	ˀm j u ¹	m j u ¹	m j u ¹	m j u ¹	m j u ¹
3245	j a ¹	j a ¹	j a ¹	j a ¹	j a ¹	j a ¹	j a ¹	j a ¹	j a ¹	j a ¹	j a ¹	j a ¹	j a ¹	j a ¹	j a ¹	j a ¹
7650	ȶ e t ¹	ȶ eː t ¹	ȶ e t ¹			ȶ e t ¹	ȶ e t ¹	ȶ e t ¹	ȶ e t ¹	ȶ e t ¹	ȶ e t ¹	ȶ e t ¹	ȶ i t ¹	ȶ ə t ¹	ȶ j a t ¹	ȶ e t ¹
11069	l i n ¹		l i n ¹		l i n ¹				l i n ¹		l i n ¹	l i n ¹	l i n ¹	l i n ¹		
7602	ʔ aː p ¹	ʔ aː p ¹	ʔ aː p ¹	ʔ aː p ¹	ʔ aː p ¹	ʔ aː p ¹	ʔ aː k ¹	ʔ aː p ¹	ʔ aː p ¹	ʔ aː p ¹	ʔ aː p ¹	ʔ aː p ¹	ʔ aː p ¹	ʔ aː p ¹	ʔ aː p ¹	ʔ aː p ¹
7972		v e n ¹			ˀb j e n ¹						ˀb e n ¹		v e n ¹			
8952		m a ŋ ¹											m a ŋ ¹			
9340			ɕ aː ŋ ¹		s au ¹			s au ¹	s au ¹		s au ¹					
