COGID	Dashi	Ega	Enqi	Gongxing	Jinman	Jinxing	Mazhelong	ProtoBai	Tuoluo	Zhoucheng
32-1	m ə˞ ⁴⁴									
53-1	ʈʂ i ²¹									
93-1	k ɯ ²¹									
216-1	s w a ⁴⁴									
236-1	ts o ŋ									
267-1	tɕ i ³¹									
316-1	p u ³³									
327-1	ɣ ɯ ³³									
348-1	ʈʂ o ⁴⁴									
400-1	ts u ²¹									
452-1	k ə˞ ⁴⁴									
463-1	kʰ a ⁴⁴									
512-1	t u ⁴²									
534-1	ts ou ⁴⁴									
556-1	kʰ u ³³									
568-1	x ɯ ⁴⁴									
588-1	s w a ⁴⁴									
599-1	pʰ ɯ ⁵⁵									
656-1	k o ²¹									
678-1	k o ²¹									
689-1	m ə˞ ⁴²									
700-1	m e ³¹									
775-1	p e e									
786-1	k e ³⁵									
820-1	ʈʂ o ⁴²									
839-1	t ɯ ²¹									
863-1	kʰ w ³³									
896-1	k ə̃˞ ⁵⁵									
929-1	ʈʂ ɯ ²¹									
1015-1	ʂ o ³⁵									
1035-1	ʈʂ o ³³									
1107-1	m ə˞ ⁴⁴									
1173-1	s i ³³									
1195-1	s i ³³									
1241-1	m e ²¹									
1252-1	m o ŋ									
1294-1	k ã ³⁵									
1326-1	ʈʂ u ³³									
1348-1	tɕ i ²¹									
1401-1	s e n ⁴²									
1451-1	s i ³³									
1473-1	t w e ³³									
1507-1	tɕʰ i ³⁵									
1532-1	k ɯ ³⁵									
1543-1	s i ³³									
1575-1	ɕ i e ³⁵									
1618-1	p ɯ ²¹									
1640-1	k ou ⁴⁴									
1671-1	ɕ i ⁴⁴									
1731-1	ɕ o ŋ ³⁵									
1762-1	sʰ w a ⁴²									
1773-1	t ɯ ⁴⁴									
1794-1	k o ŋ									
1805-1	tɕ i ³¹									
1816-1	s o ³³									
1862-1	ts i ³⁵									
1885-1	kʰ ə˞ ⁴⁴									
1914-1	s i ³³									
1936-1	p u ³³									
1969-1	ɕ i n ³⁵									
2018-1	ts o ŋ									
2029-1	k ã ³⁵									
2051-1	ʈʂ o ²¹									
2074-1	k o ⁴⁴									
2085-1	m ə˞ ³³									
2130-1	p ə˞ ⁴⁴									
2245-1	ʈʂʰ ou ⁴²									
2269-1	m e ³³									
2280-1	s u ⁴²									
2291-1	s e n ⁴²									
2316-1	tɕ i ⁴⁴									
2364-1	ʈʂ i ³³									
2395-1	ʈʂʰ ə˞ ³⁵ ³⁵									
2406-1	tɕʰ j ə̃˞ ⁵⁵									
2417-1	k o ⁴²									
2428-1	k a ³⁵									
2450-1	ʈʂ o ŋ									
2484-1	ɕ i ⁴⁴									
2495-1	k o ²¹									
2565-1	t i ³⁵									
2611-1	j ou ⁴⁴									
2632-1	w a ⁴⁴ ⁴⁴									
2644-1	w a ⁴⁴									
2674-1	m õ ³³									
2698-1	ʂ o ³³									
2709-1	n e ²¹									
2720-1	ʈʂ o ⁴²									
2772-1	k ə˞ ⁴⁴									
2791-1	tɕ j ə̃˞									
2837-1	ʈʂ i ³⁵									
2859-1	ɕ i e ³⁵									
2889-1	tɕ i ³³									
2900-1	k u ³³									
2928-1	tsʰ o ŋ									
2941-1	kʰ ɯ ³⁵									
2998-1	ʈʂ i ³³									
3031-1	tʰ u ³³									
3052-1	t ɯ ⁴²									
3064-1	t u ²¹									
3084-1	tʰ a ⁴⁴									
3117-1	ʈʂ i ⁴²									
3128-1	k ə˞ ⁴²									
3150-1	t e ⁴²									
3161-1	ʈʂ i ³³									
3172-1	ʈʂ i ³³									
3263-1	j a ⁴⁴									
3274-1	k ə˞ ⁴²									
3308-1	kʰ e ⁵⁵									
3340-1	ʈʂ ou ⁴⁴									
3362-1	ʈʂ i ³⁵									
3409-1	m i ³³									
3454-1	k o ŋ									
3493-1	s ou ⁴⁴									
3536-1	ɕ o ³⁵ ⁵⁵									
3548-1	f o ⁴²									
3645-1	ʂ u ³⁵									
3678-1	tɕʰ i ⁴⁴									
3757-1	l u ²¹									
3779-1	k o ⁴²									
3813-1	x e n ³⁵									
3835-1	ɕ e ⁵⁵									
3855-1	p ə˞ ²¹									
3885-1	sʰ w e ⁴⁴									
3907-1	pʰ ə˞ ³⁵									
3942-1	ts i ³³									
3953-1	ʈʂʰ ə˞ ə̃˞ ³⁵									
4023-1	ɕ j ə̃˞ ⁵⁵									
4034-1	ʈʂ ɯ ³³									
4143-1	ʈʂʰ ou ⁴²									
4185-1	m õ ⁴⁴									
4227-1	tɕʰ i ³⁵									
4238-1	ʈʂ ou ²¹									
4249-1	k ã ³⁵									
4271-1	ʈʂ i ⁴²									
4304-1	ʈʂ o ⁴²									
4315-1	t o ŋ									
4336-1	t i ⁴²									
4400-1	s a ³⁵									
4411-1	x e ⁵⁵ ³⁵									
4441-1	l u ²¹									
4557-1	kʰ o ³⁵									
4591-1	j o ŋ ³³									
4602-1	ɣ ɯ ²¹									
4687-1	x e ⁵⁵ ³⁵									
4720-1	k ə˞ ⁵⁵									
4731-1	t i ⁴²									
4763-1	ʈʂ ɯ ²¹									
4918-1	tɕʰ i ³¹									
4976-1	t ɯ ³³									
4998-1	ɕ ɥ i ³³									
5037-1	t ɯ ⁴²									
5048-1	ʈʂ i ³³									
5100-1	m õ ²¹									
5111-1	p ə˞ ⁴²									
5122-1	kʰ w a ⁴⁴									
5163-1	tɕ i ³⁵									
5192-1	ʈʂ o ²¹									
5225-1	n u ³¹									
5236-1	tʰ i ³³									
247-1	p u ²¹									
289-1	s i ⁴⁴									
338-1	k w e ⁴⁴									
378-1	ʈʂ ɯ ²¹									
621-1	k w a ⁴⁴									
632-1	n o ³³									
645-1	p a ⁴²									
742-1	k ə˞ ⁴⁴									
752-1	ŋ ɯ ²¹									
763-1	ʈʂʰ o ŋ ³⁵									
809-1	p u ⁴⁴									
853-1	kʰ o ŋ									
916-1	ʈʂ o ŋ ³⁵									
960-1	m e ³⁵									
1001-1	k ɯ ³⁵									
1074-1	x u ³⁵									
1130-1	pʰ ə˞ ⁴⁴									
1184-1	s i ³⁵									
1230-1	kʰ w ã ŋ									
1263-1	m ə̃ ⁰									
1423-1	kʰ o ŋ									
1433-1	m ə̃ ²¹									
1462-1	w e n ³³									
1629-1	f ʯ ³⁵									
1682-1	ɕ o ŋ ³⁵									
1706-1	tɕ j a ⁴²									
1925-1	tɕ i ³³									
1991-1	ʈʂ o ŋ									
2040-1	p o ³³									
2107-1	x u ⁴²									
2118-1	p u ³³									
32-2		m a ⁴⁴								
53-2		ts ɛ ²¹								
93-2		k ɯ ²¹								
216-2		s w a ⁴⁴								
236-2		ts o ²²								
267-2		ts i ⁴² ⁴²								
316-2		p ɯ ²²								
327-2		ɣ ɯ ²²								
348-2		tɕ u ⁴⁴								
400-2		x o ²¹								
452-2		q a ⁴⁴								
463-2		qʰ o ⁴⁴								
512-2		t o ⁴²								
534-2		tɕ u ⁴⁴								
556-2		qʰ u ²²								
568-2		x ɯ ⁴⁴								
588-2		s w a ⁴⁴								
599-2		pʰ ɯ ⁵⁵								
656-2		k u ²¹								
678-2		k u ²¹								
689-2		m a ⁴²								
700-2		m i ⁴²								
775-2		p i i ⁴²								
786-2		q i ⁵⁵								
820-2		tɕ u ⁴²								
839-2		t i ²¹								
863-2		qʰ o ²²								
896-2		q a ⁵⁵								
929-2		dʑ i ⁴²								
1015-2		s o ⁵⁵								
1035-2		tɕ u ²²								
1107-2		s a ⁴⁴								
1173-2		ɕ i ²²								
1195-2		ɕ i ²²								
1241-2		m i ²¹								
1252-2		l o ²¹								
1294-2		q a ⁵⁵								
1326-2		tɕ i i								
1348-2		tɕ i ⁴²								
1401-2		s ɛ ⁴²								
1451-2		s ɛ ²²								
1473-2		t i ɛ ²²								
1507-2		tsʰ i ⁵⁵								
1532-2		q ɯ ⁵⁵								
1543-2		s i ²²								
1575-2		s ɛ ⁵⁵								
1618-2		p u ²¹								
1640-2		k o ⁴⁴								
1671-2		ɕ i ⁴⁴								
1731-2		s o ⁵⁵								
1762-2		s w a ⁴²								
1773-2		t i ⁴⁴								
1794-2		k o ⁵⁵								
1805-2		z i ⁴²								
1816-2		s o ²²								
1862-2		ts i ⁵⁵								
1885-2		qʰ a ⁴⁴								
1914-2		s i ²²								
1936-2		p ɯ ²²								
1969-2		s ɛ ⁵⁵								
2018-2		ts u ²¹								
2029-2		q a ⁵⁵								
2051-2		tɕ u ²¹								
2074-2		q o ⁴⁴								
2085-2		m i ²²								
2130-2		p a ⁴⁴								
2245-2		tɕ j ⁴²								
2269-2		m i ²²								
2280-2		s o ⁴²								
2291-2		s ɛ ⁴²								
2316-2		ts i ⁴⁴								
2364-2		ts i ²²								
2395-2		tɕʰ a ⁵⁵								
2406-2		tɕʰ i a ⁵⁵								
2417-2		k u ⁴²								
2428-2		q a ⁵⁵								
2450-2		tɕ u ²¹								
2484-2		ɕ i ⁴⁴								
2495-2		k o ²¹								
2565-2		tɕ i ⁵⁵								
2611-2		j o ⁴⁴								
2632-2		ŋ a ⁵⁵								
2644-2		ŋ a ⁵⁵								
2674-2		m ɯ ²²								
2698-2		s o ²²								
2709-2		n i ²¹								
2720-2		tɕ u ⁴²								
2772-2		q a ⁴⁴								
2791-2		tɕ a a								
2837-2		ts ɛ ⁵⁵								
2859-2		s i ⁵⁵								
2889-2		tɕ i ²²								
2900-2		k ɯ ²²								
2928-2		tsʰ o ⁵⁵								
2941-2		qʰ ɯ ⁵⁵								
2998-2		ts ɛ ²²								
3031-2		tʰ o ²²								
3052-2		t i ⁴²								
3064-2		t o ²¹								
3084-2		tʰ a ⁴⁴								
3117-2		ts ɛ ⁴²								
3128-2		q a ⁴²								
3150-2		t i ⁴²								
3161-2		dʑ i ²²								
3172-2		ts ɛ ²²								
3263-2		j o ⁴⁴								
3274-2		q a ⁴²								
3308-2		qʰ w ⁵⁵								
3340-2		tɕ u ⁴⁴								
3362-2		ts ɛ ⁵⁵								
3409-2		m i ²²								
3454-2		q o ⁵⁵								
3493-2		s o ⁴⁴								
3536-2		s o ⁵⁵								
3548-2		f ʯ ⁴²								
3645-2		s o ⁵⁵								
3678-2		tsʰ i ⁵⁵								
3757-2		l o ²¹								
3779-2		k u ⁴²								
3813-2		x ã ⁵⁵								
3835-2		s ɛ ⁵⁵								
3855-2		p a ²¹								
3885-2		s w i ⁵⁵								
3907-2		pʰ a ⁵⁵								
3942-2		ts i ²²								
3953-2		tɕʰ a ⁵⁵								
4023-2		ɕ j a ⁵⁵								
4034-2		t i ⁵⁵								
4143-2		tɕ j ⁴²								
4185-2		m o ⁴⁴								
4227-2		tsʰ ɛ ⁵⁵								
4238-2		tɕ u ²¹								
4249-2		q a ⁵⁵								
4271-2		ts ɛ ⁴²								
4304-2		tɕ u ⁴²								
4315-2		t u ²²								
4336-2		t i ⁴²								
4400-2		s o ⁵⁵								
4411-2		x ã ⁵⁵								
4441-2		l o ²¹								
4557-2		qʰ o ⁵⁵								
4591-2		j u ²²								
4602-2		ɣ ɯ ²¹								
4687-2		x ã ⁵⁵								
4720-2		q a ⁵⁵								
4731-2		t i ⁴²								
4763-2		dʑ i ⁴²								
4918-2		tsʰ i ⁴²								
4976-2		t i ⁴⁴								
4998-2		ɕ ɥ i ²²								
5037-2		t i ⁴²								
5048-2		tɕʰ i ⁵⁵								
5100-2		m o ²¹								
5111-2		p a ⁴²								
5122-2		qʰ w a ⁴⁴								
5163-2		tɕ i ⁵⁵								
5192-2		tɕ u ²¹								
5225-2		n o ⁴²								
5236-2		tʰ i ²²								
64-2		pʰ a ⁴²								
104-2		x w a ⁴⁴								
247-2		p u ²¹								
289-2		s ɛ ⁵⁵								
338-2		q w i ⁴²								
378-2		dʑ i ⁴²								
412-2		t a ⁵⁵								
621-2		q w a ⁴⁴								
632-2		n õ ²²								
645-2		p a ⁴²								
742-2		q a ⁴⁴								
752-2		ŋ ɯ ²¹								
799-2		ts u ⁴²								
809-2		pʰ o ⁴²								
853-2		kʰ o ⁵⁵								
1001-2		k ɯ ⁵⁵								
1074-2		x o ⁵⁵								
1086-2		qʰ o ⁴⁴								
1097-2		kʰ o ⁴⁴								
1184-2		s ɛ ⁵⁵								
1230-2		qʰ w a ²²								
1263-2		m ɯ ⁴²								
1423-2		qʰ o ⁵⁵								
1433-2		m ɯ ²¹								
1462-2		ŋ w ²² ²²								
1545-2		ts ɛ ²²								
1706-2		tɕ j a ⁴²								
1925-2		tɕ i ²²								
1991-2		tɕ u ²²								
2040-2		b o ²²								
2107-2		x o ⁴²								
2118-2		p ɯ ²²								
32-3			m æ ⁵⁵							
53-3			ts ɿ ²¹							
93-3			k ɯ ²¹							
216-3			s w a ⁵⁵							
236-3			ts u ²²							
267-3			ts i ⁴³ ⁴³							
316-3			p ɯ ²²							
327-3			ɣ ɯ ²²							
348-3			tɕ j ⁵⁵							
400-3			j o ²¹							
452-3			q æ ⁵⁵							
463-3			qʰ a ⁵⁵							
512-3			t o ⁴³							
534-3			ts u ⁵⁵							
556-3			qʰ u ²²							
568-3			χ ɯ ⁵⁵							
588-3			s w a ⁵⁵							
599-3			pʰ ɯ ²⁴							
656-3			k o ²¹							
678-3			k o ²¹							
689-3			m æ ⁴³							
700-3			m ɛ ⁴³							
775-3			p j ɛ ⁴³							
786-3			q ɛ ²⁴							
820-3			tɕ j ⁴³							
839-3			t j ²¹ ²¹							
863-3			qʰ o ²²							
896-3			q æ ²⁴							
929-3			d j ⁴³							
1015-3			ɕ j ²⁴							
1035-3			tɕ j ²²							
1107-3			ɕ æ ⁵⁵							
1173-3			ɕ i ²²							
1195-3			ɕ i ²²							
1241-3			m ɛ ²¹							
1252-3			l o ²¹							
1294-3			q a ²⁴							
1326-3			ts u ²² ²²							
1348-3			dʑ i ⁴³							
1401-3			ɕ ɛ ⁴³							
1451-3			s i ²²							
1473-3			t ɥ ɛ ²²							
1507-3			tɕʰ i ²⁴							
1532-3			q ɯ ²⁴							
1543-3			ɕ j ²²							
1575-3			ɕ ɿ ɛ ²⁴							
1618-3			b ɯ ²¹							
1640-3			k o ⁵⁵							
1671-3			ɕ i ⁵⁵							
1731-3			ɕ j o							
1762-3			s w a ⁴³							
1773-3			t ɯ ⁵⁵							
1794-3			k o ²⁴							
1805-3			ts i ⁴³							
1816-3			ɕ o ²²							
1862-3			ts i ²⁴							
1885-3			qʰ æ ⁵⁵							
1914-3			ɕ j ²²							
1936-3			p ɯ ²²							
1969-3			ɕ ɿ ɛ ²⁴							
2018-3			ts o ²¹							
2029-3			q a ²⁴							
2051-3			tɕ j ²¹							
2074-3			q o ⁵⁵							
2085-3			m æ ²²							
2130-3			p æ ⁵⁵							
2245-3			t j o ²¹							
2269-3			m ɛ ²²							
2280-3			s o ⁴³							
2291-3			ɕ ɛ ⁴³							
2316-3			ts i ⁵⁵							
2364-3			ts ɿ ²²							
2395-3			tʰ j ²⁴							
2406-3			tɕʰ j æ ²⁴							
2417-3			k o ⁴³							
2428-3			q a ²⁴							
2450-3			t j o							
2484-3			ɕ i ⁵⁵							
2495-3			k o ²¹							
2565-3			tɕ i ²⁴							
2611-3			j o ⁵⁵							
2632-3			ŋ w a ⁵⁵							
2644-3			ŋ w ²⁴ ⁵⁵							
2674-3			m o ²²							
2698-3			ɕ j ²²							
2709-3			n ɛ ²¹							
2720-3			tɕ j o							
2772-3			q æ ⁵⁵							
2791-3			tɕ j æ							
2837-3			ts ɿ ²⁴							
2859-3			ɕ j ɛ ²⁴							
2889-3			tɕ j ²²							
2900-3			k u ²²							
2928-3			tsʰ o ²⁴							
2941-3			qʰ ɯ ²⁴							
2998-3			ts ɿ ²²							
3031-3			tʰ i ²²							
3052-3			t ɯ ⁴³							
3064-3			t o ²¹							
3084-3			tʰ j a ⁵⁵							
3117-3			ts ɿ ²¹							
3128-3			q æ ²¹							
3150-3			t ɛ ²¹							
3161-3			t j ɯ							
3172-3			ts ɿ ²²							
3263-3			j a ⁵⁵							
3274-3			q æ ⁴³							
3308-3			qʰ ɛ ²⁴							
3340-3			tʲ u ⁵⁵							
3362-3			ts ɿ ²⁴							
3409-3			m i ²²							
3454-3			q o ²⁴							
3493-3			s o ⁵⁵							
3536-3			ɕ j o ²⁴							
3548-3			f ɛ ⁴³							
3645-3			ɕ j ²⁴							
3678-3			tsʰ i ⁵⁵							
3757-3			l o ²¹							
3779-3			k o ⁴³							
3813-3			x w ²⁴							
3835-3			ɕ ɛ ɛ ²⁴							
3855-3			p æ ²¹							
3885-3			s w ɛ ⁵⁵							
3907-3			pʰ æ ²⁴							
3942-3			ts i ²²							
3953-3			tʰ j ²⁴ ²⁴							
4023-3			ɕ j æ ²⁴							
4034-3			t j ²⁴							
4143-3			t j o ²¹							
4185-3			m o ⁵⁵							
4227-3			tsʰ ɿ ²⁴							
4238-3			t j o							
4249-3			q a ²⁴							
4271-3			ts ɿ ²¹							
4304-3			tɕ j o							
4315-3			t o ²²							
4336-3			t j ⁴³							
4400-3			ɕ a ²⁴							
4411-3			χ w ²⁴							
4441-3			l o ²¹							
4557-3			qʰ o ²⁴							
4591-3			j o o							
4602-3			ɣ ɯ ⁴³							
4687-3			χ w ²⁴							
4720-3			q æ ²⁴							
4731-3			t j ²¹							
4763-3			d j ⁴³							
4918-3			tsʰ i ⁴³							
4976-3			t ɯ ⁵⁵							
4998-3			ɕ ɥ ɛ ²²							
5037-3			t ɯ ⁴³							
5048-3			t j ²⁴							
5100-3			m o ²¹							
5111-3			p æ ²¹							
5122-3			qʰ w a ⁵⁵							
5163-3			tɕ i ²⁴							
5192-3			tɕ j o							
5225-3			n o ⁴³							
5236-3			tʰ i ²²							
64-3			pʰ æ ⁴³							
104-3			x w a ⁵⁵							
247-3			b ɯ ²¹							
289-3			s i ⁵⁵							
338-3			q w ɛ ⁴³							
378-3			d j ɯ							
412-3			t æ ²⁴							
621-3			q w a ⁵⁵							
632-3			n o ²²							
645-3			p a ²¹							
742-3			q æ ⁵⁵							
752-3			ŋ ɯ ²¹							
763-3			tʰ j ²⁴							
799-3			ts u ²¹							
809-3			pʰ o ⁴³							
853-3			kʰ o ²⁴							
916-3			t j o							
960-3			m i ²⁴							
1001-3			k ɯ ²⁴							
1074-3			χ o ²⁴							
1086-3			qʰ o ⁵⁵							
1097-3			kʰ o ⁵⁵							
1130-3			pʰ æ ⁵⁵							
1184-3			s ɿ ²⁴							
1230-3			qʰ w a ²²							
1263-3			m ɯ ⁴³							
1423-3			kʰ o ²⁴							
1433-3			m ɯ ²¹							
1462-3			ŋ w i ²²							
1545-3			ts ɿ ²²							
1629-3			f ɛ ²⁴							
1682-3			ɕ o ²⁴ ²⁴							
1706-3			dʑ j a ²¹							
1925-3			t j ²²							
1991-3			tɕ j ²²							
2040-3			p o ²²							
2107-3			χ o ⁴³							
2118-3			p ɯ ²²							
32-4				m æ ⁵⁵						
53-4				dz i ¹²						
93-4				g ɯ ¹²						
216-4				s w a ²⁴						
236-4				ts u ŋ ²²						
267-4				tɕ i e n						
316-4				p u ²²						
327-4				ɣ e ²²						
348-4				ts u ²⁴						
400-4				z u ¹²						
452-4				q æ ⁵⁵						
463-4				qʰ a ²⁴						
512-4				d a ²¹						
534-4				ts u ²⁴						
556-4				qʰ u ²²						
568-4				χ e ²⁴						
588-4				s w a ²⁴						
599-4				pʰ ɯ ⁵⁵						
656-4				g ao ¹²						
678-4				g ao ¹²						
689-4				m æ ⁴²						
700-4				m ɛ ⁴²						
775-4				b i e n						
786-4				q ɛ ⁵⁵						
820-4				dz i ⁴²						
839-4				d i ²¹						
863-4				qʰ u ²²						
896-4				q a ⁵⁵						
929-4				ɖʐ i ²¹						
1015-4				ɕ ao ⁵⁵						
1035-4				ts u ²²						
1107-4				ɕ æ ²⁴						
1173-4				s i ²²						
1195-4				s i ²²						
1241-4				m j ¹²						
1252-4				l ao ¹²						
1294-4				q a ŋ						
1326-4				ts u ²²						
1348-4				dʑ i ²¹						
1401-4				s i n ⁴²						
1451-4				s i ²²						
1473-4				t ɥ e n ²²						
1507-4				tɕʰ i ⁵⁵						
1532-4				q e ⁵⁵						
1543-4				ɕ i ²²						
1575-4				ʂ j n n						
1618-4				b u ¹²						
1640-4				k ao ²⁴						
1671-4				s i ²⁴						
1731-4				ɕ ao ŋ ⁵⁵						
1762-4				s w a ŋ						
1773-4				t e ²⁴						
1794-4				k o ŋ ⁵⁵						
1805-4				z i ⁴²						
1816-4				s u ²²						
1862-4				ts i ⁵⁵						
1885-4				qʰ æ ²⁴						
1914-4				ɕ i ²²						
1936-4				p u ²²						
1969-4				ʂ j n n						
2018-4				ts o ŋ						
2029-4				q a ŋ						
2051-4				dz ao ¹²						
2074-4				q ao ²⁴						
2085-4				m æ ²²						
2130-4				p æ ⁵⁵						
2245-4				dz u ²¹						
2269-4				m ɛ ²²						
2280-4				s u ⁴²						
2291-4				ʂ i n ⁴²						
2316-4				tɕ i ²⁴						
2364-4				ts i ²²						
2395-4				tʰ æ n ⁵⁵						
2406-4				tsʰ a n ⁵⁵						
2417-4				k ao ⁴²						
2428-4				q a ŋ						
2450-4				dz o ŋ						
2484-4				ɕ i ²⁴						
2495-4				g ao ¹²						
2565-4				tɕ i ⁵⁵						
2611-4				j u ²⁴						
2632-4				w a a ⁵⁵						
2644-4				w a a						
2674-4				m u ²²						
2698-4				s u ²²						
2709-4				n ɛ ¹²						
2720-4				dz ao ⁴²						
2772-4				q a ⁵⁵						
2791-4				tɕ a n ⁵⁵						
2837-4				ʈʂ i ⁵⁵						
2859-4				ʂ j n n						
2889-4				tɕ i ²²						
2900-4				k u ²²						
2928-4				tsʰ o ŋ						
2941-4				qʰ ɯ ⁵⁵						
2998-4				ts i ²²						
3031-4				tʰ u ²²						
3052-4				d e ²⁴						
3064-4				d a ¹²						
3084-4				tʰ a ²⁴						
3117-4				ɖʐ i ²¹						
3128-4				ɣ æ ²¹						
3150-4				d e ²¹						
3161-4				dz i ²²						
3172-4				ts i ²²						
3263-4				j a ⁵⁵						
3274-4				q æ ⁴²						
3308-4				qʰ e n ⁵⁵						
3340-4				ts u ²⁴						
3362-4				ʈʂ i ⁵⁵						
3409-4				m i ²²						
3454-4				q o ŋ						
3493-4				s u ²⁴						
3536-4				ɕ j ⁵⁵ ⁵⁵						
3548-4				pf u ⁴²						
3645-4				ɕ u ⁵⁵						
3678-4				tɕʰ i ²⁴						
3757-4				l ao ¹²						
3779-4				k ao ⁴²						
3813-4				x e n ⁵⁵						
3835-4				ʂ j ⁵⁵ n						
3855-4				b a ¹²						
3885-4				s w ɛ ²⁴						
3907-4				pʰ æ ⁵⁵						
3942-4				ts i ²²						
3953-4				tʰ æ n ⁵⁵						
4023-4				ɕ j n ⁵⁵						
4034-4				ɖʐ i ²²						
4143-4				dz u ²¹						
4185-4				m u ⁵⁵						
4227-4				tsʰ i ⁵⁵						
4238-4				dz u ¹²						
4249-4				q a ŋ						
4271-4				ɖʐ i ²¹						
4304-4				dz ao ²¹						
4315-4				d o ŋ						
4336-4				d i ²¹						
4400-4				s a ŋ						
4411-4				x e n ⁵⁵						
4441-4				l ao ¹²						
4557-4				qʰ ao ⁵⁵						
4591-4				j o ŋ						
4602-4				ɣ e ⁴²						
4687-4				x e n ⁵⁵						
4720-4				q a ⁵⁵						
4731-4				d i ²¹						
4763-4				ɖʐ i ¹²						
4918-4				tsʰ i ⁴²						
4976-4				t e ²⁴						
4998-4				ɕ y i ²²						
5037-4				d e ⁴²						
5048-4				ts i ²⁴						
5100-4				m u ¹²						
5111-4				b æ ²¹						
5122-4				qʰ w a ²⁴						
5163-4				tɕ i ⁵⁵						
5192-4				dz ao ¹²						
5225-4				n a ⁴²						
5236-4				tʰ i ²²						
64-4				b a n ⁴²						
104-4				x w a ²⁴						
247-4				b i ¹²						
338-4				q w ɛ ⁴²						
378-4				ɖʐ i ¹²						
412-4				t æ ⁵⁵						
621-4				q w a ²⁴						
632-4				n õ ²²						
645-4				b a ²¹						
742-4				k æ ⁵⁵						
752-4				ŋ ɯ ¹²						
763-4				tsʰ o ŋ ⁵⁵						
799-4				ts u ²¹						
809-4				tsʰ a ⁴²						
853-4				qʰ ao ŋ ⁵⁵						
916-4				ts o ŋ ⁵⁵						
960-4				m ɛ ⁵⁵						
1074-4				h ao ⁵⁵						
1086-4				qʰ u ²⁴						
1097-4				qʰ ao ⁵⁵						
1130-4				pʰ æ ⁵⁵						
1184-4				ʂ i ⁵⁵						
1230-4				qʰ w a ŋ ²²						
1423-4				qʰ ao ŋ ⁵⁵						
1433-4				m u ¹²						
1462-4				w e n ²²						
1545-4				ts i ²²						
1629-4				pf u ⁵⁵						
1682-4				ɕ o ŋ ⁵⁵						
1706-4				dz i a ²¹						
1925-4				dʑ i ²²						
1991-4				dz o ŋ ²²						
2040-4				b a ŋ ²²						
2107-4				x a ⁴²						
2118-4				b u ²²						
32-5					m a ⁵⁵					
53-5					tɕ i ²¹					
93-5					k ɯ ²¹					
216-5					s w a ⁵⁵					
236-5					ts õ ²²					
267-5					tɕ i ⁴² ⁴²					
316-5					p ɯ ²²					
327-5					ɣ ɯ ²²					
348-5					tɕ õ ⁵⁵					
400-5					z o ²¹					
452-5					q a ⁵⁵					
463-5					qʰ a ⁴⁴					
512-5					t a ⁴²					
534-5					ts o ⁵⁵					
556-5					qʰ u ²²					
568-5					x ɯ ⁵⁵					
588-5					s w a ⁵⁵					
599-5					pʰ ɯ ⁵⁵					
656-5					k o ²¹					
678-5					k o ²¹					
689-5					m a ⁴²					
700-5					m e ⁴²					
775-5					p j e ⁴²					
786-5					q i ⁵⁵					
820-5					tɕ õ ⁴²					
839-5					ʈ e ²¹					
863-5					qʰ o ²²					
896-5					q ã ⁵⁵					
929-5					ɖ ɯ ⁴²					
1015-5					s õ ⁵⁵					
1035-5					tɕ õ ²²					
1107-5					ɕ a ⁵⁵					
1173-5					ɕ i ²²					
1195-5					ɕ i ²²					
1241-5					m e ²¹					
1252-5					l o ²¹					
1294-5					q ã ⁵⁵					
1326-5					tɕ ɥ ²² ²²					
1348-5					tɕ i ⁴²					
1401-5					ʂ e ⁴²					
1451-5					ʂ ə˞ ²²					
1473-5					t ɥ ẽ ²²					
1507-5					tɕʰ i ⁵⁵					
1532-5					q ɯ ⁵⁵					
1543-5					ɕ ɯ ²²					
1575-5					ʂ i ⁵⁵					
1618-5					p ɯ ²¹					
1640-5					k o ⁴⁴					
1671-5					ɕ i ⁵⁵					
1731-5					s õ ⁵⁵					
1762-5					s w a ⁴²					
1773-5					ʈ ɯ ⁵⁵					
1794-5					k o ⁵⁵					
1805-5					z i ⁴²					
1816-5					s o ²²					
1862-5					tɕ i ⁵⁵					
1885-5					qʰ a ⁵⁵					
1914-5					ɕ ɯ ²²					
1936-5					p u ²²					
1969-5					ʂ i ⁵⁵					
2018-5					ts õ ²¹					
2029-5					q ã ⁵⁵					
2051-5					tɕ õ ²¹					
2074-5					k o ⁵⁵					
2085-5					m o ²²					
2130-5					p a ⁵⁵					
2245-5					ʈ o ⁴²					
2269-5					m e ²²					
2280-5					s o ⁴²					
2291-5					ʂ e ⁴²					
2316-5					tɕ i ⁵⁵					
2364-5					tɕ i ²²					
2395-5					ʈʰ a ⁵⁵					
2406-5					tɕʰ j ⁵⁵ ⁵⁵					
2417-5					k o ⁴²					
2428-5					q ã ⁵⁵					
2450-5					ʈ õ ²¹					
2484-5					ɕ i ⁵⁵					
2495-5					k o ²¹					
2565-5					tɕ i ⁵⁵					
2611-5					j o ⁵⁵					
2632-5					w a ⁵⁵					
2644-5					w a ⁵⁵					
2674-5					m o ²²					
2698-5					s o ²²					
2709-5					n e ²¹					
2720-5					tɕ j ⁴²					
2772-5					q a ⁵⁵					
2791-5					tɕ ã ⁵⁵					
2837-5					ʈʂ ə̃˞ ⁵⁵					
2859-5					ɕ i ⁵⁵					
2889-5					tɕ i i ²²					
2900-5					k o ²²					
2928-5					tsʰ õ ⁵⁵					
2941-5					qʰ ɯ ⁵⁵					
2998-5					ʈʂ ə˞ ²²					
3031-5					tʰ o ²²					
3052-5					ʈ ɯ ⁴²					
3064-5					t ²¹ ²¹					
3084-5					tʰ a ⁵⁵					
3117-5					tɕ ə˞ ⁴²					
3128-5					q a ⁵⁵					
3150-5					t e ⁴²					
3161-5					ʈ ɯ ²²					
3172-5					ʈʂ ə˞ ²²					
3263-5					j a ⁵⁵					
3274-5					q a ⁴²					
3308-5					qʰ ẽ ⁵⁵					
3340-5					ʈ u ⁵⁵					
3362-5					ʈʂ ə̃˞ ⁵⁵					
3409-5					m e ²²					
3454-5					k o ⁵⁵					
3493-5					s o ⁵⁵					
3536-5					ɕ o ⁵⁵					
3548-5					f ʯ ⁴²					
3645-5					s u ⁵⁵					
3678-5					tɕʰ i ⁵⁵					
3757-5					l o ²¹					
3779-5					k o ⁴²					
3813-5					x ẽ ⁵⁵					
3835-5					ɕ i ⁵⁵					
3855-5					p a ²¹					
3885-5					s w e ⁵⁵					
3907-5					pʰ a ⁵⁵					
3942-5					ts i ²					
3953-5					ʈʰ a ⁵⁵					
4023-5					ɕ ã ã ⁵⁵					
4034-5					ʈ ɯ ⁵⁵					
4143-5					ʈ i ⁴²					
4185-5					m o ⁵⁵					
4227-5					tɕʰ ə̃˞ ⁵⁵					
4238-5					ʈ õ ²¹					
4249-5					q ã ⁵⁵					
4271-5					tɕ ə˞ ⁴²					
4304-5					tɕ j ⁴²					
4315-5					t õ ²²					
4336-5					ʈ e ⁴²					
4400-5					s o ⁵⁵					
4411-5					x ẽ ⁵⁵					
4441-5					l o ²¹					
4557-5					qʰ o ⁵⁵					
4591-5					j õ ²²					
4602-5					ɣ ɯ ⁴²					
4687-5					x ẽ ⁵⁵					
4720-5					q ã ⁵⁵					
4731-5					t e ²¹					
4763-5					ɖ ɯ ⁴²					
4918-5					tsʰ e ⁴²					
4976-5					ʈ ɯ ⁵⁵					
4998-5					ɕ ɥ i ²²					
5037-5					ʈ ɯ ⁴²					
5048-5					tɕʰ i ⁵⁵					
5100-5					m o ²¹					
5111-5					p a ⁴²					
5122-5					qʰ w a ⁵⁵					
5163-5					tɕ i ⁵⁵					
5192-5					tɕ õ ²¹					
5225-5					n o ⁴²					
5236-5					tʰ j ²²					
64-5					pʰ a ⁴²					
104-5					x w a ⁵⁵					
247-5					p ɯ ²¹					
289-5					ʂ i ⁵⁵					
338-5					q w e ⁴²					
378-5					ɖ ɯ ⁴²					
412-5					t a ⁵⁵					
621-5					q w a ⁵⁵					
632-5					n õ ²²					
645-5					p a ⁴²					
742-5					q a ⁵⁵					
763-5					ʈʰ õ ⁵⁵					
799-5					ts o ⁴²					
809-5					qʰ o ⁴²					
853-5					qʰ o ⁵⁵					
916-5					ʈ õ ⁵⁵					
960-5					m i ⁵⁵					
1001-5					k ɯ ⁵⁵					
1086-5					qʰ o ⁴⁴					
1097-5					qʰ o ⁵⁵					
1130-5					m a ⁵⁵					
1263-5					m ɯ ⁴²					
1423-5					qʰ o ⁵⁵					
1433-5					m ɯ ²¹					
1545-5					ʈʂ ə˞ ²²					
1629-5					f e ⁵⁵					
1682-5					ɕ õ ⁵⁵ ⁵⁵					
1706-5					tɕ j a ⁴²					
1925-5					tɕ ɯ ²²					
1991-5					tɕ õ ²²					
2040-5					b o ²²					
2107-5					x o ⁴²					
2118-5					p ɯ ²²					
32-6						m a ⁴⁴				
53-6						ts i ²¹				
93-6						k ɯ ²¹				
216-6						s u ɑ ⁴⁴				
236-6						ts ʯ̃ ³³				
267-6						tɕ i ⁴²				
316-6						p u ³³				
327-6						ɣ ə ³³				
348-6						ts ʯ̃ ⁴⁴				
400-6						ɕ o ²¹				
452-6						k a ⁴⁴				
463-6						kʰ ɑ ⁴⁴				
512-6						t ou ⁴²				
534-6						ts ou ⁴⁴				
556-6						kʰ u ³³				
568-6						x ə̃ ⁴⁴				
588-6						s u ɑ ⁴⁴				
599-6						pʰ u ⁵⁵				
656-6						k õ ²¹				
678-6						k õ ²¹				
689-6						m a n				
700-6						m e ⁴²				
775-6						p j e n				
786-6						k i ⁵⁵				
820-6						ts ʯ̃ ³¹				
839-6						t ə ³¹				
863-6						kʰ ou ³³				
896-6						k a n				
929-6						ts ɯ ³¹				
1015-6						s ʯ̃ ⁵⁵				
1035-6						ts ʯ̃ ³³				
1107-6						s a ⁴⁴				
1173-6						s i ³³				
1195-6						s i ³³				
1241-6						m e n				
1252-6						l õ ²¹				
1294-6						k ɑ̃ ⁵⁵				
1326-6						ts w ³³ ³³				
1348-6						tɕ i ³¹				
1401-6						s e n				
1451-6						s i ³³				
1473-6						t w e ³³				
1507-6						tɕʰ i ⁵⁵				
1532-6						k ɯ ⁵⁵				
1543-6						s ɯ ³³				
1575-6						ɕ i e ⁵⁵				
1618-6						p ɯ ²¹				
1640-6						k ou ⁴⁴				
1671-6						ɕ i ⁴⁴				
1731-6						s ʯ̃ ⁵⁵				
1762-6						s w ɑ̃ ⁴²				
1773-6						t ɯ ⁴⁴				
1794-6						k õ ⁵⁵				
1805-6						tɕ i ³¹				
1816-6						s ʯ̃ ³³				
1862-6						ts i ⁵⁵				
1885-6						kʰ a ⁴⁴				
1914-6						s ɯ ³³				
1936-6						p u ³³				
1969-6						s i n ⁵⁵				
2018-6						ts ʯ̃ ²¹				
2029-6						k ɑ̃ ⁵⁵				
2051-6						ts ʯ̃ ²¹				
2074-6						k ou ⁴⁴				
2085-6						m a n				
2130-6						p a ⁴⁴				
2245-6						ts ou ⁴²				
2269-6						m i ³³				
2280-6						s u ³¹				
2291-6						s e n				
2316-6						tɕ i ⁴⁴				
2364-6						ts i ³³				
2395-6						tsʰ a n ⁵⁵				
2406-6						tɕʰ j a n				
2417-6						k ʯ ⁴²				
2428-6						k ɑ̃ ⁵⁵				
2450-6						ts õ ²¹				
2484-6						ɕ i ⁴⁴				
2495-6						k o ²¹				
2565-6						t i ⁵⁵				
2611-6						j ou ⁴⁴				
2632-6						k ɑ ɑ ⁴⁴				
2644-6						k ɑ ⁴⁴				
2674-6						m õ ³³				
2698-6						s ʯ̃ ³³				
2709-6						n e ⁴²				
2720-6						ts ʯ̃ ⁴²				
2772-6						k a ⁴⁴				
2791-6						tɕ j a				
2837-6						ts a n ⁵⁵				
2859-6						s i e ⁵⁵				
2889-6						tɕ j ³³				
2900-6						k u ³³				
2928-6						tsʰ õ ⁵⁵				
2941-6						kʰ ə̃ ⁵⁵				
2998-6						ts i ³³				
3031-6						tʰ u ³³				
3052-6						t ə ³¹				
3064-6						t ɑ ²¹				
3084-6						tʰ ɑ ⁴⁴				
3117-6						ts i ⁴²				
3128-6						k a ⁴²				
3150-6						t e ⁴²				
3161-6						ts ɯ ³³				
3172-6						ts a ³³				
3263-6						j ɑ ⁴⁴				
3274-6						k a ⁴²				
3308-6						kʰ e ⁵⁵ ⁵⁵				
3340-6						ts ou ⁴⁴				
3362-6						ts a n ⁵⁵				
3409-6						m i ³³				
3454-6						k õ ⁵⁵				
3493-6						s ou ⁴⁴				
3536-6						s ʯ̃ ⁵⁵				
3548-6						f ʯ ⁴²				
3645-6						s ʯ̃ ⁵⁵				
3678-6						tɕʰ i ⁴⁴				
3757-6						l ɑ ²¹				
3779-6						k ʯ ⁴²				
3813-6						x e ⁵⁵ ⁵⁵				
3835-6						s i n ⁵⁵				
3855-6						p a n				
3885-6						s w e ⁴⁴				
3907-6						pʰ a ⁵⁵				
3942-6						ts i ³³				
3953-6						tsʰ a n ⁵⁵				
4023-6						ɕ j a n				
4034-6						ts ɯ n				
4143-6						ts ou ⁴²				
4185-6						m õ ⁴⁴				
4227-6						tsʰ a n ⁵⁵				
4238-6						ts ʯ̃ ²¹				
4249-6						k ɑ̃ ⁵⁵				
4271-6						ts i ⁴²				
4304-6						ts ʯ̃ ⁴²				
4315-6						t õ ³³				
4336-6						t i ⁴²				
4400-6						s ɑ̃ ⁵⁵				
4411-6						x ẽ ⁵⁵ ⁵⁵				
4441-6						l ɑ ²¹				
4557-6						kʰ õ ⁵⁵				
4591-6						j ʯ̃ ³³				
4602-6						ɣ ə ³¹				
4687-6						x ẽ ⁵⁵ ⁵⁵				
4720-6						k a ⁵⁵				
4731-6						t e ⁴²				
4763-6						ts ɯ ³¹				
4918-6						tsʰ i ³¹				
4976-6						t ə ⁴⁴				
4998-6						ɕ j i ³³				
5037-6						t ə ³¹				
5048-6						ts i ⁴⁴				
5100-6						m õ ²¹				
5111-6						p a ⁴²				
5122-6						kʰ u ɑ ⁴⁴				
5163-6						tɕ i ⁵⁵				
5192-6						ts ʯ̃ ²¹				
5225-6						n ɑ ³¹				
5236-6						tʰ i ³³				
64-6						pʰ a n				
104-6						x u ɑ ⁴⁴				
247-6						p i ²¹				
289-6						s i ⁴⁴				
338-6						k w i ⁴²				
378-6						ts ɯ ³¹				
412-6						t a n ⁵⁵				
621-6						k u ɑ ⁴⁴				
632-6						n ʯ̃ ³³				
645-6						p ɑ ⁴²				
742-6						k a ⁴⁴				
752-6						ŋ ɯ ²¹				
763-6						tsʰ ʯ̃ ⁵⁵				
799-6						ts ou ⁴²				
809-6						pʰ ou ⁴²				
853-6						kʰ õ ⁵⁵				
916-6						ts ʯ̃ ⁵⁵				
960-6						m i ⁵⁵				
1001-6						k ɯ ⁵⁵				
1074-6						x ɑ̃ ⁵⁵				
1086-6						kʰ ou ⁴⁴				
1097-6						kʰ ʯ ⁴⁴				
1130-6						pʰ a ⁴⁴				
1184-6						s a n				
1230-6						kʰ w ɑ̃ ³³				
1263-6						m ə̃ ⁴²				
1423-6						kʰ õ ⁵⁵				
1433-6						m ə̃ ²¹				
1462-6						w ẽ i ³³				
1545-6						ts i ³³				
1629-6						f ʯ ⁵⁵				
1682-6						ɕ ʯ̃ ⁵⁵				
1706-6						tɕ j ɑ ⁴²				
1925-6						ts ɯ ³³				
1991-6						ts ʯ̃ ³³				
2040-6						p ʯ̃ ³³				
2107-6						x ou ⁴²				
2118-6						p u ³³				
32-7							m ə˞ ⁴⁴			
53-7							tsʰ i ²¹			
93-7							k əɯ ²¹			
216-7							s w a ⁴⁴			
236-7							ts o ŋ ³³			
267-7							tɕ i ²¹			
316-7							p əɯ ³³			
327-7							ɣ ə ³³			
348-7							ts o ⁴⁴			
400-7							j o ²¹			
452-7							k ə˞ ⁴⁴			
463-7							kʰ a ⁴⁴			
512-7							t a ⁴²			
534-7							ts o ⁴⁴			
556-7							kʰ o ³³			
568-7							x ə ⁴⁴			
588-7							s w a ⁴⁴			
599-7							pʰ əɯ ⁵⁵			
656-7							k o ²¹			
678-7							k o ²¹			
689-7							m ə˞ ²¹			
700-7							m ɛ ²¹			
775-7							p j e ²¹			
786-7							k ɛ ⁵⁵			
820-7							ts u ²¹			
839-7							t ɛ ²¹			
863-7							kʰ o ³³			
896-7							k ə̃˞ ⁵⁵			
929-7							t i ²¹			
1015-7							ɕ ʯ ⁵⁵			
1035-7							ts u ŋ			
1107-7							ɕ ə˞ ⁴⁴			
1173-7							ɕ i ³³			
1195-7							ɕ i ³³			
1241-7							m e ²¹			
1252-7							m o ²¹ ²¹			
1294-7							k a ŋ ⁵⁵			
1326-7							ts u ³³			
1348-7							t i ²¹			
1401-7							s e n			
1451-7							s i ³³			
1473-7							ts w e n			
1507-7							tɕʰ i ⁵⁵			
1532-7							k ə ⁵⁵			
1543-7							ɕ əɯ ³³			
1575-7							ɕ j ⁵⁵ n			
1618-7							p ə ²¹			
1640-7							k o ⁴⁴			
1671-7							ɕ i ⁴⁴			
1731-7							ɕ o ŋ ⁵⁵			
1762-7							s w a ²¹			
1773-7							ts ʯ ⁴⁴			
1794-7							k o ŋ ⁵⁵			
1805-7							ts i ²¹			
1816-7							s o ³³			
1862-7							tɕ i ⁵⁵			
1885-7							kʰ ə˞ ⁴⁴			
1914-7							ɕ əɯ ³³			
1936-7							p əɯ ³³			
1969-7							ɕ j ⁵⁵ ⁵⁵			
2018-7							ts o ŋ ²¹			
2029-7							k a ŋ ⁵⁵			
2051-7							ts o ŋ ²¹			
2074-7							k o ⁴⁴			
2085-7							m ə̃˞ ³³			
2130-7							p a ⁴⁴			
2245-7							ts o ⁴²			
2269-7							m ɛ ³³			
2280-7							s o ²¹			
2291-7							s e n			
2316-7							tɕ i ⁴⁴			
2364-7							ts i ³³			
2395-7							tsʰ ə̃˞ ⁵⁵			
2406-7							tɕʰ j ⁵⁵			
2417-7							k o ²¹			
2428-7							k a ⁵⁵ ⁵⁵			
2450-7							ts o ŋ			
2484-7							ɕ j ⁴⁴			
2495-7							k o ²¹			
2565-7							ts i ⁵⁵			
2611-7							j o ⁴⁴			
2632-7							v a ⁴⁴ ⁴⁴			
2644-7							v a ŋ ⁵⁵			
2674-7							m o ŋ			
2698-7							s ʯ ³³			
2709-7							n e ²¹			
2720-7							ts u ⁴²			
2772-7							k a ⁴⁴			
2791-7							tɕ ə̃˞ ³³			
2837-7							tɕ u ⁵⁵			
2859-7							ɕ j ⁵⁵ n			
2889-7							tɕ i ³³ ³³			
2900-7							k əɯ ³³			
2928-7							tsʰ o ŋ			
2941-7							kʰ ə ⁵⁵			
2998-7							ts u ³³			
3031-7							tʰ u ³³			
3052-7							t i ²¹			
3064-7							t a ²¹			
3084-7							tʰ a ⁴⁴			
3117-7							tsʰ i ⁴²			
3128-7							k ə˞ ⁴⁴			
3150-7							t ɛ ⁴²			
3161-7							ts i ³³			
3172-7							tɕ u ³³			
3263-7							j a ⁴⁴			
3274-7							k ə˞ ²¹			
3308-7							kʰ a ⁵⁵			
3340-7							ts o ⁴⁴			
3362-7							tɕ u ⁵⁵			
3409-7							m ɛ ³³			
3454-7							k o ŋ ⁵⁵			
3493-7							s o ⁴⁴			
3536-7							ɕ o ⁵⁵			
3548-7							f ʯ ⁴²			
3645-7							ɕ ʯ ⁵⁵			
3678-7							tɕʰ i ⁴⁴			
3757-7							kʰ o ²¹			
3779-7							k o ²¹			
3813-7							x e n ⁵⁵			
3835-7							ɕ ɛ ⁵⁵			
3855-7							p ə̃˞ ²¹			
3885-7							s w ɛ ⁴⁴			
3907-7							pʰ ə˞ ⁵⁵			
3942-7							ts i ³³			
3953-7							tsʰ ə̃˞ ⁵⁵			
4023-7							ɕ j ⁵⁵			
4034-7							ts i ⁵⁵			
4143-7							tsʰ o ⁴²			
4185-7							m o ⁴⁴			
4227-7							tsʰ ĩ ⁵⁵			
4238-7							ts o ²¹			
4249-7							k a ŋ ⁵⁵			
4271-7							tsʰ i ⁴²			
4304-7							tsʰ u ⁴²			
4315-7							t o ŋ ³³			
4336-7							t ɛ ⁴²			
4400-7							s a ŋ ⁵⁵			
4411-7							x ə n ⁵⁵			
4441-7							kʰ o ²¹			
4557-7							kʰ o ⁵⁵			
4591-7							j o ŋ ŋ			
4602-7							ɣ ə ²¹			
4687-7							x ə n ⁵⁵			
4720-7							k ə˞ ⁵⁵			
4731-7							t ɛ ⁴²			
4763-7							t i ²¹			
4918-7							tsʰ i ²¹			
4976-7							t ʯ ⁴⁴			
4998-7							ɕ u i ³³			
5037-7							t ɛ ⁴²			
5048-7							ts i ⁴⁴			
5100-7							m o ²¹			
5111-7							p a ⁴²			
5122-7							kʰ w a ⁴⁴			
5163-7							tɕ i ⁵⁵			
5192-7							ts u ²¹ ²¹			
5225-7							n o ²¹			
5236-7							tʰ ɛ ³³			
64-7							pʰ ə̃˞ ²¹			
104-7							x w a ⁴⁴			
247-7							p i ²¹			
289-7							s i ⁴⁴			
338-7							k w ɛ ³¹			
412-7							ts ə˞ ⁵⁵			
621-7							k w a ⁴⁴			
632-7							n o ŋ ³³			
742-7							k ə˞ ⁴⁴			
752-7							k ə ²¹			
763-7							tsʰ o ŋ ⁵⁵			
799-7							ts o ⁴²			
916-7							ts o ŋ ⁵⁵			
960-7							m ɛ ⁵⁵			
1001-7							k əɯ ⁵⁵			
1074-7							x o ⁵⁵			
1086-7							kʰ o ⁴⁴			
1097-7							kʰ o ⁴⁴			
1130-7							pʰ o ⁴⁴			
1184-7							s ə̃˞ ⁵⁵			
1230-7							kʰ w a ŋ ³³			
1263-7							m əɯ ²¹			
1423-7							kʰ o ŋ ⁵⁵			
1462-7							v e n ³³			
1545-7							tɕ u ³³			
1629-7							f ʯ ⁵⁵			
1682-7							ɕ o ŋ ⁵⁵			
1706-7							tɕ j a ⁴²			
1925-7							ts i ³³			
2107-7							x a ²¹			
2118-7							p əɯ ³³			
32-8								m æ ⁴ ⁴		
53-8								ɖʐ i ¹		
93-8								g ɯ ¹		
216-8								s w a ⁴		
236-8								ts o ŋ ²		
267-8								ts j n ³		
316-8								p ɯ ²		
327-8								ɣ ɯ ²		
348-8								ts r ⁴ ⁴		
400-8								z o ¹		
452-8								q æ ⁴		
463-8								qʰ a ⁴		
512-8								d ɔ ⁴		
534-8								ts o ⁴		
556-8								qʰ u ²		
568-8								χ ɯ ⁴		
588-8								s w a ⁴		
599-8								pʰ ɯ ¹		
656-8								g ɔ ¹		
678-8								g o o		
689-8								m æ ³		
700-8								m ɛ ³		
775-8								p e e n		
786-8								q ɛ ¹		
820-8								ɖʐ r o ⁴		
839-8								d ɯ o		
863-8								qʰ o ²		
896-8								q æ n		
929-8								d ɯ ³		
1015-8								s u ¹		
1035-8								ts r ²		
1107-8								s æ ⁴ ⁴		
1173-8								s i ²		
1195-8								s i ²		
1241-8								m ɛ ¹		
1252-8								l o ŋ ¹		
1294-8								q a ŋ ¹		
1326-8								ts u ² ²		
1348-8								dʑ i ³		
1401-8								s e n ⁵		
1451-8								s i ²		
1473-8								t w e n ²		
1507-8								tsʰ j i		
1532-8								q ɯ ¹		
1543-8								s ɯ ²		
1575-8								s e n ¹		
1618-8								b ɯ ¹		
1640-8								k ɔ ⁴ ⁴		
1671-8								ɕ j i ⁴		
1731-8								s r o ŋ		
1762-8								sʰ w a ŋ ³		
1773-8								t ɯ ⁴		
1794-8								k o ŋ ¹		
1805-8								z i ³		
1816-8								s r ²		
1862-8								ts r ¹		
1885-8								qʰ æ ⁴ ⁴		
1914-8								s ɯ ²		
1936-8								p u ²		
1969-8								s e n ¹		
2018-8								ts o ŋ ¹		
2029-8								q a ŋ ¹		
2051-8								ɖʐ r o		
2074-8								qʰ o ⁴ ⁴		
2085-8								m æ ²		
2130-8								p æ ⁴		
2245-8								d r o ⁴		
2269-8								m ɛ ²		
2280-8								s ɔ ³		
2291-8								s e n ⁵		
2316-8								ts j i ⁴		
2364-8								ts i ²		
2395-8								tʰ r æ ¹		
2406-8								tsʰ j æ n ¹		
2417-8								k o o		
2428-8								q a ŋ ¹		
2450-8								d o ŋ ¹		
2484-8								ɕ j i ⁴		
2495-8								g ɔ ¹		
2565-8								tɕ j ¹		
2611-8								j o ⁴ ⁴		
2632-8								ŋ a a ⁴		
2644-8								ŋ a ⁴ ⁴		
2674-8								m ø ²		
2698-8								s r ²		
2709-8								n ɛ ¹		
2720-8								ɖʐ r o ⁴		
2772-8								q a ⁴		
2791-8								tɕ j n ¹		
2837-8								ɖʐ r n ¹		
2859-8								s e n ¹		
2889-8								tɕ j ² ²		
2900-8								k ɔ ²		
2928-8								tsʰ u ŋ ¹		
2941-8								qʰ ɯ ¹		
2998-8								ts i ²		
3031-8								tʰ j ²		
3052-8								d ɯ ³		
3064-8								d o ¹		
3084-8								tʰ a ⁴ ⁴		
3117-8								ɖʐ i ⁴		
3128-8								ɣ æ ⁴		
3150-8								d ɛ ⁴		
3161-8								ʈ ɯ ²		
3172-8								ɖʐ r ²		
3263-8								j a ⁴		
3274-8								ɣ æ ⁴		
3308-8								qʰ e n ¹		
3340-8								ʈ o ⁴		
3362-8								ɖʐ r n ¹		
3409-8								m ɛ ²		
3454-8								q o ŋ ¹		
3493-8								s ɔ ⁴		
3536-8								s r ¹		
3548-8								p j o		
3645-8								s u ¹		
3678-8								tsʰ j i ⁴		
3757-8								l a ¹		
3779-8								k o o		
3813-8								χ e n ¹		
3835-8								ɕ e n ¹		
3855-8								b æ n ¹		
3885-8								sʰ w ɛ ⁴		
3907-8								pʰ æ ¹		
3942-8								ts i ²		
3953-8								tʰ r æ ¹		
4023-8								s j æ n ¹		
4034-8								d ɯ ¹		
4143-8								d r o ⁴		
4185-8								m a ⁴ ⁴		
4227-8								tsʰ r e ¹		
4238-8								d o o		
4249-8								q a ŋ ¹		
4271-8								ɖʐ i ⁴		
4304-8								ɖʐ r o ⁴		
4315-8								d o ŋ ²		
4336-8								d i ⁴		
4400-8								s a ŋ ¹		
4411-8								χ w n ¹		
4441-8								l a ¹		
4557-8								qʰ ɔ ¹		
4591-8								j j o ²		
4602-8								ɣ ɯ ³		
4687-8								χ w n ¹		
4720-8								q æ ¹		
4731-8								d ɛ ⁴ ⁴		
4763-8								d ɯ ¹		
4918-8								tsʰ ɯ ³		
4976-8								t ɯ ⁴		
4998-8								ɕ u i ²		
5037-8								d ɯ ⁴		
5048-8								ʈ r i ⁴		
5100-8								m o ¹		
5111-8								b æ ⁴		
5122-8								qʰ w a ⁴		
5163-8								tɕ j ¹		
5192-8								d r o ¹		
5225-8								n o ŋ		
5236-8								tʰ j ²		
64-8								pʰ æ n ³		
104-8								x w a ⁴		
247-8								b ɯ ¹		
289-8								s r ⁴ ⁴		
338-8								q w ɛ ⁴		
378-8								d ɯ ¹		
412-8								t w n		
621-8								ɣ w a ⁴		
632-8								n o ŋ ²		
645-8								b a ⁴		
742-8								k æ ⁴		
752-8								ŋ ɯ ¹		
763-8								tʰ r ŋ ¹		
799-8								ts o ⁴		
809-8								pʰ ɔ ³		
853-8								qʰ o ŋ ¹		
916-8								ts r ŋ ¹		
960-8								m ɛ ¹		
1001-8								k ɯ ¹		
1074-8								χ ɔ ¹		
1086-8								qʰ o ⁴		
1097-8								kʰ o ⁴ ⁴		
1130-8								pʰ æ ⁴		
1184-8								s r n ¹		
1230-8								qʰ w a ŋ ²		
1263-8								m ɯ ³		
1423-8								qʰ o ŋ ¹		
1433-8								m ɯ ¹		
1462-8								ŋ w e ²		
1545-8								ts i ²		
1629-8								p j ¹		
1682-8								ɕ r ŋ ¹		
1706-8								dʑ j a ⁴		
1925-8								ʈ i ²		
1991-8								d o ŋ ²		
2040-8								b o ŋ		
2107-8								x ɔ ⁴		
2118-8								b u ²		
32-9									m a ⁴²	
53-9									ʐ i ³⁵	
93-9									g ɯ ³⁵	
216-9									s w a ⁴²	
236-9									ts ʯ ŋ ³³	
267-9									tɕ i ²¹ ²¹	
316-9									p ɯ ³³	
327-9									ɣ ɯ ³³	
348-9									ʈʂ ʯ ⁴²	
400-9									z ɔ ³⁵	
452-9									q a ⁴²	
463-9									qʰ ɔ ⁴²	
512-9									d o ²¹	
534-9									ts u ⁴²	
556-9									qʰ ʯ ³³	
568-9									x ɯ ⁴²	
588-9									s w a ⁴²	
599-9									pʰ ɯ ⁵⁵	
656-9									g ɔ ³⁵	
678-9									g o ³⁵	
689-9									m a ²¹	
700-9									m e n	
775-9									b i e ²¹	
786-9									q ə˞ ⁵⁵	
820-9									d ʯ ²¹	
839-9									d j ɯ	
863-9									qʰ ɔ ³³	
896-9									q a ŋ ⁵⁵	
929-9									d j ɯ	
1015-9									ʂ ʯ ⁵⁵	
1035-9									ʈʂ ʯ ³³	
1107-9									ʂ a ⁴²	
1173-9									s i ³³	
1195-9									s i ³³	
1241-9									m e ³⁵	
1252-9									l o ŋ	
1294-9									q a ŋ	
1326-9									ts ɥ ³³ ³³	
1348-9									ʑ i ²¹	
1401-9									s e n ²¹	
1451-9									ʂ i ³³	
1473-9									t w e ³³	
1507-9									tɕʰ i ⁵⁵	
1532-9									q ɯ ⁵⁵	
1543-9									s j ³³	
1575-9									ʂ e ⁵⁵ ⁵⁵	
1618-9									b ɯ ³⁵	
1640-9									k ɔ ⁴²	
1671-9									s i ⁴²	
1731-9									s o ŋ ⁵⁵	
1762-9									s w a ŋ	
1773-9									t j ⁴²	
1794-9									k o ŋ ⁵⁵	
1805-9									ʐ i ²¹	
1816-9									s ʯ ³³	
1862-9									tɕ i ⁵⁵	
1885-9									qʰ a ⁴²	
1914-9									s j ³³	
1936-9									p ɯ ³³	
1969-9									ʂ e ⁵⁵ ⁵⁵	
2018-9									ts ʯ ŋ ³⁵	
2029-9									q a ŋ	
2051-9									ʈʂ ʯ ³⁵	
2074-9									q ɔ ⁴²	
2085-9									m a ³³	
2130-9									p a ⁴²	
2245-9									d i u ⁴²	
2269-9									m ɛ ³³	
2280-9									s ɔ ²¹	
2291-9									ʂ e n ²¹	
2316-9									tɕ i ⁴²	
2364-9									ʐ i ³³	
2395-9									tʰ a ŋ ⁵⁵	
2406-9									tɕʰ j a ŋ	
2417-9									k ʯ ²¹	
2428-9									q a ŋ	
2450-9									d ʯ ŋ	
2484-9									ɕ i ⁴²	
2495-9									g ɔ ³⁵	
2565-9									t i ⁵⁵	
2611-9									j u ⁴²	
2632-9									w o ŋ ⁴²	
2644-9									w o ŋ	
2674-9									m o ³³	
2698-9									s ʯ ³³	
2709-9									n e ⁴²	
2720-9									ʐ y ⁴²	
2772-9									q a ⁴²	
2791-9									tɕ a ŋ ⁵⁵	
2837-9									ʈʂ ə̃˞ ⁵⁵	
2859-9									ʂ e ⁵⁵ ⁵⁵	
2889-9									tɕ j ɯ ³³	
2900-9									k ʯ ³³	
2928-9									tsʰ o ŋ ⁵⁵	
2941-9									kʰ ɯ ⁵⁵	
2998-9									ʐ i ³³	
3031-9									tʰ i ³³ ³³	
3052-9									d ɯ ²¹	
3064-9									d ɔ ³⁵	
3084-9									tʰ j ⁴²	
3117-9									ʐ i ⁴²	
3128-9									ʁ a ⁴²	
3150-9									d e ⁴²	
3161-9									d j ɯ	
3172-9									ʐ i ³³	
3263-9									j ɔ ⁴²	
3274-9									ʁ a ²¹	
3308-9									qʰ e ⁵⁵	
3340-9									t u ⁴²	
3362-9									ʈʂ ə̃˞ ⁵⁵	
3409-9									m i ³³	
3454-9									q ʯ ŋ	
3493-9									s ɔ ⁴²	
3536-9									s o ⁵⁵ ⁵⁵	
3548-9									f ə˞ ²¹	
3645-9									s ʯ ⁵⁵	
3678-9									tɕʰ i ⁴²	
3757-9									l ɔ ³⁵	
3779-9									k ʯ ²¹	
3813-9									x i ⁵⁵	
3835-9									ʂ e ⁵⁵	
3855-9									b a ŋ	
3885-9									s w e ⁴²	
3907-9									pʰ a ⁵⁵	
3942-9									ts i ³³	
3953-9									tʰ a ŋ ⁵⁵	
4023-9									ɕ j a ŋ	
4034-9									d j ɯ	
4143-9									d i u ⁴²	
4185-9									m o ⁴²	
4227-9									tɕʰ ə̃˞ ⁵⁵	
4238-9									d i ³⁵	
4249-9									q a ŋ	
4271-9									ʐ i ⁴²	
4304-9									ʐ y ⁴²	
4315-9									d ʯ ŋ	
4336-9									d ə˞ ⁴²	
4400-9									s ɔ ŋ	
4411-9									x a ⁵⁵	
4441-9									l ɔ ³⁵	
4557-9									kʰ o ⁵⁵	
4591-9									j ʯ ŋ ³³	
4602-9									ɣ ɯ ²¹	
4687-9									x a ⁵⁵	
4720-9									q a ⁵⁵	
4731-9									d j ⁴²	
4763-9									d j ɯ	
4918-9									tɕʰ i ²¹	
4976-9									t j ⁴²	
4998-9									ɕ ɥ i ³³	
5037-9									d e ⁴²	
5048-9									t j ⁴²	
5100-9									m o ³⁵	
5111-9									b a ⁴²	
5122-9									qʰ w o ⁴²	
5163-9									tɕ i ⁵⁵	
5192-9									tɕ ʯ ŋ	
5225-9									n o ²¹	
5236-9									tʰ i ³³	
64-9									pʰ a ŋ ²¹	
104-9									x w o ⁴²	
289-9									ʂ i ⁴²	
338-9									q w e ⁴²	
378-9									d j ɯ ²¹	
412-9									t a ⁵⁵	
632-9									n o ŋ ³³	
645-9									b a ⁴²	
752-9									ŋ ɯ ³⁵	
763-9									tʰ ʯ ŋ ⁵⁵	
799-9									ts u ⁴²	
809-9									pʰ o ²¹	
853-9									kʰ o ⁵⁵	
916-9									t ʯ ŋ ⁵⁵	
960-9									m e ⁵⁵	
1001-9									k ɯ̃ ⁵⁵	
1074-9									x ɔ ⁵⁵	
1086-9									qʰ ɔ ⁴²	
1097-9									kʰ o ⁴²	
1130-9									pʰ a ⁴²	
1184-9									ʂ ə̃˞ ⁵⁵	
1230-9									qʰ w o ŋ ³³	
1263-9									m ɯ ³³	
1423-9									kʰ o ŋ ⁵⁵	
1433-9									m ɯ ³⁵	
1462-9									w e ³³ ³³	
1545-9									ʐ i ³³	
1629-9									f ə˞ ⁵⁵	
1682-9									ɕ ʯ ŋ ⁵⁵	
1991-9									d ʯ ŋ ³³	
2040-9									b o ³³	
2107-9									x ɔ ²¹	
2118-9									b ɯ ³³	
32-10										m ɛ ⁴⁴
53-10										ts i ²¹
93-10										k ɯ ²¹
216-10										s w a ⁴⁴
236-10										ts ʯ ³³
267-10										tɕ i e
316-10										p ɯ ³³
327-10										ɣ ɯ ³³
348-10										ts ʯ ⁴⁴
400-10										j o ²¹
452-10										k ɛ ⁴⁴
463-10										kʰ a ⁴⁴
512-10										t ou ³¹
534-10										ts ou ⁴⁴
556-10										kʰ u ³³
568-10										x ɯ ⁴⁴
588-10										s w a ⁴⁴
599-10										pʰ u ⁵⁵
656-10										k ʯ ²¹
678-10										k ʯ ²¹
689-10										m ɛ ⁴²
700-10										m e ⁴²
775-10										p e e ³¹
786-10										k e ³⁵
820-10										ts ou ³¹
839-10										t ɯ ²¹
863-10										kʰ o ³³
896-10										k ɛ ⁵⁵
929-10										ts ɯ ³¹
1015-10										s u ³⁵
1035-10										ts ʯ ³³
1107-10										s ɛ ⁴⁴
1173-10										s i ³³
1195-10										s i ³³
1241-10										m e ²¹
1252-10										l a ²¹
1294-10										k a ³⁵
1326-10										ts u ³³
1348-10										tɕ i ³¹
1401-10										s e ⁴²
1451-10										s i ³³
1473-10										t w e ³³
1507-10										tɕʰ i ⁵⁵
1532-10										k ɯ ³⁵
1543-10										s ɯ ³³
1575-10										s e ³⁵
1618-10										p ɯ ²¹
1640-10										k o ⁴⁴
1671-10										s i ⁴⁴
1731-10										s ou ³⁵
1762-10										s w a ³¹
1773-10										t ɯ ⁴⁴
1794-10										k ou ³⁵
1805-10										tɕ i ³¹
1816-10										s o ³³
1862-10										ts i ⁵⁵
1885-10										k ɛ ⁴⁴
1914-10										s ɯ ³³
1936-10										p ɯ ³³
1969-10										s e ³⁵
2018-10										ts ou ²¹
2029-10										k a ³⁵
2051-10										ts ʯ ²¹
2074-10										k o ⁴⁴
2085-10										m ɛ ³³
2130-10										p ɛ ⁴⁴
2245-10										ts ou ⁴²
2269-10										m e ³³
2280-10										s o ³¹
2291-10										s e ⁴²
2316-10										tɕ i ⁵⁵
2364-10										ts i ³³
2395-10										tsʰ ɛ ⁵⁵
2406-10										tɕʰ j ɛ ⁵⁵
2417-10										k ʯ ⁴²
2428-10										k a ³⁵
2450-10										ts ou ²¹
2484-10										ɕ i ⁴⁴
2495-10										k o ²¹
2565-10										ts i ⁵⁵
2611-10										j o ⁴⁴
2632-10										w a a ⁴⁴
2644-10										w a ⁵⁵
2674-10										m o ³³
2698-10										s ʯ ³³
2709-10										n e ²¹
2720-10										ts ʯ ⁴²
2772-10										k ɛ ⁴⁴
2791-10										tɕ j ³⁵
2837-10										ts i ³⁵
2859-10										s e ³⁵
2889-10										tɕ i ³³
2900-10										k u ³³
2928-10										tsʰ ou ⁵⁵
2941-10										kʰ u ⁵⁵
2998-10										ts i ³³
3031-10										tʰ u ³³
3052-10										t ɯ ³¹
3064-10										t o ²¹
3084-10										tʰ ɛ ⁴⁴
3117-10										ts i ⁴²
3128-10										k ɛ ⁴²
3150-10										t e ⁴²
3161-10										ts ɯ ³³
3172-10										ts i ³³
3263-10										j a ⁴⁴
3274-10										k ɛ ⁴²
3308-10										w e ⁵⁵
3340-10										ts ou ⁴⁴
3362-10										ts ɛ ³⁵
3409-10										m i ³³
3454-10										k ou ³⁵
3493-10										s o ⁴⁴
3536-10										s j ⁵⁵
3548-10										f ʯ ⁴²
3645-10										s u ³⁵
3678-10										tɕʰ i ⁵⁵
3757-10										l o ²¹
3779-10										k ʯ ⁴²
3813-10										x e ³⁵
3835-10										s i ³⁵
3855-10										p ɛ ²¹
3885-10										s w e ⁴⁴
3907-10										pʰ ɛ ⁵⁵
3942-10										ts i ³³
3953-10										tsʰ ɛ ³⁵
4023-10										ɕ j ɛ ⁵⁵
4034-10										ts ɯ ⁵⁵
4143-10										ts ou ⁴²
4185-10										m a ⁴⁴
4227-10										tɕʰ i ³⁵
4238-10										ts ou ²¹
4249-10										k a ³⁵
4271-10										ts i ⁴²
4304-10										ts ʯ ⁴²
4315-10										t ou ³³
4336-10										t ɯ ⁴²
4400-10										s a ³⁵
4411-10										x e ³⁵
4441-10										l o ²¹
4557-10										k o ⁵⁵
4591-10										j j ³³ ³³
4602-10										ɣ ɯ
4687-10										x e ³⁵
4720-10										k ɛ ⁵⁵
4731-10										t ɯ ⁴²
4763-10										ts ɯ ³¹
4918-10										tsʰ i ³¹
4976-10										t ɯ ⁴⁴
4998-10										s ɯ i ³³
5037-10										t ɯ ⁴²
5048-10										ts ɯ ⁵⁵
5100-10										m o ²¹
5111-10										p ɛ ⁴²
5122-10										kʰ w a ⁴⁴
5163-10										tɕ i ³⁵
5192-10										ts ʯ ²¹
5225-10										n o ³¹
5236-10										tʰ e ³³
64-10										pʰ ɛ ²¹
104-10										x w a ⁴⁴
247-10										p ɯ ²¹
289-10										s i ⁵⁵
378-10										ts ɯ ³¹
412-10										t ɛ ⁵⁵
621-10										k w a ⁴⁴
645-10										p a ⁴²
742-10										k ɛ ⁴⁴
752-10										ŋ ɯ ²¹
763-10										tsʰ ou ⁵⁵
799-10										ts ou ⁴²
809-10										p o ³¹
853-10										kʰ ou ⁵⁵
916-10										ts ou ⁵⁵
960-10										m i ³⁵
1001-10										k ɯ ⁵⁵
1074-10										x a ³⁵
1086-10										kʰ o ⁴⁴
1097-10										kʰ ʯ ⁵⁵
1130-10										pʰ ɛ ⁴⁴
1184-10										s i ³⁵
1230-10										kʰ w a ³³
1263-10										m ɯ ³¹
1433-10										m ɯ ²¹
1462-10										w ɛ ³³ ³³
1545-10										ts i ³³
1629-10										f ʯ ⁵⁵
1682-10										ɕ j ³⁵ ³⁵
1706-10										tɕ j a
1925-10										ts ɯ ³³
1991-10										ts ou ³³
2040-10										p o ³³
